# Archivo OBJ generado con múltiples cubos

v 3068.0 4599.0 3108
v 3078.0 4599.0 3108
v 3078.0 4609.0 3108
v 3068.0 4609.0 3108
v 3068.0 4599.0 3179
v 3078.0 4599.0 3179
v 3078.0 4609.0 3179
v 3068.0 4609.0 3179
f 1 2 3 4
f 5 8 7 6
f 1 5 6 2
f 2 6 7 3
f 3 7 8 4
f 4 8 5 1
v 2665.0 469.0 1441
v 2675.0 469.0 1441
v 2675.0 479.0 1441
v 2665.0 479.0 1441
v 2665.0 469.0 1497
v 2675.0 469.0 1497
v 2675.0 479.0 1497
v 2665.0 479.0 1497
f 9 10 11 12
f 13 16 15 14
f 9 13 14 10
f 10 14 15 11
f 11 15 16 12
f 12 16 13 9
v 2398.0 1890.0 2999
v 2408.0 1890.0 2999
v 2408.0 1900.0 2999
v 2398.0 1900.0 2999
v 2398.0 1890.0 3094
v 2408.0 1890.0 3094
v 2408.0 1900.0 3094
v 2398.0 1900.0 3094
f 17 18 19 20
f 21 24 23 22
f 17 21 22 18
f 18 22 23 19
f 19 23 24 20
f 20 24 21 17
v 697.0 1988.0 3883
v 707.0 1988.0 3883
v 707.0 1998.0 3883
v 697.0 1998.0 3883
v 697.0 1988.0 3980
v 707.0 1988.0 3980
v 707.0 1998.0 3980
v 697.0 1998.0 3980
f 25 26 27 28
f 29 32 31 30
f 25 29 30 26
f 26 30 31 27
f 27 31 32 28
f 28 32 29 25
v 1819.0 43.0 4655
v 1829.0 43.0 4655
v 1829.0 53.0 4655
v 1819.0 53.0 4655
v 1819.0 43.0 4746
v 1829.0 43.0 4746
v 1829.0 53.0 4746
v 1819.0 53.0 4746
f 33 34 35 36
f 37 40 39 38
f 33 37 38 34
f 34 38 39 35
f 35 39 40 36
f 36 40 37 33
v 3537.0 1350.0 4669
v 3547.0 1350.0 4669
v 3547.0 1360.0 4669
v 3537.0 1360.0 4669
v 3537.0 1350.0 4723
v 3547.0 1350.0 4723
v 3547.0 1360.0 4723
v 3537.0 1360.0 4723
f 41 42 43 44
f 45 48 47 46
f 41 45 46 42
f 42 46 47 43
f 43 47 48 44
f 44 48 45 41
v 3720.0 2354.0 1967
v 3730.0 2354.0 1967
v 3730.0 2364.0 1967
v 3720.0 2364.0 1967
v 3720.0 2354.0 2022
v 3730.0 2354.0 2022
v 3730.0 2364.0 2022
v 3720.0 2364.0 2022
f 49 50 51 52
f 53 56 55 54
f 49 53 54 50
f 50 54 55 51
f 51 55 56 52
f 52 56 53 49
v 1015.0 2512.0 4417
v 1025.0 2512.0 4417
v 1025.0 2522.0 4417
v 1015.0 2522.0 4417
v 1015.0 2512.0 4492
v 1025.0 2512.0 4492
v 1025.0 2522.0 4492
v 1015.0 2522.0 4492
f 57 58 59 60
f 61 64 63 62
f 57 61 62 58
f 58 62 63 59
f 59 63 64 60
f 60 64 61 57
v 3663.0 2388.0 4724
v 3673.0 2388.0 4724
v 3673.0 2398.0 4724
v 3663.0 2398.0 4724
v 3663.0 2388.0 4744
v 3673.0 2388.0 4744
v 3673.0 2398.0 4744
v 3663.0 2398.0 4744
f 65 66 67 68
f 69 72 71 70
f 65 69 70 66
f 66 70 71 67
f 67 71 72 68
f 68 72 69 65
v 4360.0 1007.0 1809
v 4370.0 1007.0 1809
v 4370.0 1017.0 1809
v 4360.0 1017.0 1809
v 4360.0 1007.0 1869
v 4370.0 1007.0 1869
v 4370.0 1017.0 1869
v 4360.0 1017.0 1869
f 73 74 75 76
f 77 80 79 78
f 73 77 78 74
f 74 78 79 75
f 75 79 80 76
f 76 80 77 73
v 245.0 2059.0 1914
v 255.0 2059.0 1914
v 255.0 2069.0 1914
v 245.0 2069.0 1914
v 245.0 2059.0 1987
v 255.0 2059.0 1987
v 255.0 2069.0 1987
v 245.0 2069.0 1987
f 81 82 83 84
f 85 88 87 86
f 81 85 86 82
f 82 86 87 83
f 83 87 88 84
f 84 88 85 81
v 1182.0 3134.0 2707
v 1192.0 3134.0 2707
v 1192.0 3144.0 2707
v 1182.0 3144.0 2707
v 1182.0 3134.0 2769
v 1192.0 3134.0 2769
v 1192.0 3144.0 2769
v 1182.0 3144.0 2769
f 89 90 91 92
f 93 96 95 94
f 89 93 94 90
f 90 94 95 91
f 91 95 96 92
f 92 96 93 89
v 386.0 3661.0 1043
v 396.0 3661.0 1043
v 396.0 3671.0 1043
v 386.0 3671.0 1043
v 386.0 3661.0 1074
v 396.0 3661.0 1074
v 396.0 3671.0 1074
v 386.0 3671.0 1074
f 97 98 99 100
f 101 104 103 102
f 97 101 102 98
f 98 102 103 99
f 99 103 104 100
f 100 104 101 97
v 1813.0 1780.0 2867
v 1823.0 1780.0 2867
v 1823.0 1790.0 2867
v 1813.0 1790.0 2867
v 1813.0 1780.0 2885
v 1823.0 1780.0 2885
v 1823.0 1790.0 2885
v 1813.0 1790.0 2885
f 105 106 107 108
f 109 112 111 110
f 105 109 110 106
f 106 110 111 107
f 107 111 112 108
f 108 112 109 105
v 1842.0 3940.0 136
v 1852.0 3940.0 136
v 1852.0 3950.0 136
v 1842.0 3950.0 136
v 1842.0 3940.0 211
v 1852.0 3940.0 211
v 1852.0 3950.0 211
v 1842.0 3950.0 211
f 113 114 115 116
f 117 120 119 118
f 113 117 118 114
f 114 118 119 115
f 115 119 120 116
f 116 120 117 113
v 2143.0 392.0 1381
v 2153.0 392.0 1381
v 2153.0 402.0 1381
v 2143.0 402.0 1381
v 2143.0 392.0 1439
v 2153.0 392.0 1439
v 2153.0 402.0 1439
v 2143.0 402.0 1439
f 121 122 123 124
f 125 128 127 126
f 121 125 126 122
f 122 126 127 123
f 123 127 128 124
f 124 128 125 121
v 1524.0 3061.0 1346
v 1534.0 3061.0 1346
v 1534.0 3071.0 1346
v 1524.0 3071.0 1346
v 1524.0 3061.0 1443
v 1534.0 3061.0 1443
v 1534.0 3071.0 1443
v 1524.0 3071.0 1443
f 129 130 131 132
f 133 136 135 134
f 129 133 134 130
f 130 134 135 131
f 131 135 136 132
f 132 136 133 129
v 1985.0 2097.0 2188
v 1995.0 2097.0 2188
v 1995.0 2107.0 2188
v 1985.0 2107.0 2188
v 1985.0 2097.0 2198
v 1995.0 2097.0 2198
v 1995.0 2107.0 2198
v 1985.0 2107.0 2198
f 137 138 139 140
f 141 144 143 142
f 137 141 142 138
f 138 142 143 139
f 139 143 144 140
f 140 144 141 137
v 3141.0 579.0 2496
v 3151.0 579.0 2496
v 3151.0 589.0 2496
v 3141.0 589.0 2496
v 3141.0 579.0 2534
v 3151.0 579.0 2534
v 3151.0 589.0 2534
v 3141.0 589.0 2534
f 145 146 147 148
f 149 152 151 150
f 145 149 150 146
f 146 150 151 147
f 147 151 152 148
f 148 152 149 145
v 4.0 1152.0 4162
v 14.0 1152.0 4162
v 14.0 1162.0 4162
v 4.0 1162.0 4162
v 4.0 1152.0 4218
v 14.0 1152.0 4218
v 14.0 1162.0 4218
v 4.0 1162.0 4218
f 153 154 155 156
f 157 160 159 158
f 153 157 158 154
f 154 158 159 155
f 155 159 160 156
f 156 160 157 153
v 4445.0 1808.0 288
v 4455.0 1808.0 288
v 4455.0 1818.0 288
v 4445.0 1818.0 288
v 4445.0 1808.0 349
v 4455.0 1808.0 349
v 4455.0 1818.0 349
v 4445.0 1818.0 349
f 161 162 163 164
f 165 168 167 166
f 161 165 166 162
f 162 166 167 163
f 163 167 168 164
f 164 168 165 161
v 2992.0 3222.0 2277
v 3002.0 3222.0 2277
v 3002.0 3232.0 2277
v 2992.0 3232.0 2277
v 2992.0 3222.0 2333
v 3002.0 3222.0 2333
v 3002.0 3232.0 2333
v 2992.0 3232.0 2333
f 169 170 171 172
f 173 176 175 174
f 169 173 174 170
f 170 174 175 171
f 171 175 176 172
f 172 176 173 169
v 4904.0 2474.0 3625
v 4914.0 2474.0 3625
v 4914.0 2484.0 3625
v 4904.0 2484.0 3625
v 4904.0 2474.0 3703
v 4914.0 2474.0 3703
v 4914.0 2484.0 3703
v 4904.0 2484.0 3703
f 177 178 179 180
f 181 184 183 182
f 177 181 182 178
f 178 182 183 179
f 179 183 184 180
f 180 184 181 177
v 1354.0 1692.0 3695
v 1364.0 1692.0 3695
v 1364.0 1702.0 3695
v 1354.0 1702.0 3695
v 1354.0 1692.0 3743
v 1364.0 1692.0 3743
v 1364.0 1702.0 3743
v 1354.0 1702.0 3743
f 185 186 187 188
f 189 192 191 190
f 185 189 190 186
f 186 190 191 187
f 187 191 192 188
f 188 192 189 185
v 4515.0 2523.0 1366
v 4525.0 2523.0 1366
v 4525.0 2533.0 1366
v 4515.0 2533.0 1366
v 4515.0 2523.0 1402
v 4525.0 2523.0 1402
v 4525.0 2533.0 1402
v 4515.0 2533.0 1402
f 193 194 195 196
f 197 200 199 198
f 193 197 198 194
f 194 198 199 195
f 195 199 200 196
f 196 200 197 193
v 4421.0 642.0 784
v 4431.0 642.0 784
v 4431.0 652.0 784
v 4421.0 652.0 784
v 4421.0 642.0 816
v 4431.0 642.0 816
v 4431.0 652.0 816
v 4421.0 652.0 816
f 201 202 203 204
f 205 208 207 206
f 201 205 206 202
f 202 206 207 203
f 203 207 208 204
f 204 208 205 201
v 1160.0 4343.0 3600
v 1170.0 4343.0 3600
v 1170.0 4353.0 3600
v 1160.0 4353.0 3600
v 1160.0 4343.0 3654
v 1170.0 4343.0 3654
v 1170.0 4353.0 3654
v 1160.0 4353.0 3654
f 209 210 211 212
f 213 216 215 214
f 209 213 214 210
f 210 214 215 211
f 211 215 216 212
f 212 216 213 209
v 1688.0 3575.0 3539
v 1698.0 3575.0 3539
v 1698.0 3585.0 3539
v 1688.0 3585.0 3539
v 1688.0 3575.0 3634
v 1698.0 3575.0 3634
v 1698.0 3585.0 3634
v 1688.0 3585.0 3634
f 217 218 219 220
f 221 224 223 222
f 217 221 222 218
f 218 222 223 219
f 219 223 224 220
f 220 224 221 217
v 2770.0 103.0 3768
v 2780.0 103.0 3768
v 2780.0 113.0 3768
v 2770.0 113.0 3768
v 2770.0 103.0 3774
v 2780.0 103.0 3774
v 2780.0 113.0 3774
v 2770.0 113.0 3774
f 225 226 227 228
f 229 232 231 230
f 225 229 230 226
f 226 230 231 227
f 227 231 232 228
f 228 232 229 225
v 2727.0 4517.0 1629
v 2737.0 4517.0 1629
v 2737.0 4527.0 1629
v 2727.0 4527.0 1629
v 2727.0 4517.0 1662
v 2737.0 4517.0 1662
v 2737.0 4527.0 1662
v 2727.0 4527.0 1662
f 233 234 235 236
f 237 240 239 238
f 233 237 238 234
f 234 238 239 235
f 235 239 240 236
f 236 240 237 233
v 3470.0 4194.0 2062
v 3480.0 4194.0 2062
v 3480.0 4204.0 2062
v 3470.0 4204.0 2062
v 3470.0 4194.0 2085
v 3480.0 4194.0 2085
v 3480.0 4204.0 2085
v 3470.0 4204.0 2085
f 241 242 243 244
f 245 248 247 246
f 241 245 246 242
f 242 246 247 243
f 243 247 248 244
f 244 248 245 241
v 3941.0 2777.0 444
v 3951.0 2777.0 444
v 3951.0 2787.0 444
v 3941.0 2787.0 444
v 3941.0 2777.0 536
v 3951.0 2777.0 536
v 3951.0 2787.0 536
v 3941.0 2787.0 536
f 249 250 251 252
f 253 256 255 254
f 249 253 254 250
f 250 254 255 251
f 251 255 256 252
f 252 256 253 249
v 3348.0 383.0 1881
v 3358.0 383.0 1881
v 3358.0 393.0 1881
v 3348.0 393.0 1881
v 3348.0 383.0 1981
v 3358.0 383.0 1981
v 3358.0 393.0 1981
v 3348.0 393.0 1981
f 257 258 259 260
f 261 264 263 262
f 257 261 262 258
f 258 262 263 259
f 259 263 264 260
f 260 264 261 257
v 439.0 2470.0 981
v 449.0 2470.0 981
v 449.0 2480.0 981
v 439.0 2480.0 981
v 439.0 2470.0 1079
v 449.0 2470.0 1079
v 449.0 2480.0 1079
v 439.0 2480.0 1079
f 265 266 267 268
f 269 272 271 270
f 265 269 270 266
f 266 270 271 267
f 267 271 272 268
f 268 272 269 265
v 986.0 2574.0 946
v 996.0 2574.0 946
v 996.0 2584.0 946
v 986.0 2584.0 946
v 986.0 2574.0 1003
v 996.0 2574.0 1003
v 996.0 2584.0 1003
v 986.0 2584.0 1003
f 273 274 275 276
f 277 280 279 278
f 273 277 278 274
f 274 278 279 275
f 275 279 280 276
f 276 280 277 273
v 3819.0 2118.0 1362
v 3829.0 2118.0 1362
v 3829.0 2128.0 1362
v 3819.0 2128.0 1362
v 3819.0 2118.0 1416
v 3829.0 2118.0 1416
v 3829.0 2128.0 1416
v 3819.0 2128.0 1416
f 281 282 283 284
f 285 288 287 286
f 281 285 286 282
f 282 286 287 283
f 283 287 288 284
f 284 288 285 281
v 4349.0 129.0 4384
v 4359.0 129.0 4384
v 4359.0 139.0 4384
v 4349.0 139.0 4384
v 4349.0 129.0 4415
v 4359.0 129.0 4415
v 4359.0 139.0 4415
v 4349.0 139.0 4415
f 289 290 291 292
f 293 296 295 294
f 289 293 294 290
f 290 294 295 291
f 291 295 296 292
f 292 296 293 289
v 2213.0 3064.0 571
v 2223.0 3064.0 571
v 2223.0 3074.0 571
v 2213.0 3074.0 571
v 2213.0 3064.0 658
v 2223.0 3064.0 658
v 2223.0 3074.0 658
v 2213.0 3074.0 658
f 297 298 299 300
f 301 304 303 302
f 297 301 302 298
f 298 302 303 299
f 299 303 304 300
f 300 304 301 297
v 4125.0 1248.0 4415
v 4135.0 1248.0 4415
v 4135.0 1258.0 4415
v 4125.0 1258.0 4415
v 4125.0 1248.0 4421
v 4135.0 1248.0 4421
v 4135.0 1258.0 4421
v 4125.0 1258.0 4421
f 305 306 307 308
f 309 312 311 310
f 305 309 310 306
f 306 310 311 307
f 307 311 312 308
f 308 312 309 305
v 3917.0 3545.0 139
v 3927.0 3545.0 139
v 3927.0 3555.0 139
v 3917.0 3555.0 139
v 3917.0 3545.0 165
v 3927.0 3545.0 165
v 3927.0 3555.0 165
v 3917.0 3555.0 165
f 313 314 315 316
f 317 320 319 318
f 313 317 318 314
f 314 318 319 315
f 315 319 320 316
f 316 320 317 313
v 3647.0 1202.0 1594
v 3657.0 1202.0 1594
v 3657.0 1212.0 1594
v 3647.0 1212.0 1594
v 3647.0 1202.0 1679
v 3657.0 1202.0 1679
v 3657.0 1212.0 1679
v 3647.0 1212.0 1679
f 321 322 323 324
f 325 328 327 326
f 321 325 326 322
f 322 326 327 323
f 323 327 328 324
f 324 328 325 321
v 2124.0 1259.0 4042
v 2134.0 1259.0 4042
v 2134.0 1269.0 4042
v 2124.0 1269.0 4042
v 2124.0 1259.0 4074
v 2134.0 1259.0 4074
v 2134.0 1269.0 4074
v 2124.0 1269.0 4074
f 329 330 331 332
f 333 336 335 334
f 329 333 334 330
f 330 334 335 331
f 331 335 336 332
f 332 336 333 329
v 3967.0 1610.0 486
v 3977.0 1610.0 486
v 3977.0 1620.0 486
v 3967.0 1620.0 486
v 3967.0 1610.0 532
v 3977.0 1610.0 532
v 3977.0 1620.0 532
v 3967.0 1620.0 532
f 337 338 339 340
f 341 344 343 342
f 337 341 342 338
f 338 342 343 339
f 339 343 344 340
f 340 344 341 337
v 3645.0 4743.0 983
v 3655.0 4743.0 983
v 3655.0 4753.0 983
v 3645.0 4753.0 983
v 3645.0 4743.0 1073
v 3655.0 4743.0 1073
v 3655.0 4753.0 1073
v 3645.0 4753.0 1073
f 345 346 347 348
f 349 352 351 350
f 345 349 350 346
f 346 350 351 347
f 347 351 352 348
f 348 352 349 345
v 4042.0 3013.0 3187
v 4052.0 3013.0 3187
v 4052.0 3023.0 3187
v 4042.0 3023.0 3187
v 4042.0 3013.0 3232
v 4052.0 3013.0 3232
v 4052.0 3023.0 3232
v 4042.0 3023.0 3232
f 353 354 355 356
f 357 360 359 358
f 353 357 358 354
f 354 358 359 355
f 355 359 360 356
f 356 360 357 353
v 3842.0 2568.0 3140
v 3852.0 2568.0 3140
v 3852.0 2578.0 3140
v 3842.0 2578.0 3140
v 3842.0 2568.0 3173
v 3852.0 2568.0 3173
v 3852.0 2578.0 3173
v 3842.0 2578.0 3173
f 361 362 363 364
f 365 368 367 366
f 361 365 366 362
f 362 366 367 363
f 363 367 368 364
f 364 368 365 361
v 1157.0 4062.0 747
v 1167.0 4062.0 747
v 1167.0 4072.0 747
v 1157.0 4072.0 747
v 1157.0 4062.0 825
v 1167.0 4062.0 825
v 1167.0 4072.0 825
v 1157.0 4072.0 825
f 369 370 371 372
f 373 376 375 374
f 369 373 374 370
f 370 374 375 371
f 371 375 376 372
f 372 376 373 369
v 3505.0 2303.0 4385
v 3515.0 2303.0 4385
v 3515.0 2313.0 4385
v 3505.0 2313.0 4385
v 3505.0 2303.0 4463
v 3515.0 2303.0 4463
v 3515.0 2313.0 4463
v 3505.0 2313.0 4463
f 377 378 379 380
f 381 384 383 382
f 377 381 382 378
f 378 382 383 379
f 379 383 384 380
f 380 384 381 377
v 4821.0 1170.0 26
v 4831.0 1170.0 26
v 4831.0 1180.0 26
v 4821.0 1180.0 26
v 4821.0 1170.0 41
v 4831.0 1170.0 41
v 4831.0 1180.0 41
v 4821.0 1180.0 41
f 385 386 387 388
f 389 392 391 390
f 385 389 390 386
f 386 390 391 387
f 387 391 392 388
f 388 392 389 385
v 2800.0 2621.0 1482
v 2810.0 2621.0 1482
v 2810.0 2631.0 1482
v 2800.0 2631.0 1482
v 2800.0 2621.0 1490
v 2810.0 2621.0 1490
v 2810.0 2631.0 1490
v 2800.0 2631.0 1490
f 393 394 395 396
f 397 400 399 398
f 393 397 398 394
f 394 398 399 395
f 395 399 400 396
f 396 400 397 393
v 2845.0 1065.0 1852
v 2855.0 1065.0 1852
v 2855.0 1075.0 1852
v 2845.0 1075.0 1852
v 2845.0 1065.0 1889
v 2855.0 1065.0 1889
v 2855.0 1075.0 1889
v 2845.0 1075.0 1889
f 401 402 403 404
f 405 408 407 406
f 401 405 406 402
f 402 406 407 403
f 403 407 408 404
f 404 408 405 401
v 2076.0 728.0 623
v 2086.0 728.0 623
v 2086.0 738.0 623
v 2076.0 738.0 623
v 2076.0 728.0 633
v 2086.0 728.0 633
v 2086.0 738.0 633
v 2076.0 738.0 633
f 409 410 411 412
f 413 416 415 414
f 409 413 414 410
f 410 414 415 411
f 411 415 416 412
f 412 416 413 409
v 1833.0 569.0 623
v 1843.0 569.0 623
v 1843.0 579.0 623
v 1833.0 579.0 623
v 1833.0 569.0 664
v 1843.0 569.0 664
v 1843.0 579.0 664
v 1833.0 579.0 664
f 417 418 419 420
f 421 424 423 422
f 417 421 422 418
f 418 422 423 419
f 419 423 424 420
f 420 424 421 417
v 270.0 1320.0 3385
v 280.0 1320.0 3385
v 280.0 1330.0 3385
v 270.0 1330.0 3385
v 270.0 1320.0 3395
v 280.0 1320.0 3395
v 280.0 1330.0 3395
v 270.0 1330.0 3395
f 425 426 427 428
f 429 432 431 430
f 425 429 430 426
f 426 430 431 427
f 427 431 432 428
f 428 432 429 425
v 809.0 370.0 1566
v 819.0 370.0 1566
v 819.0 380.0 1566
v 809.0 380.0 1566
v 809.0 370.0 1600
v 819.0 370.0 1600
v 819.0 380.0 1600
v 809.0 380.0 1600
f 433 434 435 436
f 437 440 439 438
f 433 437 438 434
f 434 438 439 435
f 435 439 440 436
f 436 440 437 433
v 3370.0 2138.0 3089
v 3380.0 2138.0 3089
v 3380.0 2148.0 3089
v 3370.0 2148.0 3089
v 3370.0 2138.0 3150
v 3380.0 2138.0 3150
v 3380.0 2148.0 3150
v 3370.0 2148.0 3150
f 441 442 443 444
f 445 448 447 446
f 441 445 446 442
f 442 446 447 443
f 443 447 448 444
f 444 448 445 441
v 2958.0 2986.0 1524
v 2968.0 2986.0 1524
v 2968.0 2996.0 1524
v 2958.0 2996.0 1524
v 2958.0 2986.0 1584
v 2968.0 2986.0 1584
v 2968.0 2996.0 1584
v 2958.0 2996.0 1584
f 449 450 451 452
f 453 456 455 454
f 449 453 454 450
f 450 454 455 451
f 451 455 456 452
f 452 456 453 449
v 3308.0 3883.0 3601
v 3318.0 3883.0 3601
v 3318.0 3893.0 3601
v 3308.0 3893.0 3601
v 3308.0 3883.0 3664
v 3318.0 3883.0 3664
v 3318.0 3893.0 3664
v 3308.0 3893.0 3664
f 457 458 459 460
f 461 464 463 462
f 457 461 462 458
f 458 462 463 459
f 459 463 464 460
f 460 464 461 457
v 2632.0 3150.0 667
v 2642.0 3150.0 667
v 2642.0 3160.0 667
v 2632.0 3160.0 667
v 2632.0 3150.0 713
v 2642.0 3150.0 713
v 2642.0 3160.0 713
v 2632.0 3160.0 713
f 465 466 467 468
f 469 472 471 470
f 465 469 470 466
f 466 470 471 467
f 467 471 472 468
f 468 472 469 465
v 506.0 4107.0 1013
v 516.0 4107.0 1013
v 516.0 4117.0 1013
v 506.0 4117.0 1013
v 506.0 4107.0 1036
v 516.0 4107.0 1036
v 516.0 4117.0 1036
v 506.0 4117.0 1036
f 473 474 475 476
f 477 480 479 478
f 473 477 478 474
f 474 478 479 475
f 475 479 480 476
f 476 480 477 473
v 4121.0 484.0 562
v 4131.0 484.0 562
v 4131.0 494.0 562
v 4121.0 494.0 562
v 4121.0 484.0 599
v 4131.0 484.0 599
v 4131.0 494.0 599
v 4121.0 494.0 599
f 481 482 483 484
f 485 488 487 486
f 481 485 486 482
f 482 486 487 483
f 483 487 488 484
f 484 488 485 481
v 4645.0 683.0 371
v 4655.0 683.0 371
v 4655.0 693.0 371
v 4645.0 693.0 371
v 4645.0 683.0 457
v 4655.0 683.0 457
v 4655.0 693.0 457
v 4645.0 693.0 457
f 489 490 491 492
f 493 496 495 494
f 489 493 494 490
f 490 494 495 491
f 491 495 496 492
f 492 496 493 489
v 204.0 1568.0 124
v 214.0 1568.0 124
v 214.0 1578.0 124
v 204.0 1578.0 124
v 204.0 1568.0 154
v 214.0 1568.0 154
v 214.0 1578.0 154
v 204.0 1578.0 154
f 497 498 499 500
f 501 504 503 502
f 497 501 502 498
f 498 502 503 499
f 499 503 504 500
f 500 504 501 497
v 989.0 1481.0 3313
v 999.0 1481.0 3313
v 999.0 1491.0 3313
v 989.0 1491.0 3313
v 989.0 1481.0 3410
v 999.0 1481.0 3410
v 999.0 1491.0 3410
v 989.0 1491.0 3410
f 505 506 507 508
f 509 512 511 510
f 505 509 510 506
f 506 510 511 507
f 507 511 512 508
f 508 512 509 505
v 530.0 3469.0 58
v 540.0 3469.0 58
v 540.0 3479.0 58
v 530.0 3479.0 58
v 530.0 3469.0 130
v 540.0 3469.0 130
v 540.0 3479.0 130
v 530.0 3479.0 130
f 513 514 515 516
f 517 520 519 518
f 513 517 518 514
f 514 518 519 515
f 515 519 520 516
f 516 520 517 513
v 1291.0 2599.0 4770
v 1301.0 2599.0 4770
v 1301.0 2609.0 4770
v 1291.0 2609.0 4770
v 1291.0 2599.0 4837
v 1301.0 2599.0 4837
v 1301.0 2609.0 4837
v 1291.0 2609.0 4837
f 521 522 523 524
f 525 528 527 526
f 521 525 526 522
f 522 526 527 523
f 523 527 528 524
f 524 528 525 521
v 1.0 1195.0 1497
v 11.0 1195.0 1497
v 11.0 1205.0 1497
v 1.0 1205.0 1497
v 1.0 1195.0 1543
v 11.0 1195.0 1543
v 11.0 1205.0 1543
v 1.0 1205.0 1543
f 529 530 531 532
f 533 536 535 534
f 529 533 534 530
f 530 534 535 531
f 531 535 536 532
f 532 536 533 529
v 1179.0 2821.0 3274
v 1189.0 2821.0 3274
v 1189.0 2831.0 3274
v 1179.0 2831.0 3274
v 1179.0 2821.0 3318
v 1189.0 2821.0 3318
v 1189.0 2831.0 3318
v 1179.0 2831.0 3318
f 537 538 539 540
f 541 544 543 542
f 537 541 542 538
f 538 542 543 539
f 539 543 544 540
f 540 544 541 537
v 1656.0 2575.0 4413
v 1666.0 2575.0 4413
v 1666.0 2585.0 4413
v 1656.0 2585.0 4413
v 1656.0 2575.0 4482
v 1666.0 2575.0 4482
v 1666.0 2585.0 4482
v 1656.0 2585.0 4482
f 545 546 547 548
f 549 552 551 550
f 545 549 550 546
f 546 550 551 547
f 547 551 552 548
f 548 552 549 545
v 3612.0 1486.0 3308
v 3622.0 1486.0 3308
v 3622.0 1496.0 3308
v 3612.0 1496.0 3308
v 3612.0 1486.0 3340
v 3622.0 1486.0 3340
v 3622.0 1496.0 3340
v 3612.0 1496.0 3340
f 553 554 555 556
f 557 560 559 558
f 553 557 558 554
f 554 558 559 555
f 555 559 560 556
f 556 560 557 553
v 4469.0 642.0 2753
v 4479.0 642.0 2753
v 4479.0 652.0 2753
v 4469.0 652.0 2753
v 4469.0 642.0 2760
v 4479.0 642.0 2760
v 4479.0 652.0 2760
v 4469.0 652.0 2760
f 561 562 563 564
f 565 568 567 566
f 561 565 566 562
f 562 566 567 563
f 563 567 568 564
f 564 568 565 561
v 1226.0 2768.0 1014
v 1236.0 2768.0 1014
v 1236.0 2778.0 1014
v 1226.0 2778.0 1014
v 1226.0 2768.0 1082
v 1236.0 2768.0 1082
v 1236.0 2778.0 1082
v 1226.0 2778.0 1082
f 569 570 571 572
f 573 576 575 574
f 569 573 574 570
f 570 574 575 571
f 571 575 576 572
f 572 576 573 569
v 2100.0 1809.0 1555
v 2110.0 1809.0 1555
v 2110.0 1819.0 1555
v 2100.0 1819.0 1555
v 2100.0 1809.0 1587
v 2110.0 1809.0 1587
v 2110.0 1819.0 1587
v 2100.0 1819.0 1587
f 577 578 579 580
f 581 584 583 582
f 577 581 582 578
f 578 582 583 579
f 579 583 584 580
f 580 584 581 577
v 4692.0 2337.0 3117
v 4702.0 2337.0 3117
v 4702.0 2347.0 3117
v 4692.0 2347.0 3117
v 4692.0 2337.0 3215
v 4702.0 2337.0 3215
v 4702.0 2347.0 3215
v 4692.0 2347.0 3215
f 585 586 587 588
f 589 592 591 590
f 585 589 590 586
f 586 590 591 587
f 587 591 592 588
f 588 592 589 585
v 2754.0 3438.0 1529
v 2764.0 3438.0 1529
v 2764.0 3448.0 1529
v 2754.0 3448.0 1529
v 2754.0 3438.0 1537
v 2764.0 3438.0 1537
v 2764.0 3448.0 1537
v 2754.0 3448.0 1537
f 593 594 595 596
f 597 600 599 598
f 593 597 598 594
f 594 598 599 595
f 595 599 600 596
f 596 600 597 593
v 2051.0 400.0 1541
v 2061.0 400.0 1541
v 2061.0 410.0 1541
v 2051.0 410.0 1541
v 2051.0 400.0 1622
v 2061.0 400.0 1622
v 2061.0 410.0 1622
v 2051.0 410.0 1622
f 601 602 603 604
f 605 608 607 606
f 601 605 606 602
f 602 606 607 603
f 603 607 608 604
f 604 608 605 601
v 4675.0 2227.0 4942
v 4685.0 2227.0 4942
v 4685.0 2237.0 4942
v 4675.0 2237.0 4942
v 4675.0 2227.0 4947
v 4685.0 2227.0 4947
v 4685.0 2237.0 4947
v 4675.0 2237.0 4947
f 609 610 611 612
f 613 616 615 614
f 609 613 614 610
f 610 614 615 611
f 611 615 616 612
f 612 616 613 609
v 4531.0 3042.0 2254
v 4541.0 3042.0 2254
v 4541.0 3052.0 2254
v 4531.0 3052.0 2254
v 4531.0 3042.0 2291
v 4541.0 3042.0 2291
v 4541.0 3052.0 2291
v 4531.0 3052.0 2291
f 617 618 619 620
f 621 624 623 622
f 617 621 622 618
f 618 622 623 619
f 619 623 624 620
f 620 624 621 617
v 1705.0 39.0 4157
v 1715.0 39.0 4157
v 1715.0 49.0 4157
v 1705.0 49.0 4157
v 1705.0 39.0 4242
v 1715.0 39.0 4242
v 1715.0 49.0 4242
v 1705.0 49.0 4242
f 625 626 627 628
f 629 632 631 630
f 625 629 630 626
f 626 630 631 627
f 627 631 632 628
f 628 632 629 625
v 3149.0 243.0 2531
v 3159.0 243.0 2531
v 3159.0 253.0 2531
v 3149.0 253.0 2531
v 3149.0 243.0 2628
v 3159.0 243.0 2628
v 3159.0 253.0 2628
v 3149.0 253.0 2628
f 633 634 635 636
f 637 640 639 638
f 633 637 638 634
f 634 638 639 635
f 635 639 640 636
f 636 640 637 633
v 2219.0 926.0 2493
v 2229.0 926.0 2493
v 2229.0 936.0 2493
v 2219.0 936.0 2493
v 2219.0 926.0 2505
v 2229.0 926.0 2505
v 2229.0 936.0 2505
v 2219.0 936.0 2505
f 641 642 643 644
f 645 648 647 646
f 641 645 646 642
f 642 646 647 643
f 643 647 648 644
f 644 648 645 641
v 1905.0 2788.0 2636
v 1915.0 2788.0 2636
v 1915.0 2798.0 2636
v 1905.0 2798.0 2636
v 1905.0 2788.0 2735
v 1915.0 2788.0 2735
v 1915.0 2798.0 2735
v 1905.0 2798.0 2735
f 649 650 651 652
f 653 656 655 654
f 649 653 654 650
f 650 654 655 651
f 651 655 656 652
f 652 656 653 649
v 956.0 823.0 3042
v 966.0 823.0 3042
v 966.0 833.0 3042
v 956.0 833.0 3042
v 956.0 823.0 3076
v 966.0 823.0 3076
v 966.0 833.0 3076
v 956.0 833.0 3076
f 657 658 659 660
f 661 664 663 662
f 657 661 662 658
f 658 662 663 659
f 659 663 664 660
f 660 664 661 657
v 2667.0 155.0 195
v 2677.0 155.0 195
v 2677.0 165.0 195
v 2667.0 165.0 195
v 2667.0 155.0 209
v 2677.0 155.0 209
v 2677.0 165.0 209
v 2667.0 165.0 209
f 665 666 667 668
f 669 672 671 670
f 665 669 670 666
f 666 670 671 667
f 667 671 672 668
f 668 672 669 665
v 2505.0 3659.0 2635
v 2515.0 3659.0 2635
v 2515.0 3669.0 2635
v 2505.0 3669.0 2635
v 2505.0 3659.0 2652
v 2515.0 3659.0 2652
v 2515.0 3669.0 2652
v 2505.0 3669.0 2652
f 673 674 675 676
f 677 680 679 678
f 673 677 678 674
f 674 678 679 675
f 675 679 680 676
f 676 680 677 673
v 1842.0 2342.0 4065
v 1852.0 2342.0 4065
v 1852.0 2352.0 4065
v 1842.0 2352.0 4065
v 1842.0 2342.0 4071
v 1852.0 2342.0 4071
v 1852.0 2352.0 4071
v 1842.0 2352.0 4071
f 681 682 683 684
f 685 688 687 686
f 681 685 686 682
f 682 686 687 683
f 683 687 688 684
f 684 688 685 681
v 2914.0 1759.0 2957
v 2924.0 1759.0 2957
v 2924.0 1769.0 2957
v 2914.0 1769.0 2957
v 2914.0 1759.0 2982
v 2924.0 1759.0 2982
v 2924.0 1769.0 2982
v 2914.0 1769.0 2982
f 689 690 691 692
f 693 696 695 694
f 689 693 694 690
f 690 694 695 691
f 691 695 696 692
f 692 696 693 689
v 3618.0 1448.0 657
v 3628.0 1448.0 657
v 3628.0 1458.0 657
v 3618.0 1458.0 657
v 3618.0 1448.0 674
v 3628.0 1448.0 674
v 3628.0 1458.0 674
v 3618.0 1458.0 674
f 697 698 699 700
f 701 704 703 702
f 697 701 702 698
f 698 702 703 699
f 699 703 704 700
f 700 704 701 697
v 4103.0 685.0 3916
v 4113.0 685.0 3916
v 4113.0 695.0 3916
v 4103.0 695.0 3916
v 4103.0 685.0 3921
v 4113.0 685.0 3921
v 4113.0 695.0 3921
v 4103.0 695.0 3921
f 705 706 707 708
f 709 712 711 710
f 705 709 710 706
f 706 710 711 707
f 707 711 712 708
f 708 712 709 705
v 4159.0 2171.0 1977
v 4169.0 2171.0 1977
v 4169.0 2181.0 1977
v 4159.0 2181.0 1977
v 4159.0 2171.0 1986
v 4169.0 2171.0 1986
v 4169.0 2181.0 1986
v 4159.0 2181.0 1986
f 713 714 715 716
f 717 720 719 718
f 713 717 718 714
f 714 718 719 715
f 715 719 720 716
f 716 720 717 713
v 3135.0 2917.0 4715
v 3145.0 2917.0 4715
v 3145.0 2927.0 4715
v 3135.0 2927.0 4715
v 3135.0 2917.0 4746
v 3145.0 2917.0 4746
v 3145.0 2927.0 4746
v 3135.0 2927.0 4746
f 721 722 723 724
f 725 728 727 726
f 721 725 726 722
f 722 726 727 723
f 723 727 728 724
f 724 728 725 721
v 98.0 2625.0 2953
v 108.0 2625.0 2953
v 108.0 2635.0 2953
v 98.0 2635.0 2953
v 98.0 2625.0 3042
v 108.0 2625.0 3042
v 108.0 2635.0 3042
v 98.0 2635.0 3042
f 729 730 731 732
f 733 736 735 734
f 729 733 734 730
f 730 734 735 731
f 731 735 736 732
f 732 736 733 729
v 877.0 2419.0 3948
v 887.0 2419.0 3948
v 887.0 2429.0 3948
v 877.0 2429.0 3948
v 877.0 2419.0 4025
v 887.0 2419.0 4025
v 887.0 2429.0 4025
v 877.0 2429.0 4025
f 737 738 739 740
f 741 744 743 742
f 737 741 742 738
f 738 742 743 739
f 739 743 744 740
f 740 744 741 737
v 4947.0 2701.0 2752
v 4957.0 2701.0 2752
v 4957.0 2711.0 2752
v 4947.0 2711.0 2752
v 4947.0 2701.0 2764
v 4957.0 2701.0 2764
v 4957.0 2711.0 2764
v 4947.0 2711.0 2764
f 745 746 747 748
f 749 752 751 750
f 745 749 750 746
f 746 750 751 747
f 747 751 752 748
f 748 752 749 745
v 290.0 2660.0 2840
v 300.0 2660.0 2840
v 300.0 2670.0 2840
v 290.0 2670.0 2840
v 290.0 2660.0 2926
v 300.0 2660.0 2926
v 300.0 2670.0 2926
v 290.0 2670.0 2926
f 753 754 755 756
f 757 760 759 758
f 753 757 758 754
f 754 758 759 755
f 755 759 760 756
f 756 760 757 753
v 4150.0 3165.0 4286
v 4160.0 3165.0 4286
v 4160.0 3175.0 4286
v 4150.0 3175.0 4286
v 4150.0 3165.0 4350
v 4160.0 3165.0 4350
v 4160.0 3175.0 4350
v 4150.0 3175.0 4350
f 761 762 763 764
f 765 768 767 766
f 761 765 766 762
f 762 766 767 763
f 763 767 768 764
f 764 768 765 761
v 668.0 1408.0 36
v 678.0 1408.0 36
v 678.0 1418.0 36
v 668.0 1418.0 36
v 668.0 1408.0 95
v 678.0 1408.0 95
v 678.0 1418.0 95
v 668.0 1418.0 95
f 769 770 771 772
f 773 776 775 774
f 769 773 774 770
f 770 774 775 771
f 771 775 776 772
f 772 776 773 769
v 763.0 1455.0 3908
v 773.0 1455.0 3908
v 773.0 1465.0 3908
v 763.0 1465.0 3908
v 763.0 1455.0 3954
v 773.0 1455.0 3954
v 773.0 1465.0 3954
v 763.0 1465.0 3954
f 777 778 779 780
f 781 784 783 782
f 777 781 782 778
f 778 782 783 779
f 779 783 784 780
f 780 784 781 777
v 1980.0 4586.0 1014
v 1990.0 4586.0 1014
v 1990.0 4596.0 1014
v 1980.0 4596.0 1014
v 1980.0 4586.0 1046
v 1990.0 4586.0 1046
v 1990.0 4596.0 1046
v 1980.0 4596.0 1046
f 785 786 787 788
f 789 792 791 790
f 785 789 790 786
f 786 790 791 787
f 787 791 792 788
f 788 792 789 785
v 712.0 1729.0 1985
v 722.0 1729.0 1985
v 722.0 1739.0 1985
v 712.0 1739.0 1985
v 712.0 1729.0 1995
v 722.0 1729.0 1995
v 722.0 1739.0 1995
v 712.0 1739.0 1995
f 793 794 795 796
f 797 800 799 798
f 793 797 798 794
f 794 798 799 795
f 795 799 800 796
f 796 800 797 793
v 4650.0 3806.0 1033
v 4660.0 3806.0 1033
v 4660.0 3816.0 1033
v 4650.0 3816.0 1033
v 4650.0 3806.0 1099
v 4660.0 3806.0 1099
v 4660.0 3816.0 1099
v 4650.0 3816.0 1099
f 801 802 803 804
f 805 808 807 806
f 801 805 806 802
f 802 806 807 803
f 803 807 808 804
f 804 808 805 801
v 4553.0 2864.0 4145
v 4563.0 2864.0 4145
v 4563.0 2874.0 4145
v 4553.0 2874.0 4145
v 4553.0 2864.0 4193
v 4563.0 2864.0 4193
v 4563.0 2874.0 4193
v 4553.0 2874.0 4193
f 809 810 811 812
f 813 816 815 814
f 809 813 814 810
f 810 814 815 811
f 811 815 816 812
f 812 816 813 809
v 3223.0 4434.0 3747
v 3233.0 4434.0 3747
v 3233.0 4444.0 3747
v 3223.0 4444.0 3747
v 3223.0 4434.0 3844
v 3233.0 4434.0 3844
v 3233.0 4444.0 3844
v 3223.0 4444.0 3844
f 817 818 819 820
f 821 824 823 822
f 817 821 822 818
f 818 822 823 819
f 819 823 824 820
f 820 824 821 817
v 2985.0 515.0 4366
v 2995.0 515.0 4366
v 2995.0 525.0 4366
v 2985.0 525.0 4366
v 2985.0 515.0 4463
v 2995.0 515.0 4463
v 2995.0 525.0 4463
v 2985.0 525.0 4463
f 825 826 827 828
f 829 832 831 830
f 825 829 830 826
f 826 830 831 827
f 827 831 832 828
f 828 832 829 825
v 3077.0 1687.0 2490
v 3087.0 1687.0 2490
v 3087.0 1697.0 2490
v 3077.0 1697.0 2490
v 3077.0 1687.0 2497
v 3087.0 1687.0 2497
v 3087.0 1697.0 2497
v 3077.0 1697.0 2497
f 833 834 835 836
f 837 840 839 838
f 833 837 838 834
f 834 838 839 835
f 835 839 840 836
f 836 840 837 833
v 3427.0 4657.0 2113
v 3437.0 4657.0 2113
v 3437.0 4667.0 2113
v 3427.0 4667.0 2113
v 3427.0 4657.0 2169
v 3437.0 4657.0 2169
v 3437.0 4667.0 2169
v 3427.0 4667.0 2169
f 841 842 843 844
f 845 848 847 846
f 841 845 846 842
f 842 846 847 843
f 843 847 848 844
f 844 848 845 841
v 1443.0 1952.0 3432
v 1453.0 1952.0 3432
v 1453.0 1962.0 3432
v 1443.0 1962.0 3432
v 1443.0 1952.0 3474
v 1453.0 1952.0 3474
v 1453.0 1962.0 3474
v 1443.0 1962.0 3474
f 849 850 851 852
f 853 856 855 854
f 849 853 854 850
f 850 854 855 851
f 851 855 856 852
f 852 856 853 849
v 40.0 4601.0 797
v 50.0 4601.0 797
v 50.0 4611.0 797
v 40.0 4611.0 797
v 40.0 4601.0 841
v 50.0 4601.0 841
v 50.0 4611.0 841
v 40.0 4611.0 841
f 857 858 859 860
f 861 864 863 862
f 857 861 862 858
f 858 862 863 859
f 859 863 864 860
f 860 864 861 857
v 2893.0 1862.0 3523
v 2903.0 1862.0 3523
v 2903.0 1872.0 3523
v 2893.0 1872.0 3523
v 2893.0 1862.0 3582
v 2903.0 1862.0 3582
v 2903.0 1872.0 3582
v 2893.0 1872.0 3582
f 865 866 867 868
f 869 872 871 870
f 865 869 870 866
f 866 870 871 867
f 867 871 872 868
f 868 872 869 865
v 1203.0 4091.0 1429
v 1213.0 4091.0 1429
v 1213.0 4101.0 1429
v 1203.0 4101.0 1429
v 1203.0 4091.0 1475
v 1213.0 4091.0 1475
v 1213.0 4101.0 1475
v 1203.0 4101.0 1475
f 873 874 875 876
f 877 880 879 878
f 873 877 878 874
f 874 878 879 875
f 875 879 880 876
f 876 880 877 873
v 2633.0 4838.0 3270
v 2643.0 4838.0 3270
v 2643.0 4848.0 3270
v 2633.0 4848.0 3270
v 2633.0 4838.0 3342
v 2643.0 4838.0 3342
v 2643.0 4848.0 3342
v 2633.0 4848.0 3342
f 881 882 883 884
f 885 888 887 886
f 881 885 886 882
f 882 886 887 883
f 883 887 888 884
f 884 888 885 881
v 2999.0 1934.0 4155
v 3009.0 1934.0 4155
v 3009.0 1944.0 4155
v 2999.0 1944.0 4155
v 2999.0 1934.0 4195
v 3009.0 1934.0 4195
v 3009.0 1944.0 4195
v 2999.0 1944.0 4195
f 889 890 891 892
f 893 896 895 894
f 889 893 894 890
f 890 894 895 891
f 891 895 896 892
f 892 896 893 889
v 3162.0 4296.0 4334
v 3172.0 4296.0 4334
v 3172.0 4306.0 4334
v 3162.0 4306.0 4334
v 3162.0 4296.0 4399
v 3172.0 4296.0 4399
v 3172.0 4306.0 4399
v 3162.0 4306.0 4399
f 897 898 899 900
f 901 904 903 902
f 897 901 902 898
f 898 902 903 899
f 899 903 904 900
f 900 904 901 897
v 2343.0 2824.0 4726
v 2353.0 2824.0 4726
v 2353.0 2834.0 4726
v 2343.0 2834.0 4726
v 2343.0 2824.0 4761
v 2353.0 2824.0 4761
v 2353.0 2834.0 4761
v 2343.0 2834.0 4761
f 905 906 907 908
f 909 912 911 910
f 905 909 910 906
f 906 910 911 907
f 907 911 912 908
f 908 912 909 905
v 2232.0 1896.0 852
v 2242.0 1896.0 852
v 2242.0 1906.0 852
v 2232.0 1906.0 852
v 2232.0 1896.0 935
v 2242.0 1896.0 935
v 2242.0 1906.0 935
v 2232.0 1906.0 935
f 913 914 915 916
f 917 920 919 918
f 913 917 918 914
f 914 918 919 915
f 915 919 920 916
f 916 920 917 913
v 2979.0 4510.0 1325
v 2989.0 4510.0 1325
v 2989.0 4520.0 1325
v 2979.0 4520.0 1325
v 2979.0 4510.0 1392
v 2989.0 4510.0 1392
v 2989.0 4520.0 1392
v 2979.0 4520.0 1392
f 921 922 923 924
f 925 928 927 926
f 921 925 926 922
f 922 926 927 923
f 923 927 928 924
f 924 928 925 921
v 1774.0 61.0 2494
v 1784.0 61.0 2494
v 1784.0 71.0 2494
v 1774.0 71.0 2494
v 1774.0 61.0 2544
v 1784.0 61.0 2544
v 1784.0 71.0 2544
v 1774.0 71.0 2544
f 929 930 931 932
f 933 936 935 934
f 929 933 934 930
f 930 934 935 931
f 931 935 936 932
f 932 936 933 929
v 3070.0 3155.0 4724
v 3080.0 3155.0 4724
v 3080.0 3165.0 4724
v 3070.0 3165.0 4724
v 3070.0 3155.0 4809
v 3080.0 3155.0 4809
v 3080.0 3165.0 4809
v 3070.0 3165.0 4809
f 937 938 939 940
f 941 944 943 942
f 937 941 942 938
f 938 942 943 939
f 939 943 944 940
f 940 944 941 937
v 437.0 1846.0 4921
v 447.0 1846.0 4921
v 447.0 1856.0 4921
v 437.0 1856.0 4921
v 437.0 1846.0 5000
v 447.0 1846.0 5000
v 447.0 1856.0 5000
v 437.0 1856.0 5000
f 945 946 947 948
f 949 952 951 950
f 945 949 950 946
f 946 950 951 947
f 947 951 952 948
f 948 952 949 945
v 2812.0 1873.0 206
v 2822.0 1873.0 206
v 2822.0 1883.0 206
v 2812.0 1883.0 206
v 2812.0 1873.0 209
v 2822.0 1873.0 209
v 2822.0 1883.0 209
v 2812.0 1883.0 209
f 953 954 955 956
f 957 960 959 958
f 953 957 958 954
f 954 958 959 955
f 955 959 960 956
f 956 960 957 953
v 259.0 2325.0 3171
v 269.0 2325.0 3171
v 269.0 2335.0 3171
v 259.0 2335.0 3171
v 259.0 2325.0 3265
v 269.0 2325.0 3265
v 269.0 2335.0 3265
v 259.0 2335.0 3265
f 961 962 963 964
f 965 968 967 966
f 961 965 966 962
f 962 966 967 963
f 963 967 968 964
f 964 968 965 961
v 3321.0 954.0 2790
v 3331.0 954.0 2790
v 3331.0 964.0 2790
v 3321.0 964.0 2790
v 3321.0 954.0 2887
v 3331.0 954.0 2887
v 3331.0 964.0 2887
v 3321.0 964.0 2887
f 969 970 971 972
f 973 976 975 974
f 969 973 974 970
f 970 974 975 971
f 971 975 976 972
f 972 976 973 969
v 3098.0 3394.0 2100
v 3108.0 3394.0 2100
v 3108.0 3404.0 2100
v 3098.0 3404.0 2100
v 3098.0 3394.0 2124
v 3108.0 3394.0 2124
v 3108.0 3404.0 2124
v 3098.0 3404.0 2124
f 977 978 979 980
f 981 984 983 982
f 977 981 982 978
f 978 982 983 979
f 979 983 984 980
f 980 984 981 977
v 2470.0 59.0 3494
v 2480.0 59.0 3494
v 2480.0 69.0 3494
v 2470.0 69.0 3494
v 2470.0 59.0 3544
v 2480.0 59.0 3544
v 2480.0 69.0 3544
v 2470.0 69.0 3544
f 985 986 987 988
f 989 992 991 990
f 985 989 990 986
f 986 990 991 987
f 987 991 992 988
f 988 992 989 985
v 2224.0 3812.0 1999
v 2234.0 3812.0 1999
v 2234.0 3822.0 1999
v 2224.0 3822.0 1999
v 2224.0 3812.0 2081
v 2234.0 3812.0 2081
v 2234.0 3822.0 2081
v 2224.0 3822.0 2081
f 993 994 995 996
f 997 1000 999 998
f 993 997 998 994
f 994 998 999 995
f 995 999 1000 996
f 996 1000 997 993
v 589.0 1701.0 3917
v 599.0 1701.0 3917
v 599.0 1711.0 3917
v 589.0 1711.0 3917
v 589.0 1701.0 3976
v 599.0 1701.0 3976
v 599.0 1711.0 3976
v 589.0 1711.0 3976
f 1001 1002 1003 1004
f 1005 1008 1007 1006
f 1001 1005 1006 1002
f 1002 1006 1007 1003
f 1003 1007 1008 1004
f 1004 1008 1005 1001
v 3833.0 4423.0 1211
v 3843.0 4423.0 1211
v 3843.0 4433.0 1211
v 3833.0 4433.0 1211
v 3833.0 4423.0 1291
v 3843.0 4423.0 1291
v 3843.0 4433.0 1291
v 3833.0 4433.0 1291
f 1009 1010 1011 1012
f 1013 1016 1015 1014
f 1009 1013 1014 1010
f 1010 1014 1015 1011
f 1011 1015 1016 1012
f 1012 1016 1013 1009
v 901.0 2494.0 2421
v 911.0 2494.0 2421
v 911.0 2504.0 2421
v 901.0 2504.0 2421
v 901.0 2494.0 2474
v 911.0 2494.0 2474
v 911.0 2504.0 2474
v 901.0 2504.0 2474
f 1017 1018 1019 1020
f 1021 1024 1023 1022
f 1017 1021 1022 1018
f 1018 1022 1023 1019
f 1019 1023 1024 1020
f 1020 1024 1021 1017
v 2721.0 3809.0 1465
v 2731.0 3809.0 1465
v 2731.0 3819.0 1465
v 2721.0 3819.0 1465
v 2721.0 3809.0 1507
v 2731.0 3809.0 1507
v 2731.0 3819.0 1507
v 2721.0 3819.0 1507
f 1025 1026 1027 1028
f 1029 1032 1031 1030
f 1025 1029 1030 1026
f 1026 1030 1031 1027
f 1027 1031 1032 1028
f 1028 1032 1029 1025
v 749.0 148.0 1534
v 759.0 148.0 1534
v 759.0 158.0 1534
v 749.0 158.0 1534
v 749.0 148.0 1574
v 759.0 148.0 1574
v 759.0 158.0 1574
v 749.0 158.0 1574
f 1033 1034 1035 1036
f 1037 1040 1039 1038
f 1033 1037 1038 1034
f 1034 1038 1039 1035
f 1035 1039 1040 1036
f 1036 1040 1037 1033
v 3761.0 2900.0 3138
v 3771.0 2900.0 3138
v 3771.0 2910.0 3138
v 3761.0 2910.0 3138
v 3761.0 2900.0 3139
v 3771.0 2900.0 3139
v 3771.0 2910.0 3139
v 3761.0 2910.0 3139
f 1041 1042 1043 1044
f 1045 1048 1047 1046
f 1041 1045 1046 1042
f 1042 1046 1047 1043
f 1043 1047 1048 1044
f 1044 1048 1045 1041
v 169.0 4071.0 1344
v 179.0 4071.0 1344
v 179.0 4081.0 1344
v 169.0 4081.0 1344
v 169.0 4071.0 1411
v 179.0 4071.0 1411
v 179.0 4081.0 1411
v 169.0 4081.0 1411
f 1049 1050 1051 1052
f 1053 1056 1055 1054
f 1049 1053 1054 1050
f 1050 1054 1055 1051
f 1051 1055 1056 1052
f 1052 1056 1053 1049
v 1532.0 888.0 2609
v 1542.0 888.0 2609
v 1542.0 898.0 2609
v 1532.0 898.0 2609
v 1532.0 888.0 2701
v 1542.0 888.0 2701
v 1542.0 898.0 2701
v 1532.0 898.0 2701
f 1057 1058 1059 1060
f 1061 1064 1063 1062
f 1057 1061 1062 1058
f 1058 1062 1063 1059
f 1059 1063 1064 1060
f 1060 1064 1061 1057
v 212.0 1759.0 409
v 222.0 1759.0 409
v 222.0 1769.0 409
v 212.0 1769.0 409
v 212.0 1759.0 484
v 222.0 1759.0 484
v 222.0 1769.0 484
v 212.0 1769.0 484
f 1065 1066 1067 1068
f 1069 1072 1071 1070
f 1065 1069 1070 1066
f 1066 1070 1071 1067
f 1067 1071 1072 1068
f 1068 1072 1069 1065
v 972.0 4395.0 2756
v 982.0 4395.0 2756
v 982.0 4405.0 2756
v 972.0 4405.0 2756
v 972.0 4395.0 2758
v 982.0 4395.0 2758
v 982.0 4405.0 2758
v 972.0 4405.0 2758
f 1073 1074 1075 1076
f 1077 1080 1079 1078
f 1073 1077 1078 1074
f 1074 1078 1079 1075
f 1075 1079 1080 1076
f 1076 1080 1077 1073
v 4238.0 222.0 4544
v 4248.0 222.0 4544
v 4248.0 232.0 4544
v 4238.0 232.0 4544
v 4238.0 222.0 4620
v 4248.0 222.0 4620
v 4248.0 232.0 4620
v 4238.0 232.0 4620
f 1081 1082 1083 1084
f 1085 1088 1087 1086
f 1081 1085 1086 1082
f 1082 1086 1087 1083
f 1083 1087 1088 1084
f 1084 1088 1085 1081
v 107.0 3077.0 3350
v 117.0 3077.0 3350
v 117.0 3087.0 3350
v 107.0 3087.0 3350
v 107.0 3077.0 3423
v 117.0 3077.0 3423
v 117.0 3087.0 3423
v 107.0 3087.0 3423
f 1089 1090 1091 1092
f 1093 1096 1095 1094
f 1089 1093 1094 1090
f 1090 1094 1095 1091
f 1091 1095 1096 1092
f 1092 1096 1093 1089
v 479.0 1086.0 1249
v 489.0 1086.0 1249
v 489.0 1096.0 1249
v 479.0 1096.0 1249
v 479.0 1086.0 1254
v 489.0 1086.0 1254
v 489.0 1096.0 1254
v 479.0 1096.0 1254
f 1097 1098 1099 1100
f 1101 1104 1103 1102
f 1097 1101 1102 1098
f 1098 1102 1103 1099
f 1099 1103 1104 1100
f 1100 1104 1101 1097
v 4116.0 3150.0 4157
v 4126.0 3150.0 4157
v 4126.0 3160.0 4157
v 4116.0 3160.0 4157
v 4116.0 3150.0 4221
v 4126.0 3150.0 4221
v 4126.0 3160.0 4221
v 4116.0 3160.0 4221
f 1105 1106 1107 1108
f 1109 1112 1111 1110
f 1105 1109 1110 1106
f 1106 1110 1111 1107
f 1107 1111 1112 1108
f 1108 1112 1109 1105
v 1931.0 395.0 2754
v 1941.0 395.0 2754
v 1941.0 405.0 2754
v 1931.0 405.0 2754
v 1931.0 395.0 2811
v 1941.0 395.0 2811
v 1941.0 405.0 2811
v 1931.0 405.0 2811
f 1113 1114 1115 1116
f 1117 1120 1119 1118
f 1113 1117 1118 1114
f 1114 1118 1119 1115
f 1115 1119 1120 1116
f 1116 1120 1117 1113
v 1303.0 2760.0 3454
v 1313.0 2760.0 3454
v 1313.0 2770.0 3454
v 1303.0 2770.0 3454
v 1303.0 2760.0 3538
v 1313.0 2760.0 3538
v 1313.0 2770.0 3538
v 1303.0 2770.0 3538
f 1121 1122 1123 1124
f 1125 1128 1127 1126
f 1121 1125 1126 1122
f 1122 1126 1127 1123
f 1123 1127 1128 1124
f 1124 1128 1125 1121
v 3562.0 848.0 1804
v 3572.0 848.0 1804
v 3572.0 858.0 1804
v 3562.0 858.0 1804
v 3562.0 848.0 1892
v 3572.0 848.0 1892
v 3572.0 858.0 1892
v 3562.0 858.0 1892
f 1129 1130 1131 1132
f 1133 1136 1135 1134
f 1129 1133 1134 1130
f 1130 1134 1135 1131
f 1131 1135 1136 1132
f 1132 1136 1133 1129
v 1576.0 1481.0 3767
v 1586.0 1481.0 3767
v 1586.0 1491.0 3767
v 1576.0 1491.0 3767
v 1576.0 1481.0 3777
v 1586.0 1481.0 3777
v 1586.0 1491.0 3777
v 1576.0 1491.0 3777
f 1137 1138 1139 1140
f 1141 1144 1143 1142
f 1137 1141 1142 1138
f 1138 1142 1143 1139
f 1139 1143 1144 1140
f 1140 1144 1141 1137
v 835.0 4641.0 4563
v 845.0 4641.0 4563
v 845.0 4651.0 4563
v 835.0 4651.0 4563
v 835.0 4641.0 4604
v 845.0 4641.0 4604
v 845.0 4651.0 4604
v 835.0 4651.0 4604
f 1145 1146 1147 1148
f 1149 1152 1151 1150
f 1145 1149 1150 1146
f 1146 1150 1151 1147
f 1147 1151 1152 1148
f 1148 1152 1149 1145
v 2986.0 119.0 2164
v 2996.0 119.0 2164
v 2996.0 129.0 2164
v 2986.0 129.0 2164
v 2986.0 119.0 2263
v 2996.0 119.0 2263
v 2996.0 129.0 2263
v 2986.0 129.0 2263
f 1153 1154 1155 1156
f 1157 1160 1159 1158
f 1153 1157 1158 1154
f 1154 1158 1159 1155
f 1155 1159 1160 1156
f 1156 1160 1157 1153
v 2283.0 2568.0 1699
v 2293.0 2568.0 1699
v 2293.0 2578.0 1699
v 2283.0 2578.0 1699
v 2283.0 2568.0 1720
v 2293.0 2568.0 1720
v 2293.0 2578.0 1720
v 2283.0 2578.0 1720
f 1161 1162 1163 1164
f 1165 1168 1167 1166
f 1161 1165 1166 1162
f 1162 1166 1167 1163
f 1163 1167 1168 1164
f 1164 1168 1165 1161
v 2377.0 4724.0 4332
v 2387.0 4724.0 4332
v 2387.0 4734.0 4332
v 2377.0 4734.0 4332
v 2377.0 4724.0 4408
v 2387.0 4724.0 4408
v 2387.0 4734.0 4408
v 2377.0 4734.0 4408
f 1169 1170 1171 1172
f 1173 1176 1175 1174
f 1169 1173 1174 1170
f 1170 1174 1175 1171
f 1171 1175 1176 1172
f 1172 1176 1173 1169
v 1489.0 4484.0 4276
v 1499.0 4484.0 4276
v 1499.0 4494.0 4276
v 1489.0 4494.0 4276
v 1489.0 4484.0 4313
v 1499.0 4484.0 4313
v 1499.0 4494.0 4313
v 1489.0 4494.0 4313
f 1177 1178 1179 1180
f 1181 1184 1183 1182
f 1177 1181 1182 1178
f 1178 1182 1183 1179
f 1179 1183 1184 1180
f 1180 1184 1181 1177
v 1638.0 928.0 1231
v 1648.0 928.0 1231
v 1648.0 938.0 1231
v 1638.0 938.0 1231
v 1638.0 928.0 1305
v 1648.0 928.0 1305
v 1648.0 938.0 1305
v 1638.0 938.0 1305
f 1185 1186 1187 1188
f 1189 1192 1191 1190
f 1185 1189 1190 1186
f 1186 1190 1191 1187
f 1187 1191 1192 1188
f 1188 1192 1189 1185
v 1831.0 1918.0 536
v 1841.0 1918.0 536
v 1841.0 1928.0 536
v 1831.0 1928.0 536
v 1831.0 1918.0 619
v 1841.0 1918.0 619
v 1841.0 1928.0 619
v 1831.0 1928.0 619
f 1193 1194 1195 1196
f 1197 1200 1199 1198
f 1193 1197 1198 1194
f 1194 1198 1199 1195
f 1195 1199 1200 1196
f 1196 1200 1197 1193
v 3773.0 3584.0 4595
v 3783.0 3584.0 4595
v 3783.0 3594.0 4595
v 3773.0 3594.0 4595
v 3773.0 3584.0 4677
v 3783.0 3584.0 4677
v 3783.0 3594.0 4677
v 3773.0 3594.0 4677
f 1201 1202 1203 1204
f 1205 1208 1207 1206
f 1201 1205 1206 1202
f 1202 1206 1207 1203
f 1203 1207 1208 1204
f 1204 1208 1205 1201
v 4170.0 789.0 2615
v 4180.0 789.0 2615
v 4180.0 799.0 2615
v 4170.0 799.0 2615
v 4170.0 789.0 2711
v 4180.0 789.0 2711
v 4180.0 799.0 2711
v 4170.0 799.0 2711
f 1209 1210 1211 1212
f 1213 1216 1215 1214
f 1209 1213 1214 1210
f 1210 1214 1215 1211
f 1211 1215 1216 1212
f 1212 1216 1213 1209
v 179.0 971.0 3815
v 189.0 971.0 3815
v 189.0 981.0 3815
v 179.0 981.0 3815
v 179.0 971.0 3884
v 189.0 971.0 3884
v 189.0 981.0 3884
v 179.0 981.0 3884
f 1217 1218 1219 1220
f 1221 1224 1223 1222
f 1217 1221 1222 1218
f 1218 1222 1223 1219
f 1219 1223 1224 1220
f 1220 1224 1221 1217
v 2186.0 2109.0 4771
v 2196.0 2109.0 4771
v 2196.0 2119.0 4771
v 2186.0 2119.0 4771
v 2186.0 2109.0 4801
v 2196.0 2109.0 4801
v 2196.0 2119.0 4801
v 2186.0 2119.0 4801
f 1225 1226 1227 1228
f 1229 1232 1231 1230
f 1225 1229 1230 1226
f 1226 1230 1231 1227
f 1227 1231 1232 1228
f 1228 1232 1229 1225
v 3638.0 4234.0 1114
v 3648.0 4234.0 1114
v 3648.0 4244.0 1114
v 3638.0 4244.0 1114
v 3638.0 4234.0 1213
v 3648.0 4234.0 1213
v 3648.0 4244.0 1213
v 3638.0 4244.0 1213
f 1233 1234 1235 1236
f 1237 1240 1239 1238
f 1233 1237 1238 1234
f 1234 1238 1239 1235
f 1235 1239 1240 1236
f 1236 1240 1237 1233
v 3458.0 43.0 528
v 3468.0 43.0 528
v 3468.0 53.0 528
v 3458.0 53.0 528
v 3458.0 43.0 554
v 3468.0 43.0 554
v 3468.0 53.0 554
v 3458.0 53.0 554
f 1241 1242 1243 1244
f 1245 1248 1247 1246
f 1241 1245 1246 1242
f 1242 1246 1247 1243
f 1243 1247 1248 1244
f 1244 1248 1245 1241
v 4161.0 220.0 4788
v 4171.0 220.0 4788
v 4171.0 230.0 4788
v 4161.0 230.0 4788
v 4161.0 220.0 4790
v 4171.0 220.0 4790
v 4171.0 230.0 4790
v 4161.0 230.0 4790
f 1249 1250 1251 1252
f 1253 1256 1255 1254
f 1249 1253 1254 1250
f 1250 1254 1255 1251
f 1251 1255 1256 1252
f 1252 1256 1253 1249
v 1035.0 2630.0 2878
v 1045.0 2630.0 2878
v 1045.0 2640.0 2878
v 1035.0 2640.0 2878
v 1035.0 2630.0 2952
v 1045.0 2630.0 2952
v 1045.0 2640.0 2952
v 1035.0 2640.0 2952
f 1257 1258 1259 1260
f 1261 1264 1263 1262
f 1257 1261 1262 1258
f 1258 1262 1263 1259
f 1259 1263 1264 1260
f 1260 1264 1261 1257
v 1518.0 3631.0 3469
v 1528.0 3631.0 3469
v 1528.0 3641.0 3469
v 1518.0 3641.0 3469
v 1518.0 3631.0 3555
v 1528.0 3631.0 3555
v 1528.0 3641.0 3555
v 1518.0 3641.0 3555
f 1265 1266 1267 1268
f 1269 1272 1271 1270
f 1265 1269 1270 1266
f 1266 1270 1271 1267
f 1267 1271 1272 1268
f 1268 1272 1269 1265
v 3568.0 1982.0 3269
v 3578.0 1982.0 3269
v 3578.0 1992.0 3269
v 3568.0 1992.0 3269
v 3568.0 1982.0 3288
v 3578.0 1982.0 3288
v 3578.0 1992.0 3288
v 3568.0 1992.0 3288
f 1273 1274 1275 1276
f 1277 1280 1279 1278
f 1273 1277 1278 1274
f 1274 1278 1279 1275
f 1275 1279 1280 1276
f 1276 1280 1277 1273
v 4632.0 4424.0 3685
v 4642.0 4424.0 3685
v 4642.0 4434.0 3685
v 4632.0 4434.0 3685
v 4632.0 4424.0 3731
v 4642.0 4424.0 3731
v 4642.0 4434.0 3731
v 4632.0 4434.0 3731
f 1281 1282 1283 1284
f 1285 1288 1287 1286
f 1281 1285 1286 1282
f 1282 1286 1287 1283
f 1283 1287 1288 1284
f 1284 1288 1285 1281
v 4219.0 54.0 4689
v 4229.0 54.0 4689
v 4229.0 64.0 4689
v 4219.0 64.0 4689
v 4219.0 54.0 4767
v 4229.0 54.0 4767
v 4229.0 64.0 4767
v 4219.0 64.0 4767
f 1289 1290 1291 1292
f 1293 1296 1295 1294
f 1289 1293 1294 1290
f 1290 1294 1295 1291
f 1291 1295 1296 1292
f 1292 1296 1293 1289
v 3926.0 1380.0 3037
v 3936.0 1380.0 3037
v 3936.0 1390.0 3037
v 3926.0 1390.0 3037
v 3926.0 1380.0 3042
v 3936.0 1380.0 3042
v 3936.0 1390.0 3042
v 3926.0 1390.0 3042
f 1297 1298 1299 1300
f 1301 1304 1303 1302
f 1297 1301 1302 1298
f 1298 1302 1303 1299
f 1299 1303 1304 1300
f 1300 1304 1301 1297
v 4720.0 3007.0 4559
v 4730.0 3007.0 4559
v 4730.0 3017.0 4559
v 4720.0 3017.0 4559
v 4720.0 3007.0 4606
v 4730.0 3007.0 4606
v 4730.0 3017.0 4606
v 4720.0 3017.0 4606
f 1305 1306 1307 1308
f 1309 1312 1311 1310
f 1305 1309 1310 1306
f 1306 1310 1311 1307
f 1307 1311 1312 1308
f 1308 1312 1309 1305
v 1057.0 2376.0 4405
v 1067.0 2376.0 4405
v 1067.0 2386.0 4405
v 1057.0 2386.0 4405
v 1057.0 2376.0 4501
v 1067.0 2376.0 4501
v 1067.0 2386.0 4501
v 1057.0 2386.0 4501
f 1313 1314 1315 1316
f 1317 1320 1319 1318
f 1313 1317 1318 1314
f 1314 1318 1319 1315
f 1315 1319 1320 1316
f 1316 1320 1317 1313
v 2712.0 344.0 100
v 2722.0 344.0 100
v 2722.0 354.0 100
v 2712.0 354.0 100
v 2712.0 344.0 169
v 2722.0 344.0 169
v 2722.0 354.0 169
v 2712.0 354.0 169
f 1321 1322 1323 1324
f 1325 1328 1327 1326
f 1321 1325 1326 1322
f 1322 1326 1327 1323
f 1323 1327 1328 1324
f 1324 1328 1325 1321
v 4654.0 1753.0 728
v 4664.0 1753.0 728
v 4664.0 1763.0 728
v 4654.0 1763.0 728
v 4654.0 1753.0 783
v 4664.0 1753.0 783
v 4664.0 1763.0 783
v 4654.0 1763.0 783
f 1329 1330 1331 1332
f 1333 1336 1335 1334
f 1329 1333 1334 1330
f 1330 1334 1335 1331
f 1331 1335 1336 1332
f 1332 1336 1333 1329
v 4443.0 1367.0 3976
v 4453.0 1367.0 3976
v 4453.0 1377.0 3976
v 4443.0 1377.0 3976
v 4443.0 1367.0 4003
v 4453.0 1367.0 4003
v 4453.0 1377.0 4003
v 4443.0 1377.0 4003
f 1337 1338 1339 1340
f 1341 1344 1343 1342
f 1337 1341 1342 1338
f 1338 1342 1343 1339
f 1339 1343 1344 1340
f 1340 1344 1341 1337
v 1681.0 -1.0 972
v 1691.0 -1.0 972
v 1691.0 9.0 972
v 1681.0 9.0 972
v 1681.0 -1.0 994
v 1691.0 -1.0 994
v 1691.0 9.0 994
v 1681.0 9.0 994
f 1345 1346 1347 1348
f 1349 1352 1351 1350
f 1345 1349 1350 1346
f 1346 1350 1351 1347
f 1347 1351 1352 1348
f 1348 1352 1349 1345
v 1921.0 3744.0 90
v 1931.0 3744.0 90
v 1931.0 3754.0 90
v 1921.0 3754.0 90
v 1921.0 3744.0 175
v 1931.0 3744.0 175
v 1931.0 3754.0 175
v 1921.0 3754.0 175
f 1353 1354 1355 1356
f 1357 1360 1359 1358
f 1353 1357 1358 1354
f 1354 1358 1359 1355
f 1355 1359 1360 1356
f 1356 1360 1357 1353
v 2714.0 1154.0 3005
v 2724.0 1154.0 3005
v 2724.0 1164.0 3005
v 2714.0 1164.0 3005
v 2714.0 1154.0 3093
v 2724.0 1154.0 3093
v 2724.0 1164.0 3093
v 2714.0 1164.0 3093
f 1361 1362 1363 1364
f 1365 1368 1367 1366
f 1361 1365 1366 1362
f 1362 1366 1367 1363
f 1363 1367 1368 1364
f 1364 1368 1365 1361
v 2393.0 2723.0 229
v 2403.0 2723.0 229
v 2403.0 2733.0 229
v 2393.0 2733.0 229
v 2393.0 2723.0 304
v 2403.0 2723.0 304
v 2403.0 2733.0 304
v 2393.0 2733.0 304
f 1369 1370 1371 1372
f 1373 1376 1375 1374
f 1369 1373 1374 1370
f 1370 1374 1375 1371
f 1371 1375 1376 1372
f 1372 1376 1373 1369
v 217.0 2408.0 415
v 227.0 2408.0 415
v 227.0 2418.0 415
v 217.0 2418.0 415
v 217.0 2408.0 420
v 227.0 2408.0 420
v 227.0 2418.0 420
v 217.0 2418.0 420
f 1377 1378 1379 1380
f 1381 1384 1383 1382
f 1377 1381 1382 1378
f 1378 1382 1383 1379
f 1379 1383 1384 1380
f 1380 1384 1381 1377
v 2666.0 1006.0 2079
v 2676.0 1006.0 2079
v 2676.0 1016.0 2079
v 2666.0 1016.0 2079
v 2666.0 1006.0 2100
v 2676.0 1006.0 2100
v 2676.0 1016.0 2100
v 2666.0 1016.0 2100
f 1385 1386 1387 1388
f 1389 1392 1391 1390
f 1385 1389 1390 1386
f 1386 1390 1391 1387
f 1387 1391 1392 1388
f 1388 1392 1389 1385
v 4112.0 4039.0 3660
v 4122.0 4039.0 3660
v 4122.0 4049.0 3660
v 4112.0 4049.0 3660
v 4112.0 4039.0 3712
v 4122.0 4039.0 3712
v 4122.0 4049.0 3712
v 4112.0 4049.0 3712
f 1393 1394 1395 1396
f 1397 1400 1399 1398
f 1393 1397 1398 1394
f 1394 1398 1399 1395
f 1395 1399 1400 1396
f 1396 1400 1397 1393
v 1533.0 4773.0 3441
v 1543.0 4773.0 3441
v 1543.0 4783.0 3441
v 1533.0 4783.0 3441
v 1533.0 4773.0 3471
v 1543.0 4773.0 3471
v 1543.0 4783.0 3471
v 1533.0 4783.0 3471
f 1401 1402 1403 1404
f 1405 1408 1407 1406
f 1401 1405 1406 1402
f 1402 1406 1407 1403
f 1403 1407 1408 1404
f 1404 1408 1405 1401
v 4324.0 3053.0 3184
v 4334.0 3053.0 3184
v 4334.0 3063.0 3184
v 4324.0 3063.0 3184
v 4324.0 3053.0 3218
v 4334.0 3053.0 3218
v 4334.0 3063.0 3218
v 4324.0 3063.0 3218
f 1409 1410 1411 1412
f 1413 1416 1415 1414
f 1409 1413 1414 1410
f 1410 1414 1415 1411
f 1411 1415 1416 1412
f 1412 1416 1413 1409
v 3867.0 171.0 2582
v 3877.0 171.0 2582
v 3877.0 181.0 2582
v 3867.0 181.0 2582
v 3867.0 171.0 2655
v 3877.0 171.0 2655
v 3877.0 181.0 2655
v 3867.0 181.0 2655
f 1417 1418 1419 1420
f 1421 1424 1423 1422
f 1417 1421 1422 1418
f 1418 1422 1423 1419
f 1419 1423 1424 1420
f 1420 1424 1421 1417
v 3724.0 1681.0 3338
v 3734.0 1681.0 3338
v 3734.0 1691.0 3338
v 3724.0 1691.0 3338
v 3724.0 1681.0 3358
v 3734.0 1681.0 3358
v 3734.0 1691.0 3358
v 3724.0 1691.0 3358
f 1425 1426 1427 1428
f 1429 1432 1431 1430
f 1425 1429 1430 1426
f 1426 1430 1431 1427
f 1427 1431 1432 1428
f 1428 1432 1429 1425
v 3549.0 2249.0 915
v 3559.0 2249.0 915
v 3559.0 2259.0 915
v 3549.0 2259.0 915
v 3549.0 2249.0 993
v 3559.0 2249.0 993
v 3559.0 2259.0 993
v 3549.0 2259.0 993
f 1433 1434 1435 1436
f 1437 1440 1439 1438
f 1433 1437 1438 1434
f 1434 1438 1439 1435
f 1435 1439 1440 1436
f 1436 1440 1437 1433
v 2481.0 2941.0 3878
v 2491.0 2941.0 3878
v 2491.0 2951.0 3878
v 2481.0 2951.0 3878
v 2481.0 2941.0 3894
v 2491.0 2941.0 3894
v 2491.0 2951.0 3894
v 2481.0 2951.0 3894
f 1441 1442 1443 1444
f 1445 1448 1447 1446
f 1441 1445 1446 1442
f 1442 1446 1447 1443
f 1443 1447 1448 1444
f 1444 1448 1445 1441
v 3509.0 1965.0 2148
v 3519.0 1965.0 2148
v 3519.0 1975.0 2148
v 3509.0 1975.0 2148
v 3509.0 1965.0 2213
v 3519.0 1965.0 2213
v 3519.0 1975.0 2213
v 3509.0 1975.0 2213
f 1449 1450 1451 1452
f 1453 1456 1455 1454
f 1449 1453 1454 1450
f 1450 1454 1455 1451
f 1451 1455 1456 1452
f 1452 1456 1453 1449
v 2920.0 4415.0 2193
v 2930.0 4415.0 2193
v 2930.0 4425.0 2193
v 2920.0 4425.0 2193
v 2920.0 4415.0 2258
v 2930.0 4415.0 2258
v 2930.0 4425.0 2258
v 2920.0 4425.0 2258
f 1457 1458 1459 1460
f 1461 1464 1463 1462
f 1457 1461 1462 1458
f 1458 1462 1463 1459
f 1459 1463 1464 1460
f 1460 1464 1461 1457
v 2393.0 3839.0 2888
v 2403.0 3839.0 2888
v 2403.0 3849.0 2888
v 2393.0 3849.0 2888
v 2393.0 3839.0 2905
v 2403.0 3839.0 2905
v 2403.0 3849.0 2905
v 2393.0 3849.0 2905
f 1465 1466 1467 1468
f 1469 1472 1471 1470
f 1465 1469 1470 1466
f 1466 1470 1471 1467
f 1467 1471 1472 1468
f 1468 1472 1469 1465
v 1626.0 1130.0 783
v 1636.0 1130.0 783
v 1636.0 1140.0 783
v 1626.0 1140.0 783
v 1626.0 1130.0 883
v 1636.0 1130.0 883
v 1636.0 1140.0 883
v 1626.0 1140.0 883
f 1473 1474 1475 1476
f 1477 1480 1479 1478
f 1473 1477 1478 1474
f 1474 1478 1479 1475
f 1475 1479 1480 1476
f 1476 1480 1477 1473
v 3625.0 524.0 285
v 3635.0 524.0 285
v 3635.0 534.0 285
v 3625.0 534.0 285
v 3625.0 524.0 365
v 3635.0 524.0 365
v 3635.0 534.0 365
v 3625.0 534.0 365
f 1481 1482 1483 1484
f 1485 1488 1487 1486
f 1481 1485 1486 1482
f 1482 1486 1487 1483
f 1483 1487 1488 1484
f 1484 1488 1485 1481
v 2625.0 1412.0 4829
v 2635.0 1412.0 4829
v 2635.0 1422.0 4829
v 2625.0 1422.0 4829
v 2625.0 1412.0 4911
v 2635.0 1412.0 4911
v 2635.0 1422.0 4911
v 2625.0 1422.0 4911
f 1489 1490 1491 1492
f 1493 1496 1495 1494
f 1489 1493 1494 1490
f 1490 1494 1495 1491
f 1491 1495 1496 1492
f 1492 1496 1493 1489
v 996.0 2071.0 4022
v 1006.0 2071.0 4022
v 1006.0 2081.0 4022
v 996.0 2081.0 4022
v 996.0 2071.0 4080
v 1006.0 2071.0 4080
v 1006.0 2081.0 4080
v 996.0 2081.0 4080
f 1497 1498 1499 1500
f 1501 1504 1503 1502
f 1497 1501 1502 1498
f 1498 1502 1503 1499
f 1499 1503 1504 1500
f 1500 1504 1501 1497
v 2479.0 1163.0 2138
v 2489.0 1163.0 2138
v 2489.0 1173.0 2138
v 2479.0 1173.0 2138
v 2479.0 1163.0 2164
v 2489.0 1163.0 2164
v 2489.0 1173.0 2164
v 2479.0 1173.0 2164
f 1505 1506 1507 1508
f 1509 1512 1511 1510
f 1505 1509 1510 1506
f 1506 1510 1511 1507
f 1507 1511 1512 1508
f 1508 1512 1509 1505
v 2256.0 2760.0 4249
v 2266.0 2760.0 4249
v 2266.0 2770.0 4249
v 2256.0 2770.0 4249
v 2256.0 2760.0 4341
v 2266.0 2760.0 4341
v 2266.0 2770.0 4341
v 2256.0 2770.0 4341
f 1513 1514 1515 1516
f 1517 1520 1519 1518
f 1513 1517 1518 1514
f 1514 1518 1519 1515
f 1515 1519 1520 1516
f 1516 1520 1517 1513
v 1518.0 3445.0 4100
v 1528.0 3445.0 4100
v 1528.0 3455.0 4100
v 1518.0 3455.0 4100
v 1518.0 3445.0 4127
v 1528.0 3445.0 4127
v 1528.0 3455.0 4127
v 1518.0 3455.0 4127
f 1521 1522 1523 1524
f 1525 1528 1527 1526
f 1521 1525 1526 1522
f 1522 1526 1527 1523
f 1523 1527 1528 1524
f 1524 1528 1525 1521
v 4718.0 2548.0 3530
v 4728.0 2548.0 3530
v 4728.0 2558.0 3530
v 4718.0 2558.0 3530
v 4718.0 2548.0 3564
v 4728.0 2548.0 3564
v 4728.0 2558.0 3564
v 4718.0 2558.0 3564
f 1529 1530 1531 1532
f 1533 1536 1535 1534
f 1529 1533 1534 1530
f 1530 1534 1535 1531
f 1531 1535 1536 1532
f 1532 1536 1533 1529
v 4191.0 600.0 75
v 4201.0 600.0 75
v 4201.0 610.0 75
v 4191.0 610.0 75
v 4191.0 600.0 77
v 4201.0 600.0 77
v 4201.0 610.0 77
v 4191.0 610.0 77
f 1537 1538 1539 1540
f 1541 1544 1543 1542
f 1537 1541 1542 1538
f 1538 1542 1543 1539
f 1539 1543 1544 1540
f 1540 1544 1541 1537
v 4809.0 928.0 3021
v 4819.0 928.0 3021
v 4819.0 938.0 3021
v 4809.0 938.0 3021
v 4809.0 928.0 3105
v 4819.0 928.0 3105
v 4819.0 938.0 3105
v 4809.0 938.0 3105
f 1545 1546 1547 1548
f 1549 1552 1551 1550
f 1545 1549 1550 1546
f 1546 1550 1551 1547
f 1547 1551 1552 1548
f 1548 1552 1549 1545
v 2508.0 1643.0 793
v 2518.0 1643.0 793
v 2518.0 1653.0 793
v 2508.0 1653.0 793
v 2508.0 1643.0 834
v 2518.0 1643.0 834
v 2518.0 1653.0 834
v 2508.0 1653.0 834
f 1553 1554 1555 1556
f 1557 1560 1559 1558
f 1553 1557 1558 1554
f 1554 1558 1559 1555
f 1555 1559 1560 1556
f 1556 1560 1557 1553
v 4762.0 745.0 1681
v 4772.0 745.0 1681
v 4772.0 755.0 1681
v 4762.0 755.0 1681
v 4762.0 745.0 1760
v 4772.0 745.0 1760
v 4772.0 755.0 1760
v 4762.0 755.0 1760
f 1561 1562 1563 1564
f 1565 1568 1567 1566
f 1561 1565 1566 1562
f 1562 1566 1567 1563
f 1563 1567 1568 1564
f 1564 1568 1565 1561
v 110.0 2761.0 1461
v 120.0 2761.0 1461
v 120.0 2771.0 1461
v 110.0 2771.0 1461
v 110.0 2761.0 1557
v 120.0 2761.0 1557
v 120.0 2771.0 1557
v 110.0 2771.0 1557
f 1569 1570 1571 1572
f 1573 1576 1575 1574
f 1569 1573 1574 1570
f 1570 1574 1575 1571
f 1571 1575 1576 1572
f 1572 1576 1573 1569
v 1895.0 282.0 1766
v 1905.0 282.0 1766
v 1905.0 292.0 1766
v 1895.0 292.0 1766
v 1895.0 282.0 1829
v 1905.0 282.0 1829
v 1905.0 292.0 1829
v 1895.0 292.0 1829
f 1577 1578 1579 1580
f 1581 1584 1583 1582
f 1577 1581 1582 1578
f 1578 1582 1583 1579
f 1579 1583 1584 1580
f 1580 1584 1581 1577
v 1370.0 1264.0 2176
v 1380.0 1264.0 2176
v 1380.0 1274.0 2176
v 1370.0 1274.0 2176
v 1370.0 1264.0 2207
v 1380.0 1264.0 2207
v 1380.0 1274.0 2207
v 1370.0 1274.0 2207
f 1585 1586 1587 1588
f 1589 1592 1591 1590
f 1585 1589 1590 1586
f 1586 1590 1591 1587
f 1587 1591 1592 1588
f 1588 1592 1589 1585
v 4957.0 3032.0 1319
v 4967.0 3032.0 1319
v 4967.0 3042.0 1319
v 4957.0 3042.0 1319
v 4957.0 3032.0 1356
v 4967.0 3032.0 1356
v 4967.0 3042.0 1356
v 4957.0 3042.0 1356
f 1593 1594 1595 1596
f 1597 1600 1599 1598
f 1593 1597 1598 1594
f 1594 1598 1599 1595
f 1595 1599 1600 1596
f 1596 1600 1597 1593
v 3358.0 4472.0 4128
v 3368.0 4472.0 4128
v 3368.0 4482.0 4128
v 3358.0 4482.0 4128
v 3358.0 4472.0 4197
v 3368.0 4472.0 4197
v 3368.0 4482.0 4197
v 3358.0 4482.0 4197
f 1601 1602 1603 1604
f 1605 1608 1607 1606
f 1601 1605 1606 1602
f 1602 1606 1607 1603
f 1603 1607 1608 1604
f 1604 1608 1605 1601
v 2869.0 3535.0 1318
v 2879.0 3535.0 1318
v 2879.0 3545.0 1318
v 2869.0 3545.0 1318
v 2869.0 3535.0 1348
v 2879.0 3535.0 1348
v 2879.0 3545.0 1348
v 2869.0 3545.0 1348
f 1609 1610 1611 1612
f 1613 1616 1615 1614
f 1609 1613 1614 1610
f 1610 1614 1615 1611
f 1611 1615 1616 1612
f 1612 1616 1613 1609
v 3399.0 83.0 4418
v 3409.0 83.0 4418
v 3409.0 93.0 4418
v 3399.0 93.0 4418
v 3399.0 83.0 4482
v 3409.0 83.0 4482
v 3409.0 93.0 4482
v 3399.0 93.0 4482
f 1617 1618 1619 1620
f 1621 1624 1623 1622
f 1617 1621 1622 1618
f 1618 1622 1623 1619
f 1619 1623 1624 1620
f 1620 1624 1621 1617
v 4192.0 836.0 3290
v 4202.0 836.0 3290
v 4202.0 846.0 3290
v 4192.0 846.0 3290
v 4192.0 836.0 3323
v 4202.0 836.0 3323
v 4202.0 846.0 3323
v 4192.0 846.0 3323
f 1625 1626 1627 1628
f 1629 1632 1631 1630
f 1625 1629 1630 1626
f 1626 1630 1631 1627
f 1627 1631 1632 1628
f 1628 1632 1629 1625
v 179.0 416.0 4757
v 189.0 416.0 4757
v 189.0 426.0 4757
v 179.0 426.0 4757
v 179.0 416.0 4835
v 189.0 416.0 4835
v 189.0 426.0 4835
v 179.0 426.0 4835
f 1633 1634 1635 1636
f 1637 1640 1639 1638
f 1633 1637 1638 1634
f 1634 1638 1639 1635
f 1635 1639 1640 1636
f 1636 1640 1637 1633
v 361.0 1352.0 1331
v 371.0 1352.0 1331
v 371.0 1362.0 1331
v 361.0 1362.0 1331
v 361.0 1352.0 1416
v 371.0 1352.0 1416
v 371.0 1362.0 1416
v 361.0 1362.0 1416
f 1641 1642 1643 1644
f 1645 1648 1647 1646
f 1641 1645 1646 1642
f 1642 1646 1647 1643
f 1643 1647 1648 1644
f 1644 1648 1645 1641
v 4199.0 220.0 2864
v 4209.0 220.0 2864
v 4209.0 230.0 2864
v 4199.0 230.0 2864
v 4199.0 220.0 2924
v 4209.0 220.0 2924
v 4209.0 230.0 2924
v 4199.0 230.0 2924
f 1649 1650 1651 1652
f 1653 1656 1655 1654
f 1649 1653 1654 1650
f 1650 1654 1655 1651
f 1651 1655 1656 1652
f 1652 1656 1653 1649
v 3205.0 4420.0 2950
v 3215.0 4420.0 2950
v 3215.0 4430.0 2950
v 3205.0 4430.0 2950
v 3205.0 4420.0 2982
v 3215.0 4420.0 2982
v 3215.0 4430.0 2982
v 3205.0 4430.0 2982
f 1657 1658 1659 1660
f 1661 1664 1663 1662
f 1657 1661 1662 1658
f 1658 1662 1663 1659
f 1659 1663 1664 1660
f 1660 1664 1661 1657
v 4677.0 1245.0 3364
v 4687.0 1245.0 3364
v 4687.0 1255.0 3364
v 4677.0 1255.0 3364
v 4677.0 1245.0 3386
v 4687.0 1245.0 3386
v 4687.0 1255.0 3386
v 4677.0 1255.0 3386
f 1665 1666 1667 1668
f 1669 1672 1671 1670
f 1665 1669 1670 1666
f 1666 1670 1671 1667
f 1667 1671 1672 1668
f 1668 1672 1669 1665
v 4342.0 1323.0 4765
v 4352.0 1323.0 4765
v 4352.0 1333.0 4765
v 4342.0 1333.0 4765
v 4342.0 1323.0 4824
v 4352.0 1323.0 4824
v 4352.0 1333.0 4824
v 4342.0 1333.0 4824
f 1673 1674 1675 1676
f 1677 1680 1679 1678
f 1673 1677 1678 1674
f 1674 1678 1679 1675
f 1675 1679 1680 1676
f 1676 1680 1677 1673
v 4387.0 1783.0 1744
v 4397.0 1783.0 1744
v 4397.0 1793.0 1744
v 4387.0 1793.0 1744
v 4387.0 1783.0 1831
v 4397.0 1783.0 1831
v 4397.0 1793.0 1831
v 4387.0 1793.0 1831
f 1681 1682 1683 1684
f 1685 1688 1687 1686
f 1681 1685 1686 1682
f 1682 1686 1687 1683
f 1683 1687 1688 1684
f 1684 1688 1685 1681
v 1192.0 3993.0 2259
v 1202.0 3993.0 2259
v 1202.0 4003.0 2259
v 1192.0 4003.0 2259
v 1192.0 3993.0 2354
v 1202.0 3993.0 2354
v 1202.0 4003.0 2354
v 1192.0 4003.0 2354
f 1689 1690 1691 1692
f 1693 1696 1695 1694
f 1689 1693 1694 1690
f 1690 1694 1695 1691
f 1691 1695 1696 1692
f 1692 1696 1693 1689
v 2743.0 3916.0 137
v 2753.0 3916.0 137
v 2753.0 3926.0 137
v 2743.0 3926.0 137
v 2743.0 3916.0 226
v 2753.0 3916.0 226
v 2753.0 3926.0 226
v 2743.0 3926.0 226
f 1697 1698 1699 1700
f 1701 1704 1703 1702
f 1697 1701 1702 1698
f 1698 1702 1703 1699
f 1699 1703 1704 1700
f 1700 1704 1701 1697
v 3164.0 707.0 1081
v 3174.0 707.0 1081
v 3174.0 717.0 1081
v 3164.0 717.0 1081
v 3164.0 707.0 1101
v 3174.0 707.0 1101
v 3174.0 717.0 1101
v 3164.0 717.0 1101
f 1705 1706 1707 1708
f 1709 1712 1711 1710
f 1705 1709 1710 1706
f 1706 1710 1711 1707
f 1707 1711 1712 1708
f 1708 1712 1709 1705
v 3784.0 1957.0 1085
v 3794.0 1957.0 1085
v 3794.0 1967.0 1085
v 3784.0 1967.0 1085
v 3784.0 1957.0 1090
v 3794.0 1957.0 1090
v 3794.0 1967.0 1090
v 3784.0 1967.0 1090
f 1713 1714 1715 1716
f 1717 1720 1719 1718
f 1713 1717 1718 1714
f 1714 1718 1719 1715
f 1715 1719 1720 1716
f 1716 1720 1717 1713
v 343.0 2816.0 2007
v 353.0 2816.0 2007
v 353.0 2826.0 2007
v 343.0 2826.0 2007
v 343.0 2816.0 2041
v 353.0 2816.0 2041
v 353.0 2826.0 2041
v 343.0 2826.0 2041
f 1721 1722 1723 1724
f 1725 1728 1727 1726
f 1721 1725 1726 1722
f 1722 1726 1727 1723
f 1723 1727 1728 1724
f 1724 1728 1725 1721
v 1850.0 3183.0 4527
v 1860.0 3183.0 4527
v 1860.0 3193.0 4527
v 1850.0 3193.0 4527
v 1850.0 3183.0 4622
v 1860.0 3183.0 4622
v 1860.0 3193.0 4622
v 1850.0 3193.0 4622
f 1729 1730 1731 1732
f 1733 1736 1735 1734
f 1729 1733 1734 1730
f 1730 1734 1735 1731
f 1731 1735 1736 1732
f 1732 1736 1733 1729
v 205.0 4186.0 1028
v 215.0 4186.0 1028
v 215.0 4196.0 1028
v 205.0 4196.0 1028
v 205.0 4186.0 1034
v 215.0 4186.0 1034
v 215.0 4196.0 1034
v 205.0 4196.0 1034
f 1737 1738 1739 1740
f 1741 1744 1743 1742
f 1737 1741 1742 1738
f 1738 1742 1743 1739
f 1739 1743 1744 1740
f 1740 1744 1741 1737
v 4381.0 37.0 1475
v 4391.0 37.0 1475
v 4391.0 47.0 1475
v 4381.0 47.0 1475
v 4381.0 37.0 1565
v 4391.0 37.0 1565
v 4391.0 47.0 1565
v 4381.0 47.0 1565
f 1745 1746 1747 1748
f 1749 1752 1751 1750
f 1745 1749 1750 1746
f 1746 1750 1751 1747
f 1747 1751 1752 1748
f 1748 1752 1749 1745
v 2325.0 1758.0 353
v 2335.0 1758.0 353
v 2335.0 1768.0 353
v 2325.0 1768.0 353
v 2325.0 1758.0 396
v 2335.0 1758.0 396
v 2335.0 1768.0 396
v 2325.0 1768.0 396
f 1753 1754 1755 1756
f 1757 1760 1759 1758
f 1753 1757 1758 1754
f 1754 1758 1759 1755
f 1755 1759 1760 1756
f 1756 1760 1757 1753
v 790.0 3202.0 4047
v 800.0 3202.0 4047
v 800.0 3212.0 4047
v 790.0 3212.0 4047
v 790.0 3202.0 4063
v 800.0 3202.0 4063
v 800.0 3212.0 4063
v 790.0 3212.0 4063
f 1761 1762 1763 1764
f 1765 1768 1767 1766
f 1761 1765 1766 1762
f 1762 1766 1767 1763
f 1763 1767 1768 1764
f 1764 1768 1765 1761
v 279.0 1162.0 3770
v 289.0 1162.0 3770
v 289.0 1172.0 3770
v 279.0 1172.0 3770
v 279.0 1162.0 3783
v 289.0 1162.0 3783
v 289.0 1172.0 3783
v 279.0 1172.0 3783
f 1769 1770 1771 1772
f 1773 1776 1775 1774
f 1769 1773 1774 1770
f 1770 1774 1775 1771
f 1771 1775 1776 1772
f 1772 1776 1773 1769
v 2418.0 1964.0 3858
v 2428.0 1964.0 3858
v 2428.0 1974.0 3858
v 2418.0 1974.0 3858
v 2418.0 1964.0 3860
v 2428.0 1964.0 3860
v 2428.0 1974.0 3860
v 2418.0 1974.0 3860
f 1777 1778 1779 1780
f 1781 1784 1783 1782
f 1777 1781 1782 1778
f 1778 1782 1783 1779
f 1779 1783 1784 1780
f 1780 1784 1781 1777
v 3903.0 671.0 3427
v 3913.0 671.0 3427
v 3913.0 681.0 3427
v 3903.0 681.0 3427
v 3903.0 671.0 3527
v 3913.0 671.0 3527
v 3913.0 681.0 3527
v 3903.0 681.0 3527
f 1785 1786 1787 1788
f 1789 1792 1791 1790
f 1785 1789 1790 1786
f 1786 1790 1791 1787
f 1787 1791 1792 1788
f 1788 1792 1789 1785
v 4826.0 1129.0 4095
v 4836.0 1129.0 4095
v 4836.0 1139.0 4095
v 4826.0 1139.0 4095
v 4826.0 1129.0 4183
v 4836.0 1129.0 4183
v 4836.0 1139.0 4183
v 4826.0 1139.0 4183
f 1793 1794 1795 1796
f 1797 1800 1799 1798
f 1793 1797 1798 1794
f 1794 1798 1799 1795
f 1795 1799 1800 1796
f 1796 1800 1797 1793
v 1911.0 4847.0 190
v 1921.0 4847.0 190
v 1921.0 4857.0 190
v 1911.0 4857.0 190
v 1911.0 4847.0 245
v 1921.0 4847.0 245
v 1921.0 4857.0 245
v 1911.0 4857.0 245
f 1801 1802 1803 1804
f 1805 1808 1807 1806
f 1801 1805 1806 1802
f 1802 1806 1807 1803
f 1803 1807 1808 1804
f 1804 1808 1805 1801
v 3872.0 1831.0 3508
v 3882.0 1831.0 3508
v 3882.0 1841.0 3508
v 3872.0 1841.0 3508
v 3872.0 1831.0 3580
v 3882.0 1831.0 3580
v 3882.0 1841.0 3580
v 3872.0 1841.0 3580
f 1809 1810 1811 1812
f 1813 1816 1815 1814
f 1809 1813 1814 1810
f 1810 1814 1815 1811
f 1811 1815 1816 1812
f 1812 1816 1813 1809
v 1406.0 2598.0 4064
v 1416.0 2598.0 4064
v 1416.0 2608.0 4064
v 1406.0 2608.0 4064
v 1406.0 2598.0 4089
v 1416.0 2598.0 4089
v 1416.0 2608.0 4089
v 1406.0 2608.0 4089
f 1817 1818 1819 1820
f 1821 1824 1823 1822
f 1817 1821 1822 1818
f 1818 1822 1823 1819
f 1819 1823 1824 1820
f 1820 1824 1821 1817
v 4528.0 484.0 1485
v 4538.0 484.0 1485
v 4538.0 494.0 1485
v 4528.0 494.0 1485
v 4528.0 484.0 1528
v 4538.0 484.0 1528
v 4538.0 494.0 1528
v 4528.0 494.0 1528
f 1825 1826 1827 1828
f 1829 1832 1831 1830
f 1825 1829 1830 1826
f 1826 1830 1831 1827
f 1827 1831 1832 1828
f 1828 1832 1829 1825
v 3292.0 1995.0 3611
v 3302.0 1995.0 3611
v 3302.0 2005.0 3611
v 3292.0 2005.0 3611
v 3292.0 1995.0 3650
v 3302.0 1995.0 3650
v 3302.0 2005.0 3650
v 3292.0 2005.0 3650
f 1833 1834 1835 1836
f 1837 1840 1839 1838
f 1833 1837 1838 1834
f 1834 1838 1839 1835
f 1835 1839 1840 1836
f 1836 1840 1837 1833
v 760.0 2464.0 2075
v 770.0 2464.0 2075
v 770.0 2474.0 2075
v 760.0 2474.0 2075
v 760.0 2464.0 2175
v 770.0 2464.0 2175
v 770.0 2474.0 2175
v 760.0 2474.0 2175
f 1841 1842 1843 1844
f 1845 1848 1847 1846
f 1841 1845 1846 1842
f 1842 1846 1847 1843
f 1843 1847 1848 1844
f 1844 1848 1845 1841
v 3221.0 4831.0 291
v 3231.0 4831.0 291
v 3231.0 4841.0 291
v 3221.0 4841.0 291
v 3221.0 4831.0 347
v 3231.0 4831.0 347
v 3231.0 4841.0 347
v 3221.0 4841.0 347
f 1849 1850 1851 1852
f 1853 1856 1855 1854
f 1849 1853 1854 1850
f 1850 1854 1855 1851
f 1851 1855 1856 1852
f 1852 1856 1853 1849
v 4052.0 1906.0 2360
v 4062.0 1906.0 2360
v 4062.0 1916.0 2360
v 4052.0 1916.0 2360
v 4052.0 1906.0 2404
v 4062.0 1906.0 2404
v 4062.0 1916.0 2404
v 4052.0 1916.0 2404
f 1857 1858 1859 1860
f 1861 1864 1863 1862
f 1857 1861 1862 1858
f 1858 1862 1863 1859
f 1859 1863 1864 1860
f 1860 1864 1861 1857
v 1067.0 4324.0 1135
v 1077.0 4324.0 1135
v 1077.0 4334.0 1135
v 1067.0 4334.0 1135
v 1067.0 4324.0 1209
v 1077.0 4324.0 1209
v 1077.0 4334.0 1209
v 1067.0 4334.0 1209
f 1865 1866 1867 1868
f 1869 1872 1871 1870
f 1865 1869 1870 1866
f 1866 1870 1871 1867
f 1867 1871 1872 1868
f 1868 1872 1869 1865
v 2492.0 4064.0 1616
v 2502.0 4064.0 1616
v 2502.0 4074.0 1616
v 2492.0 4074.0 1616
v 2492.0 4064.0 1700
v 2502.0 4064.0 1700
v 2502.0 4074.0 1700
v 2492.0 4074.0 1700
f 1873 1874 1875 1876
f 1877 1880 1879 1878
f 1873 1877 1878 1874
f 1874 1878 1879 1875
f 1875 1879 1880 1876
f 1876 1880 1877 1873
v 3291.0 1226.0 2639
v 3301.0 1226.0 2639
v 3301.0 1236.0 2639
v 3291.0 1236.0 2639
v 3291.0 1226.0 2738
v 3301.0 1226.0 2738
v 3301.0 1236.0 2738
v 3291.0 1236.0 2738
f 1881 1882 1883 1884
f 1885 1888 1887 1886
f 1881 1885 1886 1882
f 1882 1886 1887 1883
f 1883 1887 1888 1884
f 1884 1888 1885 1881
v 2573.0 688.0 3172
v 2583.0 688.0 3172
v 2583.0 698.0 3172
v 2573.0 698.0 3172
v 2573.0 688.0 3217
v 2583.0 688.0 3217
v 2583.0 698.0 3217
v 2573.0 698.0 3217
f 1889 1890 1891 1892
f 1893 1896 1895 1894
f 1889 1893 1894 1890
f 1890 1894 1895 1891
f 1891 1895 1896 1892
f 1892 1896 1893 1889
v 222.0 153.0 3900
v 232.0 153.0 3900
v 232.0 163.0 3900
v 222.0 163.0 3900
v 222.0 153.0 3958
v 232.0 153.0 3958
v 232.0 163.0 3958
v 222.0 163.0 3958
f 1897 1898 1899 1900
f 1901 1904 1903 1902
f 1897 1901 1902 1898
f 1898 1902 1903 1899
f 1899 1903 1904 1900
f 1900 1904 1901 1897
v 3185.0 4817.0 2737
v 3195.0 4817.0 2737
v 3195.0 4827.0 2737
v 3185.0 4827.0 2737
v 3185.0 4817.0 2801
v 3195.0 4817.0 2801
v 3195.0 4827.0 2801
v 3185.0 4827.0 2801
f 1905 1906 1907 1908
f 1909 1912 1911 1910
f 1905 1909 1910 1906
f 1906 1910 1911 1907
f 1907 1911 1912 1908
f 1908 1912 1909 1905
v 3158.0 2356.0 2507
v 3168.0 2356.0 2507
v 3168.0 2366.0 2507
v 3158.0 2366.0 2507
v 3158.0 2356.0 2571
v 3168.0 2356.0 2571
v 3168.0 2366.0 2571
v 3158.0 2366.0 2571
f 1913 1914 1915 1916
f 1917 1920 1919 1918
f 1913 1917 1918 1914
f 1914 1918 1919 1915
f 1915 1919 1920 1916
f 1916 1920 1917 1913
v 4698.0 3653.0 2003
v 4708.0 3653.0 2003
v 4708.0 3663.0 2003
v 4698.0 3663.0 2003
v 4698.0 3653.0 2087
v 4708.0 3653.0 2087
v 4708.0 3663.0 2087
v 4698.0 3663.0 2087
f 1921 1922 1923 1924
f 1925 1928 1927 1926
f 1921 1925 1926 1922
f 1922 1926 1927 1923
f 1923 1927 1928 1924
f 1924 1928 1925 1921
v 2057.0 2870.0 655
v 2067.0 2870.0 655
v 2067.0 2880.0 655
v 2057.0 2880.0 655
v 2057.0 2870.0 668
v 2067.0 2870.0 668
v 2067.0 2880.0 668
v 2057.0 2880.0 668
f 1929 1930 1931 1932
f 1933 1936 1935 1934
f 1929 1933 1934 1930
f 1930 1934 1935 1931
f 1931 1935 1936 1932
f 1932 1936 1933 1929
v 1217.0 3233.0 2595
v 1227.0 3233.0 2595
v 1227.0 3243.0 2595
v 1217.0 3243.0 2595
v 1217.0 3233.0 2685
v 1227.0 3233.0 2685
v 1227.0 3243.0 2685
v 1217.0 3243.0 2685
f 1937 1938 1939 1940
f 1941 1944 1943 1942
f 1937 1941 1942 1938
f 1938 1942 1943 1939
f 1939 1943 1944 1940
f 1940 1944 1941 1937
v 4729.0 4079.0 4746
v 4739.0 4079.0 4746
v 4739.0 4089.0 4746
v 4729.0 4089.0 4746
v 4729.0 4079.0 4775
v 4739.0 4079.0 4775
v 4739.0 4089.0 4775
v 4729.0 4089.0 4775
f 1945 1946 1947 1948
f 1949 1952 1951 1950
f 1945 1949 1950 1946
f 1946 1950 1951 1947
f 1947 1951 1952 1948
f 1948 1952 1949 1945
v 4361.0 3131.0 3427
v 4371.0 3131.0 3427
v 4371.0 3141.0 3427
v 4361.0 3141.0 3427
v 4361.0 3131.0 3463
v 4371.0 3131.0 3463
v 4371.0 3141.0 3463
v 4361.0 3141.0 3463
f 1953 1954 1955 1956
f 1957 1960 1959 1958
f 1953 1957 1958 1954
f 1954 1958 1959 1955
f 1955 1959 1960 1956
f 1956 1960 1957 1953
v 3467.0 953.0 4891
v 3477.0 953.0 4891
v 3477.0 963.0 4891
v 3467.0 963.0 4891
v 3467.0 953.0 4947
v 3477.0 953.0 4947
v 3477.0 963.0 4947
v 3467.0 963.0 4947
f 1961 1962 1963 1964
f 1965 1968 1967 1966
f 1961 1965 1966 1962
f 1962 1966 1967 1963
f 1963 1967 1968 1964
f 1964 1968 1965 1961
v 3200.0 3995.0 3923
v 3210.0 3995.0 3923
v 3210.0 4005.0 3923
v 3200.0 4005.0 3923
v 3200.0 3995.0 4019
v 3210.0 3995.0 4019
v 3210.0 4005.0 4019
v 3200.0 4005.0 4019
f 1969 1970 1971 1972
f 1973 1976 1975 1974
f 1969 1973 1974 1970
f 1970 1974 1975 1971
f 1971 1975 1976 1972
f 1972 1976 1973 1969
v 3652.0 2803.0 203
v 3662.0 2803.0 203
v 3662.0 2813.0 203
v 3652.0 2813.0 203
v 3652.0 2803.0 252
v 3662.0 2803.0 252
v 3662.0 2813.0 252
v 3652.0 2813.0 252
f 1977 1978 1979 1980
f 1981 1984 1983 1982
f 1977 1981 1982 1978
f 1978 1982 1983 1979
f 1979 1983 1984 1980
f 1980 1984 1981 1977
v 55.0 3768.0 1886
v 65.0 3768.0 1886
v 65.0 3778.0 1886
v 55.0 3778.0 1886
v 55.0 3768.0 1942
v 65.0 3768.0 1942
v 65.0 3778.0 1942
v 55.0 3778.0 1942
f 1985 1986 1987 1988
f 1989 1992 1991 1990
f 1985 1989 1990 1986
f 1986 1990 1991 1987
f 1987 1991 1992 1988
f 1988 1992 1989 1985
v 476.0 550.0 1795
v 486.0 550.0 1795
v 486.0 560.0 1795
v 476.0 560.0 1795
v 476.0 550.0 1865
v 486.0 550.0 1865
v 486.0 560.0 1865
v 476.0 560.0 1865
f 1993 1994 1995 1996
f 1997 2000 1999 1998
f 1993 1997 1998 1994
f 1994 1998 1999 1995
f 1995 1999 2000 1996
f 1996 2000 1997 1993
v 4515.0 378.0 276
v 4525.0 378.0 276
v 4525.0 388.0 276
v 4515.0 388.0 276
v 4515.0 378.0 356
v 4525.0 378.0 356
v 4525.0 388.0 356
v 4515.0 388.0 356
f 2001 2002 2003 2004
f 2005 2008 2007 2006
f 2001 2005 2006 2002
f 2002 2006 2007 2003
f 2003 2007 2008 2004
f 2004 2008 2005 2001
v 2051.0 2268.0 4396
v 2061.0 2268.0 4396
v 2061.0 2278.0 4396
v 2051.0 2278.0 4396
v 2051.0 2268.0 4480
v 2061.0 2268.0 4480
v 2061.0 2278.0 4480
v 2051.0 2278.0 4480
f 2009 2010 2011 2012
f 2013 2016 2015 2014
f 2009 2013 2014 2010
f 2010 2014 2015 2011
f 2011 2015 2016 2012
f 2012 2016 2013 2009
v 1365.0 3849.0 4098
v 1375.0 3849.0 4098
v 1375.0 3859.0 4098
v 1365.0 3859.0 4098
v 1365.0 3849.0 4123
v 1375.0 3849.0 4123
v 1375.0 3859.0 4123
v 1365.0 3859.0 4123
f 2017 2018 2019 2020
f 2021 2024 2023 2022
f 2017 2021 2022 2018
f 2018 2022 2023 2019
f 2019 2023 2024 2020
f 2020 2024 2021 2017
v 3077.0 706.0 1378
v 3087.0 706.0 1378
v 3087.0 716.0 1378
v 3077.0 716.0 1378
v 3077.0 706.0 1398
v 3087.0 706.0 1398
v 3087.0 716.0 1398
v 3077.0 716.0 1398
f 2025 2026 2027 2028
f 2029 2032 2031 2030
f 2025 2029 2030 2026
f 2026 2030 2031 2027
f 2027 2031 2032 2028
f 2028 2032 2029 2025
v 2422.0 4871.0 4349
v 2432.0 4871.0 4349
v 2432.0 4881.0 4349
v 2422.0 4881.0 4349
v 2422.0 4871.0 4375
v 2432.0 4871.0 4375
v 2432.0 4881.0 4375
v 2422.0 4881.0 4375
f 2033 2034 2035 2036
f 2037 2040 2039 2038
f 2033 2037 2038 2034
f 2034 2038 2039 2035
f 2035 2039 2040 2036
f 2036 2040 2037 2033
v 144.0 3218.0 3979
v 154.0 3218.0 3979
v 154.0 3228.0 3979
v 144.0 3228.0 3979
v 144.0 3218.0 3990
v 154.0 3218.0 3990
v 154.0 3228.0 3990
v 144.0 3228.0 3990
f 2041 2042 2043 2044
f 2045 2048 2047 2046
f 2041 2045 2046 2042
f 2042 2046 2047 2043
f 2043 2047 2048 2044
f 2044 2048 2045 2041
v 3303.0 1421.0 1999
v 3313.0 1421.0 1999
v 3313.0 1431.0 1999
v 3303.0 1431.0 1999
v 3303.0 1421.0 2057
v 3313.0 1421.0 2057
v 3313.0 1431.0 2057
v 3303.0 1431.0 2057
f 2049 2050 2051 2052
f 2053 2056 2055 2054
f 2049 2053 2054 2050
f 2050 2054 2055 2051
f 2051 2055 2056 2052
f 2052 2056 2053 2049
v 2852.0 95.0 1610
v 2862.0 95.0 1610
v 2862.0 105.0 1610
v 2852.0 105.0 1610
v 2852.0 95.0 1639
v 2862.0 95.0 1639
v 2862.0 105.0 1639
v 2852.0 105.0 1639
f 2057 2058 2059 2060
f 2061 2064 2063 2062
f 2057 2061 2062 2058
f 2058 2062 2063 2059
f 2059 2063 2064 2060
f 2060 2064 2061 2057
v 4508.0 4017.0 3953
v 4518.0 4017.0 3953
v 4518.0 4027.0 3953
v 4508.0 4027.0 3953
v 4508.0 4017.0 3970
v 4518.0 4017.0 3970
v 4518.0 4027.0 3970
v 4508.0 4027.0 3970
f 2065 2066 2067 2068
f 2069 2072 2071 2070
f 2065 2069 2070 2066
f 2066 2070 2071 2067
f 2067 2071 2072 2068
f 2068 2072 2069 2065
v 870.0 1210.0 3621
v 880.0 1210.0 3621
v 880.0 1220.0 3621
v 870.0 1220.0 3621
v 870.0 1210.0 3694
v 880.0 1210.0 3694
v 880.0 1220.0 3694
v 870.0 1220.0 3694
f 2073 2074 2075 2076
f 2077 2080 2079 2078
f 2073 2077 2078 2074
f 2074 2078 2079 2075
f 2075 2079 2080 2076
f 2076 2080 2077 2073
v 2440.0 1958.0 2051
v 2450.0 1958.0 2051
v 2450.0 1968.0 2051
v 2440.0 1968.0 2051
v 2440.0 1958.0 2124
v 2450.0 1958.0 2124
v 2450.0 1968.0 2124
v 2440.0 1968.0 2124
f 2081 2082 2083 2084
f 2085 2088 2087 2086
f 2081 2085 2086 2082
f 2082 2086 2087 2083
f 2083 2087 2088 2084
f 2084 2088 2085 2081
v 4337.0 4197.0 2310
v 4347.0 4197.0 2310
v 4347.0 4207.0 2310
v 4337.0 4207.0 2310
v 4337.0 4197.0 2317
v 4347.0 4197.0 2317
v 4347.0 4207.0 2317
v 4337.0 4207.0 2317
f 2089 2090 2091 2092
f 2093 2096 2095 2094
f 2089 2093 2094 2090
f 2090 2094 2095 2091
f 2091 2095 2096 2092
f 2092 2096 2093 2089
v 3316.0 3232.0 2683
v 3326.0 3232.0 2683
v 3326.0 3242.0 2683
v 3316.0 3242.0 2683
v 3316.0 3232.0 2729
v 3326.0 3232.0 2729
v 3326.0 3242.0 2729
v 3316.0 3242.0 2729
f 2097 2098 2099 2100
f 2101 2104 2103 2102
f 2097 2101 2102 2098
f 2098 2102 2103 2099
f 2099 2103 2104 2100
f 2100 2104 2101 2097
v 472.0 1565.0 753
v 482.0 1565.0 753
v 482.0 1575.0 753
v 472.0 1575.0 753
v 472.0 1565.0 795
v 482.0 1565.0 795
v 482.0 1575.0 795
v 472.0 1575.0 795
f 2105 2106 2107 2108
f 2109 2112 2111 2110
f 2105 2109 2110 2106
f 2106 2110 2111 2107
f 2107 2111 2112 2108
f 2108 2112 2109 2105
v 29.0 326.0 2807
v 39.0 326.0 2807
v 39.0 336.0 2807
v 29.0 336.0 2807
v 29.0 326.0 2853
v 39.0 326.0 2853
v 39.0 336.0 2853
v 29.0 336.0 2853
f 2113 2114 2115 2116
f 2117 2120 2119 2118
f 2113 2117 2118 2114
f 2114 2118 2119 2115
f 2115 2119 2120 2116
f 2116 2120 2117 2113
v 1289.0 4647.0 3951
v 1299.0 4647.0 3951
v 1299.0 4657.0 3951
v 1289.0 4657.0 3951
v 1289.0 4647.0 4010
v 1299.0 4647.0 4010
v 1299.0 4657.0 4010
v 1289.0 4657.0 4010
f 2121 2122 2123 2124
f 2125 2128 2127 2126
f 2121 2125 2126 2122
f 2122 2126 2127 2123
f 2123 2127 2128 2124
f 2124 2128 2125 2121
v 2524.0 352.0 784
v 2534.0 352.0 784
v 2534.0 362.0 784
v 2524.0 362.0 784
v 2524.0 352.0 801
v 2534.0 352.0 801
v 2534.0 362.0 801
v 2524.0 362.0 801
f 2129 2130 2131 2132
f 2133 2136 2135 2134
f 2129 2133 2134 2130
f 2130 2134 2135 2131
f 2131 2135 2136 2132
f 2132 2136 2133 2129
v 2405.0 1711.0 3321
v 2415.0 1711.0 3321
v 2415.0 1721.0 3321
v 2405.0 1721.0 3321
v 2405.0 1711.0 3363
v 2415.0 1711.0 3363
v 2415.0 1721.0 3363
v 2405.0 1721.0 3363
f 2137 2138 2139 2140
f 2141 2144 2143 2142
f 2137 2141 2142 2138
f 2138 2142 2143 2139
f 2139 2143 2144 2140
f 2140 2144 2141 2137
v 2332.0 1150.0 4241
v 2342.0 1150.0 4241
v 2342.0 1160.0 4241
v 2332.0 1160.0 4241
v 2332.0 1150.0 4281
v 2342.0 1150.0 4281
v 2342.0 1160.0 4281
v 2332.0 1160.0 4281
f 2145 2146 2147 2148
f 2149 2152 2151 2150
f 2145 2149 2150 2146
f 2146 2150 2151 2147
f 2147 2151 2152 2148
f 2148 2152 2149 2145
v 4681.0 2423.0 2592
v 4691.0 2423.0 2592
v 4691.0 2433.0 2592
v 4681.0 2433.0 2592
v 4681.0 2423.0 2671
v 4691.0 2423.0 2671
v 4691.0 2433.0 2671
v 4681.0 2433.0 2671
f 2153 2154 2155 2156
f 2157 2160 2159 2158
f 2153 2157 2158 2154
f 2154 2158 2159 2155
f 2155 2159 2160 2156
f 2156 2160 2157 2153
v 920.0 4739.0 2555
v 930.0 4739.0 2555
v 930.0 4749.0 2555
v 920.0 4749.0 2555
v 920.0 4739.0 2607
v 930.0 4739.0 2607
v 930.0 4749.0 2607
v 920.0 4749.0 2607
f 2161 2162 2163 2164
f 2165 2168 2167 2166
f 2161 2165 2166 2162
f 2162 2166 2167 2163
f 2163 2167 2168 2164
f 2164 2168 2165 2161
v 2948.0 2849.0 3800
v 2958.0 2849.0 3800
v 2958.0 2859.0 3800
v 2948.0 2859.0 3800
v 2948.0 2849.0 3836
v 2958.0 2849.0 3836
v 2958.0 2859.0 3836
v 2948.0 2859.0 3836
f 2169 2170 2171 2172
f 2173 2176 2175 2174
f 2169 2173 2174 2170
f 2170 2174 2175 2171
f 2171 2175 2176 2172
f 2172 2176 2173 2169
v 2739.0 4434.0 4
v 2749.0 4434.0 4
v 2749.0 4444.0 4
v 2739.0 4444.0 4
v 2739.0 4434.0 13
v 2749.0 4434.0 13
v 2749.0 4444.0 13
v 2739.0 4444.0 13
f 2177 2178 2179 2180
f 2181 2184 2183 2182
f 2177 2181 2182 2178
f 2178 2182 2183 2179
f 2179 2183 2184 2180
f 2180 2184 2181 2177
v 2473.0 4613.0 1140
v 2483.0 4613.0 1140
v 2483.0 4623.0 1140
v 2473.0 4623.0 1140
v 2473.0 4613.0 1172
v 2483.0 4613.0 1172
v 2483.0 4623.0 1172
v 2473.0 4623.0 1172
f 2185 2186 2187 2188
f 2189 2192 2191 2190
f 2185 2189 2190 2186
f 2186 2190 2191 2187
f 2187 2191 2192 2188
f 2188 2192 2189 2185
v 2288.0 111.0 4885
v 2298.0 111.0 4885
v 2298.0 121.0 4885
v 2288.0 121.0 4885
v 2288.0 111.0 4892
v 2298.0 111.0 4892
v 2298.0 121.0 4892
v 2288.0 121.0 4892
f 2193 2194 2195 2196
f 2197 2200 2199 2198
f 2193 2197 2198 2194
f 2194 2198 2199 2195
f 2195 2199 2200 2196
f 2196 2200 2197 2193
v 3252.0 4604.0 1661
v 3262.0 4604.0 1661
v 3262.0 4614.0 1661
v 3252.0 4614.0 1661
v 3252.0 4604.0 1704
v 3262.0 4604.0 1704
v 3262.0 4614.0 1704
v 3252.0 4614.0 1704
f 2201 2202 2203 2204
f 2205 2208 2207 2206
f 2201 2205 2206 2202
f 2202 2206 2207 2203
f 2203 2207 2208 2204
f 2204 2208 2205 2201
v 1015.0 530.0 3853
v 1025.0 530.0 3853
v 1025.0 540.0 3853
v 1015.0 540.0 3853
v 1015.0 530.0 3946
v 1025.0 530.0 3946
v 1025.0 540.0 3946
v 1015.0 540.0 3946
f 2209 2210 2211 2212
f 2213 2216 2215 2214
f 2209 2213 2214 2210
f 2210 2214 2215 2211
f 2211 2215 2216 2212
f 2212 2216 2213 2209
v 3902.0 2811.0 2979
v 3912.0 2811.0 2979
v 3912.0 2821.0 2979
v 3902.0 2821.0 2979
v 3902.0 2811.0 3033
v 3912.0 2811.0 3033
v 3912.0 2821.0 3033
v 3902.0 2821.0 3033
f 2217 2218 2219 2220
f 2221 2224 2223 2222
f 2217 2221 2222 2218
f 2218 2222 2223 2219
f 2219 2223 2224 2220
f 2220 2224 2221 2217
v 136.0 3028.0 4909
v 146.0 3028.0 4909
v 146.0 3038.0 4909
v 136.0 3038.0 4909
v 136.0 3028.0 4971
v 146.0 3028.0 4971
v 146.0 3038.0 4971
v 136.0 3038.0 4971
f 2225 2226 2227 2228
f 2229 2232 2231 2230
f 2225 2229 2230 2226
f 2226 2230 2231 2227
f 2227 2231 2232 2228
f 2228 2232 2229 2225
v 3321.0 3888.0 4294
v 3331.0 3888.0 4294
v 3331.0 3898.0 4294
v 3321.0 3898.0 4294
v 3321.0 3888.0 4346
v 3331.0 3888.0 4346
v 3331.0 3898.0 4346
v 3321.0 3898.0 4346
f 2233 2234 2235 2236
f 2237 2240 2239 2238
f 2233 2237 2238 2234
f 2234 2238 2239 2235
f 2235 2239 2240 2236
f 2236 2240 2237 2233
v 945.0 4865.0 1301
v 955.0 4865.0 1301
v 955.0 4875.0 1301
v 945.0 4875.0 1301
v 945.0 4865.0 1304
v 955.0 4865.0 1304
v 955.0 4875.0 1304
v 945.0 4875.0 1304
f 2241 2242 2243 2244
f 2245 2248 2247 2246
f 2241 2245 2246 2242
f 2242 2246 2247 2243
f 2243 2247 2248 2244
f 2244 2248 2245 2241
v 4518.0 1794.0 3033
v 4528.0 1794.0 3033
v 4528.0 1804.0 3033
v 4518.0 1804.0 3033
v 4518.0 1794.0 3090
v 4528.0 1794.0 3090
v 4528.0 1804.0 3090
v 4518.0 1804.0 3090
f 2249 2250 2251 2252
f 2253 2256 2255 2254
f 2249 2253 2254 2250
f 2250 2254 2255 2251
f 2251 2255 2256 2252
f 2252 2256 2253 2249
v 2670.0 4786.0 3571
v 2680.0 4786.0 3571
v 2680.0 4796.0 3571
v 2670.0 4796.0 3571
v 2670.0 4786.0 3590
v 2680.0 4786.0 3590
v 2680.0 4796.0 3590
v 2670.0 4796.0 3590
f 2257 2258 2259 2260
f 2261 2264 2263 2262
f 2257 2261 2262 2258
f 2258 2262 2263 2259
f 2259 2263 2264 2260
f 2260 2264 2261 2257
v 1252.0 2724.0 4268
v 1262.0 2724.0 4268
v 1262.0 2734.0 4268
v 1252.0 2734.0 4268
v 1252.0 2724.0 4356
v 1262.0 2724.0 4356
v 1262.0 2734.0 4356
v 1252.0 2734.0 4356
f 2265 2266 2267 2268
f 2269 2272 2271 2270
f 2265 2269 2270 2266
f 2266 2270 2271 2267
f 2267 2271 2272 2268
f 2268 2272 2269 2265
v 3686.0 2441.0 2826
v 3696.0 2441.0 2826
v 3696.0 2451.0 2826
v 3686.0 2451.0 2826
v 3686.0 2441.0 2853
v 3696.0 2441.0 2853
v 3696.0 2451.0 2853
v 3686.0 2451.0 2853
f 2273 2274 2275 2276
f 2277 2280 2279 2278
f 2273 2277 2278 2274
f 2274 2278 2279 2275
f 2275 2279 2280 2276
f 2276 2280 2277 2273
v 4607.0 2902.0 1796
v 4617.0 2902.0 1796
v 4617.0 2912.0 1796
v 4607.0 2912.0 1796
v 4607.0 2902.0 1847
v 4617.0 2902.0 1847
v 4617.0 2912.0 1847
v 4607.0 2912.0 1847
f 2281 2282 2283 2284
f 2285 2288 2287 2286
f 2281 2285 2286 2282
f 2282 2286 2287 2283
f 2283 2287 2288 2284
f 2284 2288 2285 2281
v 2863.0 4631.0 2928
v 2873.0 4631.0 2928
v 2873.0 4641.0 2928
v 2863.0 4641.0 2928
v 2863.0 4631.0 2982
v 2873.0 4631.0 2982
v 2873.0 4641.0 2982
v 2863.0 4641.0 2982
f 2289 2290 2291 2292
f 2293 2296 2295 2294
f 2289 2293 2294 2290
f 2290 2294 2295 2291
f 2291 2295 2296 2292
f 2292 2296 2293 2289
v 3501.0 881.0 3645
v 3511.0 881.0 3645
v 3511.0 891.0 3645
v 3501.0 891.0 3645
v 3501.0 881.0 3691
v 3511.0 881.0 3691
v 3511.0 891.0 3691
v 3501.0 891.0 3691
f 2297 2298 2299 2300
f 2301 2304 2303 2302
f 2297 2301 2302 2298
f 2298 2302 2303 2299
f 2299 2303 2304 2300
f 2300 2304 2301 2297
v 1164.0 4584.0 135
v 1174.0 4584.0 135
v 1174.0 4594.0 135
v 1164.0 4594.0 135
v 1164.0 4584.0 167
v 1174.0 4584.0 167
v 1174.0 4594.0 167
v 1164.0 4594.0 167
f 2305 2306 2307 2308
f 2309 2312 2311 2310
f 2305 2309 2310 2306
f 2306 2310 2311 2307
f 2307 2311 2312 2308
f 2308 2312 2309 2305
v 4650.0 3366.0 2241
v 4660.0 3366.0 2241
v 4660.0 3376.0 2241
v 4650.0 3376.0 2241
v 4650.0 3366.0 2292
v 4660.0 3366.0 2292
v 4660.0 3376.0 2292
v 4650.0 3376.0 2292
f 2313 2314 2315 2316
f 2317 2320 2319 2318
f 2313 2317 2318 2314
f 2314 2318 2319 2315
f 2315 2319 2320 2316
f 2316 2320 2317 2313
v 4740.0 3194.0 1731
v 4750.0 3194.0 1731
v 4750.0 3204.0 1731
v 4740.0 3204.0 1731
v 4740.0 3194.0 1828
v 4750.0 3194.0 1828
v 4750.0 3204.0 1828
v 4740.0 3204.0 1828
f 2321 2322 2323 2324
f 2325 2328 2327 2326
f 2321 2325 2326 2322
f 2322 2326 2327 2323
f 2323 2327 2328 2324
f 2324 2328 2325 2321
v 3821.0 3745.0 3438
v 3831.0 3745.0 3438
v 3831.0 3755.0 3438
v 3821.0 3755.0 3438
v 3821.0 3745.0 3493
v 3831.0 3745.0 3493
v 3831.0 3755.0 3493
v 3821.0 3755.0 3493
f 2329 2330 2331 2332
f 2333 2336 2335 2334
f 2329 2333 2334 2330
f 2330 2334 2335 2331
f 2331 2335 2336 2332
f 2332 2336 2333 2329
v 2402.0 4907.0 4299
v 2412.0 4907.0 4299
v 2412.0 4917.0 4299
v 2402.0 4917.0 4299
v 2402.0 4907.0 4378
v 2412.0 4907.0 4378
v 2412.0 4917.0 4378
v 2402.0 4917.0 4378
f 2337 2338 2339 2340
f 2341 2344 2343 2342
f 2337 2341 2342 2338
f 2338 2342 2343 2339
f 2339 2343 2344 2340
f 2340 2344 2341 2337
v 778.0 3328.0 2124
v 788.0 3328.0 2124
v 788.0 3338.0 2124
v 778.0 3338.0 2124
v 778.0 3328.0 2162
v 788.0 3328.0 2162
v 788.0 3338.0 2162
v 778.0 3338.0 2162
f 2345 2346 2347 2348
f 2349 2352 2351 2350
f 2345 2349 2350 2346
f 2346 2350 2351 2347
f 2347 2351 2352 2348
f 2348 2352 2349 2345
v 1844.0 1053.0 2037
v 1854.0 1053.0 2037
v 1854.0 1063.0 2037
v 1844.0 1063.0 2037
v 1844.0 1053.0 2081
v 1854.0 1053.0 2081
v 1854.0 1063.0 2081
v 1844.0 1063.0 2081
f 2353 2354 2355 2356
f 2357 2360 2359 2358
f 2353 2357 2358 2354
f 2354 2358 2359 2355
f 2355 2359 2360 2356
f 2356 2360 2357 2353
v 2962.0 3025.0 2679
v 2972.0 3025.0 2679
v 2972.0 3035.0 2679
v 2962.0 3035.0 2679
v 2962.0 3025.0 2687
v 2972.0 3025.0 2687
v 2972.0 3035.0 2687
v 2962.0 3035.0 2687
f 2361 2362 2363 2364
f 2365 2368 2367 2366
f 2361 2365 2366 2362
f 2362 2366 2367 2363
f 2363 2367 2368 2364
f 2364 2368 2365 2361
v 4575.0 3830.0 443
v 4585.0 3830.0 443
v 4585.0 3840.0 443
v 4575.0 3840.0 443
v 4575.0 3830.0 530
v 4585.0 3830.0 530
v 4585.0 3840.0 530
v 4575.0 3840.0 530
f 2369 2370 2371 2372
f 2373 2376 2375 2374
f 2369 2373 2374 2370
f 2370 2374 2375 2371
f 2371 2375 2376 2372
f 2372 2376 2373 2369
v 2534.0 2693.0 3658
v 2544.0 2693.0 3658
v 2544.0 2703.0 3658
v 2534.0 2703.0 3658
v 2534.0 2693.0 3753
v 2544.0 2693.0 3753
v 2544.0 2703.0 3753
v 2534.0 2703.0 3753
f 2377 2378 2379 2380
f 2381 2384 2383 2382
f 2377 2381 2382 2378
f 2378 2382 2383 2379
f 2379 2383 2384 2380
f 2380 2384 2381 2377
v 1450.0 2457.0 3923
v 1460.0 2457.0 3923
v 1460.0 2467.0 3923
v 1450.0 2467.0 3923
v 1450.0 2457.0 3982
v 1460.0 2457.0 3982
v 1460.0 2467.0 3982
v 1450.0 2467.0 3982
f 2385 2386 2387 2388
f 2389 2392 2391 2390
f 2385 2389 2390 2386
f 2386 2390 2391 2387
f 2387 2391 2392 2388
f 2388 2392 2389 2385
v 1391.0 646.0 431
v 1401.0 646.0 431
v 1401.0 656.0 431
v 1391.0 656.0 431
v 1391.0 646.0 471
v 1401.0 646.0 471
v 1401.0 656.0 471
v 1391.0 656.0 471
f 2393 2394 2395 2396
f 2397 2400 2399 2398
f 2393 2397 2398 2394
f 2394 2398 2399 2395
f 2395 2399 2400 2396
f 2396 2400 2397 2393
v 4104.0 3695.0 3653
v 4114.0 3695.0 3653
v 4114.0 3705.0 3653
v 4104.0 3705.0 3653
v 4104.0 3695.0 3748
v 4114.0 3695.0 3748
v 4114.0 3705.0 3748
v 4104.0 3705.0 3748
f 2401 2402 2403 2404
f 2405 2408 2407 2406
f 2401 2405 2406 2402
f 2402 2406 2407 2403
f 2403 2407 2408 2404
f 2404 2408 2405 2401
v 2515.0 4032.0 535
v 2525.0 4032.0 535
v 2525.0 4042.0 535
v 2515.0 4042.0 535
v 2515.0 4032.0 548
v 2525.0 4032.0 548
v 2525.0 4042.0 548
v 2515.0 4042.0 548
f 2409 2410 2411 2412
f 2413 2416 2415 2414
f 2409 2413 2414 2410
f 2410 2414 2415 2411
f 2411 2415 2416 2412
f 2412 2416 2413 2409
v 4515.0 2969.0 1493
v 4525.0 2969.0 1493
v 4525.0 2979.0 1493
v 4515.0 2979.0 1493
v 4515.0 2969.0 1540
v 4525.0 2969.0 1540
v 4525.0 2979.0 1540
v 4515.0 2979.0 1540
f 2417 2418 2419 2420
f 2421 2424 2423 2422
f 2417 2421 2422 2418
f 2418 2422 2423 2419
f 2419 2423 2424 2420
f 2420 2424 2421 2417
v 4561.0 1412.0 2816
v 4571.0 1412.0 2816
v 4571.0 1422.0 2816
v 4561.0 1422.0 2816
v 4561.0 1412.0 2895
v 4571.0 1412.0 2895
v 4571.0 1422.0 2895
v 4561.0 1422.0 2895
f 2425 2426 2427 2428
f 2429 2432 2431 2430
f 2425 2429 2430 2426
f 2426 2430 2431 2427
f 2427 2431 2432 2428
f 2428 2432 2429 2425
v 22.0 4186.0 4809
v 32.0 4186.0 4809
v 32.0 4196.0 4809
v 22.0 4196.0 4809
v 22.0 4186.0 4893
v 32.0 4186.0 4893
v 32.0 4196.0 4893
v 22.0 4196.0 4893
f 2433 2434 2435 2436
f 2437 2440 2439 2438
f 2433 2437 2438 2434
f 2434 2438 2439 2435
f 2435 2439 2440 2436
f 2436 2440 2437 2433
v 2584.0 504.0 1591
v 2594.0 504.0 1591
v 2594.0 514.0 1591
v 2584.0 514.0 1591
v 2584.0 504.0 1628
v 2594.0 504.0 1628
v 2594.0 514.0 1628
v 2584.0 514.0 1628
f 2441 2442 2443 2444
f 2445 2448 2447 2446
f 2441 2445 2446 2442
f 2442 2446 2447 2443
f 2443 2447 2448 2444
f 2444 2448 2445 2441
v 4911.0 2418.0 1335
v 4921.0 2418.0 1335
v 4921.0 2428.0 1335
v 4911.0 2428.0 1335
v 4911.0 2418.0 1351
v 4921.0 2418.0 1351
v 4921.0 2428.0 1351
v 4911.0 2428.0 1351
f 2449 2450 2451 2452
f 2453 2456 2455 2454
f 2449 2453 2454 2450
f 2450 2454 2455 2451
f 2451 2455 2456 2452
f 2452 2456 2453 2449
v 3265.0 2117.0 1070
v 3275.0 2117.0 1070
v 3275.0 2127.0 1070
v 3265.0 2127.0 1070
v 3265.0 2117.0 1159
v 3275.0 2117.0 1159
v 3275.0 2127.0 1159
v 3265.0 2127.0 1159
f 2457 2458 2459 2460
f 2461 2464 2463 2462
f 2457 2461 2462 2458
f 2458 2462 2463 2459
f 2459 2463 2464 2460
f 2460 2464 2461 2457
v 1042.0 4438.0 4965
v 1052.0 4438.0 4965
v 1052.0 4448.0 4965
v 1042.0 4448.0 4965
v 1042.0 4438.0 4992
v 1052.0 4438.0 4992
v 1052.0 4448.0 4992
v 1042.0 4448.0 4992
f 2465 2466 2467 2468
f 2469 2472 2471 2470
f 2465 2469 2470 2466
f 2466 2470 2471 2467
f 2467 2471 2472 2468
f 2468 2472 2469 2465
v 4119.0 1041.0 1019
v 4129.0 1041.0 1019
v 4129.0 1051.0 1019
v 4119.0 1051.0 1019
v 4119.0 1041.0 1026
v 4129.0 1041.0 1026
v 4129.0 1051.0 1026
v 4119.0 1051.0 1026
f 2473 2474 2475 2476
f 2477 2480 2479 2478
f 2473 2477 2478 2474
f 2474 2478 2479 2475
f 2475 2479 2480 2476
f 2476 2480 2477 2473
v 206.0 572.0 2584
v 216.0 572.0 2584
v 216.0 582.0 2584
v 206.0 582.0 2584
v 206.0 572.0 2662
v 216.0 572.0 2662
v 216.0 582.0 2662
v 206.0 582.0 2662
f 2481 2482 2483 2484
f 2485 2488 2487 2486
f 2481 2485 2486 2482
f 2482 2486 2487 2483
f 2483 2487 2488 2484
f 2484 2488 2485 2481
v 3306.0 4127.0 3892
v 3316.0 4127.0 3892
v 3316.0 4137.0 3892
v 3306.0 4137.0 3892
v 3306.0 4127.0 3923
v 3316.0 4127.0 3923
v 3316.0 4137.0 3923
v 3306.0 4137.0 3923
f 2489 2490 2491 2492
f 2493 2496 2495 2494
f 2489 2493 2494 2490
f 2490 2494 2495 2491
f 2491 2495 2496 2492
f 2492 2496 2493 2489
v 3177.0 106.0 4481
v 3187.0 106.0 4481
v 3187.0 116.0 4481
v 3177.0 116.0 4481
v 3177.0 106.0 4548
v 3187.0 106.0 4548
v 3187.0 116.0 4548
v 3177.0 116.0 4548
f 2497 2498 2499 2500
f 2501 2504 2503 2502
f 2497 2501 2502 2498
f 2498 2502 2503 2499
f 2499 2503 2504 2500
f 2500 2504 2501 2497
v 1163.0 4046.0 3790
v 1173.0 4046.0 3790
v 1173.0 4056.0 3790
v 1163.0 4056.0 3790
v 1163.0 4046.0 3870
v 1173.0 4046.0 3870
v 1173.0 4056.0 3870
v 1163.0 4056.0 3870
f 2505 2506 2507 2508
f 2509 2512 2511 2510
f 2505 2509 2510 2506
f 2506 2510 2511 2507
f 2507 2511 2512 2508
f 2508 2512 2509 2505
v 4596.0 3456.0 1742
v 4606.0 3456.0 1742
v 4606.0 3466.0 1742
v 4596.0 3466.0 1742
v 4596.0 3456.0 1837
v 4606.0 3456.0 1837
v 4606.0 3466.0 1837
v 4596.0 3466.0 1837
f 2513 2514 2515 2516
f 2517 2520 2519 2518
f 2513 2517 2518 2514
f 2514 2518 2519 2515
f 2515 2519 2520 2516
f 2516 2520 2517 2513
v 1276.0 372.0 3985
v 1286.0 372.0 3985
v 1286.0 382.0 3985
v 1276.0 382.0 3985
v 1276.0 372.0 4054
v 1286.0 372.0 4054
v 1286.0 382.0 4054
v 1276.0 382.0 4054
f 2521 2522 2523 2524
f 2525 2528 2527 2526
f 2521 2525 2526 2522
f 2522 2526 2527 2523
f 2523 2527 2528 2524
f 2524 2528 2525 2521
v 4529.0 1911.0 4527
v 4539.0 1911.0 4527
v 4539.0 1921.0 4527
v 4529.0 1921.0 4527
v 4529.0 1911.0 4565
v 4539.0 1911.0 4565
v 4539.0 1921.0 4565
v 4529.0 1921.0 4565
f 2529 2530 2531 2532
f 2533 2536 2535 2534
f 2529 2533 2534 2530
f 2530 2534 2535 2531
f 2531 2535 2536 2532
f 2532 2536 2533 2529
v 2247.0 2380.0 712
v 2257.0 2380.0 712
v 2257.0 2390.0 712
v 2247.0 2390.0 712
v 2247.0 2380.0 788
v 2257.0 2380.0 788
v 2257.0 2390.0 788
v 2247.0 2390.0 788
f 2537 2538 2539 2540
f 2541 2544 2543 2542
f 2537 2541 2542 2538
f 2538 2542 2543 2539
f 2539 2543 2544 2540
f 2540 2544 2541 2537
v 4912.0 960.0 3819
v 4922.0 960.0 3819
v 4922.0 970.0 3819
v 4912.0 970.0 3819
v 4912.0 960.0 3868
v 4922.0 960.0 3868
v 4922.0 970.0 3868
v 4912.0 970.0 3868
f 2545 2546 2547 2548
f 2549 2552 2551 2550
f 2545 2549 2550 2546
f 2546 2550 2551 2547
f 2547 2551 2552 2548
f 2548 2552 2549 2545
v 3458.0 4473.0 733
v 3468.0 4473.0 733
v 3468.0 4483.0 733
v 3458.0 4483.0 733
v 3458.0 4473.0 784
v 3468.0 4473.0 784
v 3468.0 4483.0 784
v 3458.0 4483.0 784
f 2553 2554 2555 2556
f 2557 2560 2559 2558
f 2553 2557 2558 2554
f 2554 2558 2559 2555
f 2555 2559 2560 2556
f 2556 2560 2557 2553
v 4117.0 3837.0 392
v 4127.0 3837.0 392
v 4127.0 3847.0 392
v 4117.0 3847.0 392
v 4117.0 3837.0 475
v 4127.0 3837.0 475
v 4127.0 3847.0 475
v 4117.0 3847.0 475
f 2561 2562 2563 2564
f 2565 2568 2567 2566
f 2561 2565 2566 2562
f 2562 2566 2567 2563
f 2563 2567 2568 2564
f 2564 2568 2565 2561
v 875.0 756.0 3791
v 885.0 756.0 3791
v 885.0 766.0 3791
v 875.0 766.0 3791
v 875.0 756.0 3884
v 885.0 756.0 3884
v 885.0 766.0 3884
v 875.0 766.0 3884
f 2569 2570 2571 2572
f 2573 2576 2575 2574
f 2569 2573 2574 2570
f 2570 2574 2575 2571
f 2571 2575 2576 2572
f 2572 2576 2573 2569
v 4347.0 3852.0 4493
v 4357.0 3852.0 4493
v 4357.0 3862.0 4493
v 4347.0 3862.0 4493
v 4347.0 3852.0 4563
v 4357.0 3852.0 4563
v 4357.0 3862.0 4563
v 4347.0 3862.0 4563
f 2577 2578 2579 2580
f 2581 2584 2583 2582
f 2577 2581 2582 2578
f 2578 2582 2583 2579
f 2579 2583 2584 2580
f 2580 2584 2581 2577
v 3848.0 3812.0 2511
v 3858.0 3812.0 2511
v 3858.0 3822.0 2511
v 3848.0 3822.0 2511
v 3848.0 3812.0 2569
v 3858.0 3812.0 2569
v 3858.0 3822.0 2569
v 3848.0 3822.0 2569
f 2585 2586 2587 2588
f 2589 2592 2591 2590
f 2585 2589 2590 2586
f 2586 2590 2591 2587
f 2587 2591 2592 2588
f 2588 2592 2589 2585
v 4759.0 624.0 4638
v 4769.0 624.0 4638
v 4769.0 634.0 4638
v 4759.0 634.0 4638
v 4759.0 624.0 4677
v 4769.0 624.0 4677
v 4769.0 634.0 4677
v 4759.0 634.0 4677
f 2593 2594 2595 2596
f 2597 2600 2599 2598
f 2593 2597 2598 2594
f 2594 2598 2599 2595
f 2595 2599 2600 2596
f 2596 2600 2597 2593
v 2320.0 4765.0 3423
v 2330.0 4765.0 3423
v 2330.0 4775.0 3423
v 2320.0 4775.0 3423
v 2320.0 4765.0 3461
v 2330.0 4765.0 3461
v 2330.0 4775.0 3461
v 2320.0 4775.0 3461
f 2601 2602 2603 2604
f 2605 2608 2607 2606
f 2601 2605 2606 2602
f 2602 2606 2607 2603
f 2603 2607 2608 2604
f 2604 2608 2605 2601
v 2739.0 2626.0 1207
v 2749.0 2626.0 1207
v 2749.0 2636.0 1207
v 2739.0 2636.0 1207
v 2739.0 2626.0 1294
v 2749.0 2626.0 1294
v 2749.0 2636.0 1294
v 2739.0 2636.0 1294
f 2609 2610 2611 2612
f 2613 2616 2615 2614
f 2609 2613 2614 2610
f 2610 2614 2615 2611
f 2611 2615 2616 2612
f 2612 2616 2613 2609
v 3331.0 1520.0 573
v 3341.0 1520.0 573
v 3341.0 1530.0 573
v 3331.0 1530.0 573
v 3331.0 1520.0 673
v 3341.0 1520.0 673
v 3341.0 1530.0 673
v 3331.0 1530.0 673
f 2617 2618 2619 2620
f 2621 2624 2623 2622
f 2617 2621 2622 2618
f 2618 2622 2623 2619
f 2619 2623 2624 2620
f 2620 2624 2621 2617
v 3000.0 3061.0 425
v 3010.0 3061.0 425
v 3010.0 3071.0 425
v 3000.0 3071.0 425
v 3000.0 3061.0 519
v 3010.0 3061.0 519
v 3010.0 3071.0 519
v 3000.0 3071.0 519
f 2625 2626 2627 2628
f 2629 2632 2631 2630
f 2625 2629 2630 2626
f 2626 2630 2631 2627
f 2627 2631 2632 2628
f 2628 2632 2629 2625
v 1006.0 2494.0 2373
v 1016.0 2494.0 2373
v 1016.0 2504.0 2373
v 1006.0 2504.0 2373
v 1006.0 2494.0 2458
v 1016.0 2494.0 2458
v 1016.0 2504.0 2458
v 1006.0 2504.0 2458
f 2633 2634 2635 2636
f 2637 2640 2639 2638
f 2633 2637 2638 2634
f 2634 2638 2639 2635
f 2635 2639 2640 2636
f 2636 2640 2637 2633
v 1970.0 1390.0 3525
v 1980.0 1390.0 3525
v 1980.0 1400.0 3525
v 1970.0 1400.0 3525
v 1970.0 1390.0 3621
v 1980.0 1390.0 3621
v 1980.0 1400.0 3621
v 1970.0 1400.0 3621
f 2641 2642 2643 2644
f 2645 2648 2647 2646
f 2641 2645 2646 2642
f 2642 2646 2647 2643
f 2643 2647 2648 2644
f 2644 2648 2645 2641
v 376.0 331.0 2872
v 386.0 331.0 2872
v 386.0 341.0 2872
v 376.0 341.0 2872
v 376.0 331.0 2893
v 386.0 331.0 2893
v 386.0 341.0 2893
v 376.0 341.0 2893
f 2649 2650 2651 2652
f 2653 2656 2655 2654
f 2649 2653 2654 2650
f 2650 2654 2655 2651
f 2651 2655 2656 2652
f 2652 2656 2653 2649
v 4237.0 1076.0 1210
v 4247.0 1076.0 1210
v 4247.0 1086.0 1210
v 4237.0 1086.0 1210
v 4237.0 1076.0 1231
v 4247.0 1076.0 1231
v 4247.0 1086.0 1231
v 4237.0 1086.0 1231
f 2657 2658 2659 2660
f 2661 2664 2663 2662
f 2657 2661 2662 2658
f 2658 2662 2663 2659
f 2659 2663 2664 2660
f 2660 2664 2661 2657
v 1182.0 4800.0 3355
v 1192.0 4800.0 3355
v 1192.0 4810.0 3355
v 1182.0 4810.0 3355
v 1182.0 4800.0 3452
v 1192.0 4800.0 3452
v 1192.0 4810.0 3452
v 1182.0 4810.0 3452
f 2665 2666 2667 2668
f 2669 2672 2671 2670
f 2665 2669 2670 2666
f 2666 2670 2671 2667
f 2667 2671 2672 2668
f 2668 2672 2669 2665
v 3230.0 1465.0 2855
v 3240.0 1465.0 2855
v 3240.0 1475.0 2855
v 3230.0 1475.0 2855
v 3230.0 1465.0 2909
v 3240.0 1465.0 2909
v 3240.0 1475.0 2909
v 3230.0 1475.0 2909
f 2673 2674 2675 2676
f 2677 2680 2679 2678
f 2673 2677 2678 2674
f 2674 2678 2679 2675
f 2675 2679 2680 2676
f 2676 2680 2677 2673
v 668.0 2188.0 3140
v 678.0 2188.0 3140
v 678.0 2198.0 3140
v 668.0 2198.0 3140
v 668.0 2188.0 3197
v 678.0 2188.0 3197
v 678.0 2198.0 3197
v 668.0 2198.0 3197
f 2681 2682 2683 2684
f 2685 2688 2687 2686
f 2681 2685 2686 2682
f 2682 2686 2687 2683
f 2683 2687 2688 2684
f 2684 2688 2685 2681
v 2034.0 2697.0 3816
v 2044.0 2697.0 3816
v 2044.0 2707.0 3816
v 2034.0 2707.0 3816
v 2034.0 2697.0 3904
v 2044.0 2697.0 3904
v 2044.0 2707.0 3904
v 2034.0 2707.0 3904
f 2689 2690 2691 2692
f 2693 2696 2695 2694
f 2689 2693 2694 2690
f 2690 2694 2695 2691
f 2691 2695 2696 2692
f 2692 2696 2693 2689
v 973.0 1416.0 3150
v 983.0 1416.0 3150
v 983.0 1426.0 3150
v 973.0 1426.0 3150
v 973.0 1416.0 3243
v 983.0 1416.0 3243
v 983.0 1426.0 3243
v 973.0 1426.0 3243
f 2697 2698 2699 2700
f 2701 2704 2703 2702
f 2697 2701 2702 2698
f 2698 2702 2703 2699
f 2699 2703 2704 2700
f 2700 2704 2701 2697
v 3760.0 1137.0 1665
v 3770.0 1137.0 1665
v 3770.0 1147.0 1665
v 3760.0 1147.0 1665
v 3760.0 1137.0 1675
v 3770.0 1137.0 1675
v 3770.0 1147.0 1675
v 3760.0 1147.0 1675
f 2705 2706 2707 2708
f 2709 2712 2711 2710
f 2705 2709 2710 2706
f 2706 2710 2711 2707
f 2707 2711 2712 2708
f 2708 2712 2709 2705
v 946.0 1008.0 2789
v 956.0 1008.0 2789
v 956.0 1018.0 2789
v 946.0 1018.0 2789
v 946.0 1008.0 2874
v 956.0 1008.0 2874
v 956.0 1018.0 2874
v 946.0 1018.0 2874
f 2713 2714 2715 2716
f 2717 2720 2719 2718
f 2713 2717 2718 2714
f 2714 2718 2719 2715
f 2715 2719 2720 2716
f 2716 2720 2717 2713
v 2840.0 4199.0 806
v 2850.0 4199.0 806
v 2850.0 4209.0 806
v 2840.0 4209.0 806
v 2840.0 4199.0 822
v 2850.0 4199.0 822
v 2850.0 4209.0 822
v 2840.0 4209.0 822
f 2721 2722 2723 2724
f 2725 2728 2727 2726
f 2721 2725 2726 2722
f 2722 2726 2727 2723
f 2723 2727 2728 2724
f 2724 2728 2725 2721
v 1972.0 1546.0 295
v 1982.0 1546.0 295
v 1982.0 1556.0 295
v 1972.0 1556.0 295
v 1972.0 1546.0 364
v 1982.0 1546.0 364
v 1982.0 1556.0 364
v 1972.0 1556.0 364
f 2729 2730 2731 2732
f 2733 2736 2735 2734
f 2729 2733 2734 2730
f 2730 2734 2735 2731
f 2731 2735 2736 2732
f 2732 2736 2733 2729
v 889.0 2910.0 1923
v 899.0 2910.0 1923
v 899.0 2920.0 1923
v 889.0 2920.0 1923
v 889.0 2910.0 1973
v 899.0 2910.0 1973
v 899.0 2920.0 1973
v 889.0 2920.0 1973
f 2737 2738 2739 2740
f 2741 2744 2743 2742
f 2737 2741 2742 2738
f 2738 2742 2743 2739
f 2739 2743 2744 2740
f 2740 2744 2741 2737
v 30.0 2583.0 2735
v 40.0 2583.0 2735
v 40.0 2593.0 2735
v 30.0 2593.0 2735
v 30.0 2583.0 2776
v 40.0 2583.0 2776
v 40.0 2593.0 2776
v 30.0 2593.0 2776
f 2745 2746 2747 2748
f 2749 2752 2751 2750
f 2745 2749 2750 2746
f 2746 2750 2751 2747
f 2747 2751 2752 2748
f 2748 2752 2749 2745
v 4348.0 3755.0 2229
v 4358.0 3755.0 2229
v 4358.0 3765.0 2229
v 4348.0 3765.0 2229
v 4348.0 3755.0 2233
v 4358.0 3755.0 2233
v 4358.0 3765.0 2233
v 4348.0 3765.0 2233
f 2753 2754 2755 2756
f 2757 2760 2759 2758
f 2753 2757 2758 2754
f 2754 2758 2759 2755
f 2755 2759 2760 2756
f 2756 2760 2757 2753
v 2109.0 2766.0 4570
v 2119.0 2766.0 4570
v 2119.0 2776.0 4570
v 2109.0 2776.0 4570
v 2109.0 2766.0 4577
v 2119.0 2766.0 4577
v 2119.0 2776.0 4577
v 2109.0 2776.0 4577
f 2761 2762 2763 2764
f 2765 2768 2767 2766
f 2761 2765 2766 2762
f 2762 2766 2767 2763
f 2763 2767 2768 2764
f 2764 2768 2765 2761
v 462.0 643.0 3964
v 472.0 643.0 3964
v 472.0 653.0 3964
v 462.0 653.0 3964
v 462.0 643.0 3988
v 472.0 643.0 3988
v 472.0 653.0 3988
v 462.0 653.0 3988
f 2769 2770 2771 2772
f 2773 2776 2775 2774
f 2769 2773 2774 2770
f 2770 2774 2775 2771
f 2771 2775 2776 2772
f 2772 2776 2773 2769
v 3307.0 1613.0 797
v 3317.0 1613.0 797
v 3317.0 1623.0 797
v 3307.0 1623.0 797
v 3307.0 1613.0 862
v 3317.0 1613.0 862
v 3317.0 1623.0 862
v 3307.0 1623.0 862
f 2777 2778 2779 2780
f 2781 2784 2783 2782
f 2777 2781 2782 2778
f 2778 2782 2783 2779
f 2779 2783 2784 2780
f 2780 2784 2781 2777
v 4715.0 1732.0 1466
v 4725.0 1732.0 1466
v 4725.0 1742.0 1466
v 4715.0 1742.0 1466
v 4715.0 1732.0 1508
v 4725.0 1732.0 1508
v 4725.0 1742.0 1508
v 4715.0 1742.0 1508
f 2785 2786 2787 2788
f 2789 2792 2791 2790
f 2785 2789 2790 2786
f 2786 2790 2791 2787
f 2787 2791 2792 2788
f 2788 2792 2789 2785
v 2019.0 3250.0 3177
v 2029.0 3250.0 3177
v 2029.0 3260.0 3177
v 2019.0 3260.0 3177
v 2019.0 3250.0 3212
v 2029.0 3250.0 3212
v 2029.0 3260.0 3212
v 2019.0 3260.0 3212
f 2793 2794 2795 2796
f 2797 2800 2799 2798
f 2793 2797 2798 2794
f 2794 2798 2799 2795
f 2795 2799 2800 2796
f 2796 2800 2797 2793
v 2265.0 4166.0 2663
v 2275.0 4166.0 2663
v 2275.0 4176.0 2663
v 2265.0 4176.0 2663
v 2265.0 4166.0 2743
v 2275.0 4166.0 2743
v 2275.0 4176.0 2743
v 2265.0 4176.0 2743
f 2801 2802 2803 2804
f 2805 2808 2807 2806
f 2801 2805 2806 2802
f 2802 2806 2807 2803
f 2803 2807 2808 2804
f 2804 2808 2805 2801
v 877.0 3337.0 337
v 887.0 3337.0 337
v 887.0 3347.0 337
v 877.0 3347.0 337
v 877.0 3337.0 408
v 887.0 3337.0 408
v 887.0 3347.0 408
v 877.0 3347.0 408
f 2809 2810 2811 2812
f 2813 2816 2815 2814
f 2809 2813 2814 2810
f 2810 2814 2815 2811
f 2811 2815 2816 2812
f 2812 2816 2813 2809
v 4544.0 3103.0 4494
v 4554.0 3103.0 4494
v 4554.0 3113.0 4494
v 4544.0 3113.0 4494
v 4544.0 3103.0 4539
v 4554.0 3103.0 4539
v 4554.0 3113.0 4539
v 4544.0 3113.0 4539
f 2817 2818 2819 2820
f 2821 2824 2823 2822
f 2817 2821 2822 2818
f 2818 2822 2823 2819
f 2819 2823 2824 2820
f 2820 2824 2821 2817
v 4622.0 3833.0 2347
v 4632.0 3833.0 2347
v 4632.0 3843.0 2347
v 4622.0 3843.0 2347
v 4622.0 3833.0 2396
v 4632.0 3833.0 2396
v 4632.0 3843.0 2396
v 4622.0 3843.0 2396
f 2825 2826 2827 2828
f 2829 2832 2831 2830
f 2825 2829 2830 2826
f 2826 2830 2831 2827
f 2827 2831 2832 2828
f 2828 2832 2829 2825
v 2006.0 2193.0 3845
v 2016.0 2193.0 3845
v 2016.0 2203.0 3845
v 2006.0 2203.0 3845
v 2006.0 2193.0 3886
v 2016.0 2193.0 3886
v 2016.0 2203.0 3886
v 2006.0 2203.0 3886
f 2833 2834 2835 2836
f 2837 2840 2839 2838
f 2833 2837 2838 2834
f 2834 2838 2839 2835
f 2835 2839 2840 2836
f 2836 2840 2837 2833
v 2720.0 2881.0 2547
v 2730.0 2881.0 2547
v 2730.0 2891.0 2547
v 2720.0 2891.0 2547
v 2720.0 2881.0 2606
v 2730.0 2881.0 2606
v 2730.0 2891.0 2606
v 2720.0 2891.0 2606
f 2841 2842 2843 2844
f 2845 2848 2847 2846
f 2841 2845 2846 2842
f 2842 2846 2847 2843
f 2843 2847 2848 2844
f 2844 2848 2845 2841
v 1744.0 2840.0 1196
v 1754.0 2840.0 1196
v 1754.0 2850.0 1196
v 1744.0 2850.0 1196
v 1744.0 2840.0 1267
v 1754.0 2840.0 1267
v 1754.0 2850.0 1267
v 1744.0 2850.0 1267
f 2849 2850 2851 2852
f 2853 2856 2855 2854
f 2849 2853 2854 2850
f 2850 2854 2855 2851
f 2851 2855 2856 2852
f 2852 2856 2853 2849
v 689.0 2816.0 3964
v 699.0 2816.0 3964
v 699.0 2826.0 3964
v 689.0 2826.0 3964
v 689.0 2816.0 4020
v 699.0 2816.0 4020
v 699.0 2826.0 4020
v 689.0 2826.0 4020
f 2857 2858 2859 2860
f 2861 2864 2863 2862
f 2857 2861 2862 2858
f 2858 2862 2863 2859
f 2859 2863 2864 2860
f 2860 2864 2861 2857
v 3459.0 2635.0 2182
v 3469.0 2635.0 2182
v 3469.0 2645.0 2182
v 3459.0 2645.0 2182
v 3459.0 2635.0 2202
v 3469.0 2635.0 2202
v 3469.0 2645.0 2202
v 3459.0 2645.0 2202
f 2865 2866 2867 2868
f 2869 2872 2871 2870
f 2865 2869 2870 2866
f 2866 2870 2871 2867
f 2867 2871 2872 2868
f 2868 2872 2869 2865
v 3646.0 1102.0 4939
v 3656.0 1102.0 4939
v 3656.0 1112.0 4939
v 3646.0 1112.0 4939
v 3646.0 1102.0 4984
v 3656.0 1102.0 4984
v 3656.0 1112.0 4984
v 3646.0 1112.0 4984
f 2873 2874 2875 2876
f 2877 2880 2879 2878
f 2873 2877 2878 2874
f 2874 2878 2879 2875
f 2875 2879 2880 2876
f 2876 2880 2877 2873
v 449.0 3100.0 3123
v 459.0 3100.0 3123
v 459.0 3110.0 3123
v 449.0 3110.0 3123
v 449.0 3100.0 3137
v 459.0 3100.0 3137
v 459.0 3110.0 3137
v 449.0 3110.0 3137
f 2881 2882 2883 2884
f 2885 2888 2887 2886
f 2881 2885 2886 2882
f 2882 2886 2887 2883
f 2883 2887 2888 2884
f 2884 2888 2885 2881
v 4650.0 4126.0 3037
v 4660.0 4126.0 3037
v 4660.0 4136.0 3037
v 4650.0 4136.0 3037
v 4650.0 4126.0 3111
v 4660.0 4126.0 3111
v 4660.0 4136.0 3111
v 4650.0 4136.0 3111
f 2889 2890 2891 2892
f 2893 2896 2895 2894
f 2889 2893 2894 2890
f 2890 2894 2895 2891
f 2891 2895 2896 2892
f 2892 2896 2893 2889
v 542.0 1007.0 2785
v 552.0 1007.0 2785
v 552.0 1017.0 2785
v 542.0 1017.0 2785
v 542.0 1007.0 2797
v 552.0 1007.0 2797
v 552.0 1017.0 2797
v 542.0 1017.0 2797
f 2897 2898 2899 2900
f 2901 2904 2903 2902
f 2897 2901 2902 2898
f 2898 2902 2903 2899
f 2899 2903 2904 2900
f 2900 2904 2901 2897
v 1258.0 4645.0 3647
v 1268.0 4645.0 3647
v 1268.0 4655.0 3647
v 1258.0 4655.0 3647
v 1258.0 4645.0 3666
v 1268.0 4645.0 3666
v 1268.0 4655.0 3666
v 1258.0 4655.0 3666
f 2905 2906 2907 2908
f 2909 2912 2911 2910
f 2905 2909 2910 2906
f 2906 2910 2911 2907
f 2907 2911 2912 2908
f 2908 2912 2909 2905
v 318.0 2503.0 4634
v 328.0 2503.0 4634
v 328.0 2513.0 4634
v 318.0 2513.0 4634
v 318.0 2503.0 4670
v 328.0 2503.0 4670
v 328.0 2513.0 4670
v 318.0 2513.0 4670
f 2913 2914 2915 2916
f 2917 2920 2919 2918
f 2913 2917 2918 2914
f 2914 2918 2919 2915
f 2915 2919 2920 2916
f 2916 2920 2917 2913
v 3891.0 4470.0 2696
v 3901.0 4470.0 2696
v 3901.0 4480.0 2696
v 3891.0 4480.0 2696
v 3891.0 4470.0 2764
v 3901.0 4470.0 2764
v 3901.0 4480.0 2764
v 3891.0 4480.0 2764
f 2921 2922 2923 2924
f 2925 2928 2927 2926
f 2921 2925 2926 2922
f 2922 2926 2927 2923
f 2923 2927 2928 2924
f 2924 2928 2925 2921
v 179.0 347.0 1706
v 189.0 347.0 1706
v 189.0 357.0 1706
v 179.0 357.0 1706
v 179.0 347.0 1797
v 189.0 347.0 1797
v 189.0 357.0 1797
v 179.0 357.0 1797
f 2929 2930 2931 2932
f 2933 2936 2935 2934
f 2929 2933 2934 2930
f 2930 2934 2935 2931
f 2931 2935 2936 2932
f 2932 2936 2933 2929
v 2603.0 2374.0 2779
v 2613.0 2374.0 2779
v 2613.0 2384.0 2779
v 2603.0 2384.0 2779
v 2603.0 2374.0 2804
v 2613.0 2374.0 2804
v 2613.0 2384.0 2804
v 2603.0 2384.0 2804
f 2937 2938 2939 2940
f 2941 2944 2943 2942
f 2937 2941 2942 2938
f 2938 2942 2943 2939
f 2939 2943 2944 2940
f 2940 2944 2941 2937
v 3014.0 2902.0 1802
v 3024.0 2902.0 1802
v 3024.0 2912.0 1802
v 3014.0 2912.0 1802
v 3014.0 2902.0 1880
v 3024.0 2902.0 1880
v 3024.0 2912.0 1880
v 3014.0 2912.0 1880
f 2945 2946 2947 2948
f 2949 2952 2951 2950
f 2945 2949 2950 2946
f 2946 2950 2951 2947
f 2947 2951 2952 2948
f 2948 2952 2949 2945
v 4721.0 3788.0 3974
v 4731.0 3788.0 3974
v 4731.0 3798.0 3974
v 4721.0 3798.0 3974
v 4721.0 3788.0 4034
v 4731.0 3788.0 4034
v 4731.0 3798.0 4034
v 4721.0 3798.0 4034
f 2953 2954 2955 2956
f 2957 2960 2959 2958
f 2953 2957 2958 2954
f 2954 2958 2959 2955
f 2955 2959 2960 2956
f 2956 2960 2957 2953
v 2269.0 1872.0 476
v 2279.0 1872.0 476
v 2279.0 1882.0 476
v 2269.0 1882.0 476
v 2269.0 1872.0 552
v 2279.0 1872.0 552
v 2279.0 1882.0 552
v 2269.0 1882.0 552
f 2961 2962 2963 2964
f 2965 2968 2967 2966
f 2961 2965 2966 2962
f 2962 2966 2967 2963
f 2963 2967 2968 2964
f 2964 2968 2965 2961
v 1035.0 150.0 4771
v 1045.0 150.0 4771
v 1045.0 160.0 4771
v 1035.0 160.0 4771
v 1035.0 150.0 4791
v 1045.0 150.0 4791
v 1045.0 160.0 4791
v 1035.0 160.0 4791
f 2969 2970 2971 2972
f 2973 2976 2975 2974
f 2969 2973 2974 2970
f 2970 2974 2975 2971
f 2971 2975 2976 2972
f 2972 2976 2973 2969
v 3360.0 1048.0 2261
v 3370.0 1048.0 2261
v 3370.0 1058.0 2261
v 3360.0 1058.0 2261
v 3360.0 1048.0 2290
v 3370.0 1048.0 2290
v 3370.0 1058.0 2290
v 3360.0 1058.0 2290
f 2977 2978 2979 2980
f 2981 2984 2983 2982
f 2977 2981 2982 2978
f 2978 2982 2983 2979
f 2979 2983 2984 2980
f 2980 2984 2981 2977
v 639.0 3037.0 329
v 649.0 3037.0 329
v 649.0 3047.0 329
v 639.0 3047.0 329
v 639.0 3037.0 377
v 649.0 3037.0 377
v 649.0 3047.0 377
v 639.0 3047.0 377
f 2985 2986 2987 2988
f 2989 2992 2991 2990
f 2985 2989 2990 2986
f 2986 2990 2991 2987
f 2987 2991 2992 2988
f 2988 2992 2989 2985
v 2740.0 296.0 2308
v 2750.0 296.0 2308
v 2750.0 306.0 2308
v 2740.0 306.0 2308
v 2740.0 296.0 2311
v 2750.0 296.0 2311
v 2750.0 306.0 2311
v 2740.0 306.0 2311
f 2993 2994 2995 2996
f 2997 3000 2999 2998
f 2993 2997 2998 2994
f 2994 2998 2999 2995
f 2995 2999 3000 2996
f 2996 3000 2997 2993
v 3051.0 2217.0 3598
v 3061.0 2217.0 3598
v 3061.0 2227.0 3598
v 3051.0 2227.0 3598
v 3051.0 2217.0 3617
v 3061.0 2217.0 3617
v 3061.0 2227.0 3617
v 3051.0 2227.0 3617
f 3001 3002 3003 3004
f 3005 3008 3007 3006
f 3001 3005 3006 3002
f 3002 3006 3007 3003
f 3003 3007 3008 3004
f 3004 3008 3005 3001
v 1594.0 4826.0 3733
v 1604.0 4826.0 3733
v 1604.0 4836.0 3733
v 1594.0 4836.0 3733
v 1594.0 4826.0 3776
v 1604.0 4826.0 3776
v 1604.0 4836.0 3776
v 1594.0 4836.0 3776
f 3009 3010 3011 3012
f 3013 3016 3015 3014
f 3009 3013 3014 3010
f 3010 3014 3015 3011
f 3011 3015 3016 3012
f 3012 3016 3013 3009
v 502.0 3309.0 4305
v 512.0 3309.0 4305
v 512.0 3319.0 4305
v 502.0 3319.0 4305
v 502.0 3309.0 4375
v 512.0 3309.0 4375
v 512.0 3319.0 4375
v 502.0 3319.0 4375
f 3017 3018 3019 3020
f 3021 3024 3023 3022
f 3017 3021 3022 3018
f 3018 3022 3023 3019
f 3019 3023 3024 3020
f 3020 3024 3021 3017
v 3680.0 984.0 4857
v 3690.0 984.0 4857
v 3690.0 994.0 4857
v 3680.0 994.0 4857
v 3680.0 984.0 4885
v 3690.0 984.0 4885
v 3690.0 994.0 4885
v 3680.0 994.0 4885
f 3025 3026 3027 3028
f 3029 3032 3031 3030
f 3025 3029 3030 3026
f 3026 3030 3031 3027
f 3027 3031 3032 3028
f 3028 3032 3029 3025
v 2743.0 1752.0 2931
v 2753.0 1752.0 2931
v 2753.0 1762.0 2931
v 2743.0 1762.0 2931
v 2743.0 1752.0 3028
v 2753.0 1752.0 3028
v 2753.0 1762.0 3028
v 2743.0 1762.0 3028
f 3033 3034 3035 3036
f 3037 3040 3039 3038
f 3033 3037 3038 3034
f 3034 3038 3039 3035
f 3035 3039 3040 3036
f 3036 3040 3037 3033
v 724.0 853.0 1896
v 734.0 853.0 1896
v 734.0 863.0 1896
v 724.0 863.0 1896
v 724.0 853.0 1941
v 734.0 853.0 1941
v 734.0 863.0 1941
v 724.0 863.0 1941
f 3041 3042 3043 3044
f 3045 3048 3047 3046
f 3041 3045 3046 3042
f 3042 3046 3047 3043
f 3043 3047 3048 3044
f 3044 3048 3045 3041
v 680.0 643.0 1783
v 690.0 643.0 1783
v 690.0 653.0 1783
v 680.0 653.0 1783
v 680.0 643.0 1869
v 690.0 643.0 1869
v 690.0 653.0 1869
v 680.0 653.0 1869
f 3049 3050 3051 3052
f 3053 3056 3055 3054
f 3049 3053 3054 3050
f 3050 3054 3055 3051
f 3051 3055 3056 3052
f 3052 3056 3053 3049
v 657.0 2955.0 1686
v 667.0 2955.0 1686
v 667.0 2965.0 1686
v 657.0 2965.0 1686
v 657.0 2955.0 1769
v 667.0 2955.0 1769
v 667.0 2965.0 1769
v 657.0 2965.0 1769
f 3057 3058 3059 3060
f 3061 3064 3063 3062
f 3057 3061 3062 3058
f 3058 3062 3063 3059
f 3059 3063 3064 3060
f 3060 3064 3061 3057
v 4895.0 2629.0 2944
v 4905.0 2629.0 2944
v 4905.0 2639.0 2944
v 4895.0 2639.0 2944
v 4895.0 2629.0 2974
v 4905.0 2629.0 2974
v 4905.0 2639.0 2974
v 4895.0 2639.0 2974
f 3065 3066 3067 3068
f 3069 3072 3071 3070
f 3065 3069 3070 3066
f 3066 3070 3071 3067
f 3067 3071 3072 3068
f 3068 3072 3069 3065
v 3036.0 770.0 32
v 3046.0 770.0 32
v 3046.0 780.0 32
v 3036.0 780.0 32
v 3036.0 770.0 76
v 3046.0 770.0 76
v 3046.0 780.0 76
v 3036.0 780.0 76
f 3073 3074 3075 3076
f 3077 3080 3079 3078
f 3073 3077 3078 3074
f 3074 3078 3079 3075
f 3075 3079 3080 3076
f 3076 3080 3077 3073
v 3557.0 975.0 4231
v 3567.0 975.0 4231
v 3567.0 985.0 4231
v 3557.0 985.0 4231
v 3557.0 975.0 4263
v 3567.0 975.0 4263
v 3567.0 985.0 4263
v 3557.0 985.0 4263
f 3081 3082 3083 3084
f 3085 3088 3087 3086
f 3081 3085 3086 3082
f 3082 3086 3087 3083
f 3083 3087 3088 3084
f 3084 3088 3085 3081
v 865.0 2263.0 1958
v 875.0 2263.0 1958
v 875.0 2273.0 1958
v 865.0 2273.0 1958
v 865.0 2263.0 2035
v 875.0 2263.0 2035
v 875.0 2273.0 2035
v 865.0 2273.0 2035
f 3089 3090 3091 3092
f 3093 3096 3095 3094
f 3089 3093 3094 3090
f 3090 3094 3095 3091
f 3091 3095 3096 3092
f 3092 3096 3093 3089
v 485.0 825.0 4409
v 495.0 825.0 4409
v 495.0 835.0 4409
v 485.0 835.0 4409
v 485.0 825.0 4452
v 495.0 825.0 4452
v 495.0 835.0 4452
v 485.0 835.0 4452
f 3097 3098 3099 3100
f 3101 3104 3103 3102
f 3097 3101 3102 3098
f 3098 3102 3103 3099
f 3099 3103 3104 3100
f 3100 3104 3101 3097
v 4747.0 2207.0 4836
v 4757.0 2207.0 4836
v 4757.0 2217.0 4836
v 4747.0 2217.0 4836
v 4747.0 2207.0 4928
v 4757.0 2207.0 4928
v 4757.0 2217.0 4928
v 4747.0 2217.0 4928
f 3105 3106 3107 3108
f 3109 3112 3111 3110
f 3105 3109 3110 3106
f 3106 3110 3111 3107
f 3107 3111 3112 3108
f 3108 3112 3109 3105
v 4016.0 2461.0 135
v 4026.0 2461.0 135
v 4026.0 2471.0 135
v 4016.0 2471.0 135
v 4016.0 2461.0 181
v 4026.0 2461.0 181
v 4026.0 2471.0 181
v 4016.0 2471.0 181
f 3113 3114 3115 3116
f 3117 3120 3119 3118
f 3113 3117 3118 3114
f 3114 3118 3119 3115
f 3115 3119 3120 3116
f 3116 3120 3117 3113
v 4923.0 769.0 109
v 4933.0 769.0 109
v 4933.0 779.0 109
v 4923.0 779.0 109
v 4923.0 769.0 160
v 4933.0 769.0 160
v 4933.0 779.0 160
v 4923.0 779.0 160
f 3121 3122 3123 3124
f 3125 3128 3127 3126
f 3121 3125 3126 3122
f 3122 3126 3127 3123
f 3123 3127 3128 3124
f 3124 3128 3125 3121
v 2306.0 331.0 2047
v 2316.0 331.0 2047
v 2316.0 341.0 2047
v 2306.0 341.0 2047
v 2306.0 331.0 2053
v 2316.0 331.0 2053
v 2316.0 341.0 2053
v 2306.0 341.0 2053
f 3129 3130 3131 3132
f 3133 3136 3135 3134
f 3129 3133 3134 3130
f 3130 3134 3135 3131
f 3131 3135 3136 3132
f 3132 3136 3133 3129
v 3298.0 889.0 4319
v 3308.0 889.0 4319
v 3308.0 899.0 4319
v 3298.0 899.0 4319
v 3298.0 889.0 4382
v 3308.0 889.0 4382
v 3308.0 899.0 4382
v 3298.0 899.0 4382
f 3137 3138 3139 3140
f 3141 3144 3143 3142
f 3137 3141 3142 3138
f 3138 3142 3143 3139
f 3139 3143 3144 3140
f 3140 3144 3141 3137
v 3236.0 4630.0 2163
v 3246.0 4630.0 2163
v 3246.0 4640.0 2163
v 3236.0 4640.0 2163
v 3236.0 4630.0 2221
v 3246.0 4630.0 2221
v 3246.0 4640.0 2221
v 3236.0 4640.0 2221
f 3145 3146 3147 3148
f 3149 3152 3151 3150
f 3145 3149 3150 3146
f 3146 3150 3151 3147
f 3147 3151 3152 3148
f 3148 3152 3149 3145
v 4698.0 1699.0 3613
v 4708.0 1699.0 3613
v 4708.0 1709.0 3613
v 4698.0 1709.0 3613
v 4698.0 1699.0 3620
v 4708.0 1699.0 3620
v 4708.0 1709.0 3620
v 4698.0 1709.0 3620
f 3153 3154 3155 3156
f 3157 3160 3159 3158
f 3153 3157 3158 3154
f 3154 3158 3159 3155
f 3155 3159 3160 3156
f 3156 3160 3157 3153
v 2498.0 1274.0 746
v 2508.0 1274.0 746
v 2508.0 1284.0 746
v 2498.0 1284.0 746
v 2498.0 1274.0 823
v 2508.0 1274.0 823
v 2508.0 1284.0 823
v 2498.0 1284.0 823
f 3161 3162 3163 3164
f 3165 3168 3167 3166
f 3161 3165 3166 3162
f 3162 3166 3167 3163
f 3163 3167 3168 3164
f 3164 3168 3165 3161
v 277.0 2301.0 4788
v 287.0 2301.0 4788
v 287.0 2311.0 4788
v 277.0 2311.0 4788
v 277.0 2301.0 4807
v 287.0 2301.0 4807
v 287.0 2311.0 4807
v 277.0 2311.0 4807
f 3169 3170 3171 3172
f 3173 3176 3175 3174
f 3169 3173 3174 3170
f 3170 3174 3175 3171
f 3171 3175 3176 3172
f 3172 3176 3173 3169
v 2664.0 4283.0 1778
v 2674.0 4283.0 1778
v 2674.0 4293.0 1778
v 2664.0 4293.0 1778
v 2664.0 4283.0 1853
v 2674.0 4283.0 1853
v 2674.0 4293.0 1853
v 2664.0 4293.0 1853
f 3177 3178 3179 3180
f 3181 3184 3183 3182
f 3177 3181 3182 3178
f 3178 3182 3183 3179
f 3179 3183 3184 3180
f 3180 3184 3181 3177
v 940.0 2953.0 4173
v 950.0 2953.0 4173
v 950.0 2963.0 4173
v 940.0 2963.0 4173
v 940.0 2953.0 4209
v 950.0 2953.0 4209
v 950.0 2963.0 4209
v 940.0 2963.0 4209
f 3185 3186 3187 3188
f 3189 3192 3191 3190
f 3185 3189 3190 3186
f 3186 3190 3191 3187
f 3187 3191 3192 3188
f 3188 3192 3189 3185
v 2504.0 3992.0 3914
v 2514.0 3992.0 3914
v 2514.0 4002.0 3914
v 2504.0 4002.0 3914
v 2504.0 3992.0 3968
v 2514.0 3992.0 3968
v 2514.0 4002.0 3968
v 2504.0 4002.0 3968
f 3193 3194 3195 3196
f 3197 3200 3199 3198
f 3193 3197 3198 3194
f 3194 3198 3199 3195
f 3195 3199 3200 3196
f 3196 3200 3197 3193
v 4806.0 1069.0 3219
v 4816.0 1069.0 3219
v 4816.0 1079.0 3219
v 4806.0 1079.0 3219
v 4806.0 1069.0 3272
v 4816.0 1069.0 3272
v 4816.0 1079.0 3272
v 4806.0 1079.0 3272
f 3201 3202 3203 3204
f 3205 3208 3207 3206
f 3201 3205 3206 3202
f 3202 3206 3207 3203
f 3203 3207 3208 3204
f 3204 3208 3205 3201
v 2660.0 2637.0 2409
v 2670.0 2637.0 2409
v 2670.0 2647.0 2409
v 2660.0 2647.0 2409
v 2660.0 2637.0 2429
v 2670.0 2637.0 2429
v 2670.0 2647.0 2429
v 2660.0 2647.0 2429
f 3209 3210 3211 3212
f 3213 3216 3215 3214
f 3209 3213 3214 3210
f 3210 3214 3215 3211
f 3211 3215 3216 3212
f 3212 3216 3213 3209
v 1992.0 2840.0 2507
v 2002.0 2840.0 2507
v 2002.0 2850.0 2507
v 1992.0 2850.0 2507
v 1992.0 2840.0 2553
v 2002.0 2840.0 2553
v 2002.0 2850.0 2553
v 1992.0 2850.0 2553
f 3217 3218 3219 3220
f 3221 3224 3223 3222
f 3217 3221 3222 3218
f 3218 3222 3223 3219
f 3219 3223 3224 3220
f 3220 3224 3221 3217
v 2664.0 967.0 1529
v 2674.0 967.0 1529
v 2674.0 977.0 1529
v 2664.0 977.0 1529
v 2664.0 967.0 1550
v 2674.0 967.0 1550
v 2674.0 977.0 1550
v 2664.0 977.0 1550
f 3225 3226 3227 3228
f 3229 3232 3231 3230
f 3225 3229 3230 3226
f 3226 3230 3231 3227
f 3227 3231 3232 3228
f 3228 3232 3229 3225
v 457.0 2292.0 1300
v 467.0 2292.0 1300
v 467.0 2302.0 1300
v 457.0 2302.0 1300
v 457.0 2292.0 1358
v 467.0 2292.0 1358
v 467.0 2302.0 1358
v 457.0 2302.0 1358
f 3233 3234 3235 3236
f 3237 3240 3239 3238
f 3233 3237 3238 3234
f 3234 3238 3239 3235
f 3235 3239 3240 3236
f 3236 3240 3237 3233
v 3706.0 3611.0 2852
v 3716.0 3611.0 2852
v 3716.0 3621.0 2852
v 3706.0 3621.0 2852
v 3706.0 3611.0 2882
v 3716.0 3611.0 2882
v 3716.0 3621.0 2882
v 3706.0 3621.0 2882
f 3241 3242 3243 3244
f 3245 3248 3247 3246
f 3241 3245 3246 3242
f 3242 3246 3247 3243
f 3243 3247 3248 3244
f 3244 3248 3245 3241
v 2734.0 3285.0 1675
v 2744.0 3285.0 1675
v 2744.0 3295.0 1675
v 2734.0 3295.0 1675
v 2734.0 3285.0 1730
v 2744.0 3285.0 1730
v 2744.0 3295.0 1730
v 2734.0 3295.0 1730
f 3249 3250 3251 3252
f 3253 3256 3255 3254
f 3249 3253 3254 3250
f 3250 3254 3255 3251
f 3251 3255 3256 3252
f 3252 3256 3253 3249
v 362.0 4473.0 1120
v 372.0 4473.0 1120
v 372.0 4483.0 1120
v 362.0 4483.0 1120
v 362.0 4473.0 1216
v 372.0 4473.0 1216
v 372.0 4483.0 1216
v 362.0 4483.0 1216
f 3257 3258 3259 3260
f 3261 3264 3263 3262
f 3257 3261 3262 3258
f 3258 3262 3263 3259
f 3259 3263 3264 3260
f 3260 3264 3261 3257
v 2337.0 420.0 3668
v 2347.0 420.0 3668
v 2347.0 430.0 3668
v 2337.0 430.0 3668
v 2337.0 420.0 3673
v 2347.0 420.0 3673
v 2347.0 430.0 3673
v 2337.0 430.0 3673
f 3265 3266 3267 3268
f 3269 3272 3271 3270
f 3265 3269 3270 3266
f 3266 3270 3271 3267
f 3267 3271 3272 3268
f 3268 3272 3269 3265
v 1676.0 3874.0 3016
v 1686.0 3874.0 3016
v 1686.0 3884.0 3016
v 1676.0 3884.0 3016
v 1676.0 3874.0 3065
v 1686.0 3874.0 3065
v 1686.0 3884.0 3065
v 1676.0 3884.0 3065
f 3273 3274 3275 3276
f 3277 3280 3279 3278
f 3273 3277 3278 3274
f 3274 3278 3279 3275
f 3275 3279 3280 3276
f 3276 3280 3277 3273
v 3204.0 636.0 2062
v 3214.0 636.0 2062
v 3214.0 646.0 2062
v 3204.0 646.0 2062
v 3204.0 636.0 2072
v 3214.0 636.0 2072
v 3214.0 646.0 2072
v 3204.0 646.0 2072
f 3281 3282 3283 3284
f 3285 3288 3287 3286
f 3281 3285 3286 3282
f 3282 3286 3287 3283
f 3283 3287 3288 3284
f 3284 3288 3285 3281
v 4660.0 17.0 2968
v 4670.0 17.0 2968
v 4670.0 27.0 2968
v 4660.0 27.0 2968
v 4660.0 17.0 3001
v 4670.0 17.0 3001
v 4670.0 27.0 3001
v 4660.0 27.0 3001
f 3289 3290 3291 3292
f 3293 3296 3295 3294
f 3289 3293 3294 3290
f 3290 3294 3295 3291
f 3291 3295 3296 3292
f 3292 3296 3293 3289
v 1190.0 1292.0 4339
v 1200.0 1292.0 4339
v 1200.0 1302.0 4339
v 1190.0 1302.0 4339
v 1190.0 1292.0 4422
v 1200.0 1292.0 4422
v 1200.0 1302.0 4422
v 1190.0 1302.0 4422
f 3297 3298 3299 3300
f 3301 3304 3303 3302
f 3297 3301 3302 3298
f 3298 3302 3303 3299
f 3299 3303 3304 3300
f 3300 3304 3301 3297
v 623.0 940.0 2519
v 633.0 940.0 2519
v 633.0 950.0 2519
v 623.0 950.0 2519
v 623.0 940.0 2596
v 633.0 940.0 2596
v 633.0 950.0 2596
v 623.0 950.0 2596
f 3305 3306 3307 3308
f 3309 3312 3311 3310
f 3305 3309 3310 3306
f 3306 3310 3311 3307
f 3307 3311 3312 3308
f 3308 3312 3309 3305
v 4020.0 2137.0 460
v 4030.0 2137.0 460
v 4030.0 2147.0 460
v 4020.0 2147.0 460
v 4020.0 2137.0 504
v 4030.0 2137.0 504
v 4030.0 2147.0 504
v 4020.0 2147.0 504
f 3313 3314 3315 3316
f 3317 3320 3319 3318
f 3313 3317 3318 3314
f 3314 3318 3319 3315
f 3315 3319 3320 3316
f 3316 3320 3317 3313
v 3830.0 4163.0 1781
v 3840.0 4163.0 1781
v 3840.0 4173.0 1781
v 3830.0 4173.0 1781
v 3830.0 4163.0 1861
v 3840.0 4163.0 1861
v 3840.0 4173.0 1861
v 3830.0 4173.0 1861
f 3321 3322 3323 3324
f 3325 3328 3327 3326
f 3321 3325 3326 3322
f 3322 3326 3327 3323
f 3323 3327 3328 3324
f 3324 3328 3325 3321
v 1220.0 3613.0 2478
v 1230.0 3613.0 2478
v 1230.0 3623.0 2478
v 1220.0 3623.0 2478
v 1220.0 3613.0 2502
v 1230.0 3613.0 2502
v 1230.0 3623.0 2502
v 1220.0 3623.0 2502
f 3329 3330 3331 3332
f 3333 3336 3335 3334
f 3329 3333 3334 3330
f 3330 3334 3335 3331
f 3331 3335 3336 3332
f 3332 3336 3333 3329
v 2423.0 1305.0 1799
v 2433.0 1305.0 1799
v 2433.0 1315.0 1799
v 2423.0 1315.0 1799
v 2423.0 1305.0 1801
v 2433.0 1305.0 1801
v 2433.0 1315.0 1801
v 2423.0 1315.0 1801
f 3337 3338 3339 3340
f 3341 3344 3343 3342
f 3337 3341 3342 3338
f 3338 3342 3343 3339
f 3339 3343 3344 3340
f 3340 3344 3341 3337
v 2352.0 3208.0 623
v 2362.0 3208.0 623
v 2362.0 3218.0 623
v 2352.0 3218.0 623
v 2352.0 3208.0 706
v 2362.0 3208.0 706
v 2362.0 3218.0 706
v 2352.0 3218.0 706
f 3345 3346 3347 3348
f 3349 3352 3351 3350
f 3345 3349 3350 3346
f 3346 3350 3351 3347
f 3347 3351 3352 3348
f 3348 3352 3349 3345
v 878.0 100.0 2021
v 888.0 100.0 2021
v 888.0 110.0 2021
v 878.0 110.0 2021
v 878.0 100.0 2031
v 888.0 100.0 2031
v 888.0 110.0 2031
v 878.0 110.0 2031
f 3353 3354 3355 3356
f 3357 3360 3359 3358
f 3353 3357 3358 3354
f 3354 3358 3359 3355
f 3355 3359 3360 3356
f 3356 3360 3357 3353
v 4610.0 96.0 3762
v 4620.0 96.0 3762
v 4620.0 106.0 3762
v 4610.0 106.0 3762
v 4610.0 96.0 3791
v 4620.0 96.0 3791
v 4620.0 106.0 3791
v 4610.0 106.0 3791
f 3361 3362 3363 3364
f 3365 3368 3367 3366
f 3361 3365 3366 3362
f 3362 3366 3367 3363
f 3363 3367 3368 3364
f 3364 3368 3365 3361
v 3647.0 4892.0 2905
v 3657.0 4892.0 2905
v 3657.0 4902.0 2905
v 3647.0 4902.0 2905
v 3647.0 4892.0 2990
v 3657.0 4892.0 2990
v 3657.0 4902.0 2990
v 3647.0 4902.0 2990
f 3369 3370 3371 3372
f 3373 3376 3375 3374
f 3369 3373 3374 3370
f 3370 3374 3375 3371
f 3371 3375 3376 3372
f 3372 3376 3373 3369
v 568.0 2702.0 2968
v 578.0 2702.0 2968
v 578.0 2712.0 2968
v 568.0 2712.0 2968
v 568.0 2702.0 2988
v 578.0 2702.0 2988
v 578.0 2712.0 2988
v 568.0 2712.0 2988
f 3377 3378 3379 3380
f 3381 3384 3383 3382
f 3377 3381 3382 3378
f 3378 3382 3383 3379
f 3379 3383 3384 3380
f 3380 3384 3381 3377
v 2772.0 2020.0 1732
v 2782.0 2020.0 1732
v 2782.0 2030.0 1732
v 2772.0 2030.0 1732
v 2772.0 2020.0 1760
v 2782.0 2020.0 1760
v 2782.0 2030.0 1760
v 2772.0 2030.0 1760
f 3385 3386 3387 3388
f 3389 3392 3391 3390
f 3385 3389 3390 3386
f 3386 3390 3391 3387
f 3387 3391 3392 3388
f 3388 3392 3389 3385
v 1941.0 2739.0 2347
v 1951.0 2739.0 2347
v 1951.0 2749.0 2347
v 1941.0 2749.0 2347
v 1941.0 2739.0 2396
v 1951.0 2739.0 2396
v 1951.0 2749.0 2396
v 1941.0 2749.0 2396
f 3393 3394 3395 3396
f 3397 3400 3399 3398
f 3393 3397 3398 3394
f 3394 3398 3399 3395
f 3395 3399 3400 3396
f 3396 3400 3397 3393
v 3409.0 2740.0 1626
v 3419.0 2740.0 1626
v 3419.0 2750.0 1626
v 3409.0 2750.0 1626
v 3409.0 2740.0 1704
v 3419.0 2740.0 1704
v 3419.0 2750.0 1704
v 3409.0 2750.0 1704
f 3401 3402 3403 3404
f 3405 3408 3407 3406
f 3401 3405 3406 3402
f 3402 3406 3407 3403
f 3403 3407 3408 3404
f 3404 3408 3405 3401
v 1256.0 2132.0 3802
v 1266.0 2132.0 3802
v 1266.0 2142.0 3802
v 1256.0 2142.0 3802
v 1256.0 2132.0 3842
v 1266.0 2132.0 3842
v 1266.0 2142.0 3842
v 1256.0 2142.0 3842
f 3409 3410 3411 3412
f 3413 3416 3415 3414
f 3409 3413 3414 3410
f 3410 3414 3415 3411
f 3411 3415 3416 3412
f 3412 3416 3413 3409
v 4669.0 1771.0 3575
v 4679.0 1771.0 3575
v 4679.0 1781.0 3575
v 4669.0 1781.0 3575
v 4669.0 1771.0 3636
v 4679.0 1771.0 3636
v 4679.0 1781.0 3636
v 4669.0 1781.0 3636
f 3417 3418 3419 3420
f 3421 3424 3423 3422
f 3417 3421 3422 3418
f 3418 3422 3423 3419
f 3419 3423 3424 3420
f 3420 3424 3421 3417
v 1614.0 174.0 679
v 1624.0 174.0 679
v 1624.0 184.0 679
v 1614.0 184.0 679
v 1614.0 174.0 751
v 1624.0 174.0 751
v 1624.0 184.0 751
v 1614.0 184.0 751
f 3425 3426 3427 3428
f 3429 3432 3431 3430
f 3425 3429 3430 3426
f 3426 3430 3431 3427
f 3427 3431 3432 3428
f 3428 3432 3429 3425
v 518.0 4310.0 2590
v 528.0 4310.0 2590
v 528.0 4320.0 2590
v 518.0 4320.0 2590
v 518.0 4310.0 2624
v 528.0 4310.0 2624
v 528.0 4320.0 2624
v 518.0 4320.0 2624
f 3433 3434 3435 3436
f 3437 3440 3439 3438
f 3433 3437 3438 3434
f 3434 3438 3439 3435
f 3435 3439 3440 3436
f 3436 3440 3437 3433
v 2445.0 1006.0 788
v 2455.0 1006.0 788
v 2455.0 1016.0 788
v 2445.0 1016.0 788
v 2445.0 1006.0 827
v 2455.0 1006.0 827
v 2455.0 1016.0 827
v 2445.0 1016.0 827
f 3441 3442 3443 3444
f 3445 3448 3447 3446
f 3441 3445 3446 3442
f 3442 3446 3447 3443
f 3443 3447 3448 3444
f 3444 3448 3445 3441
v 2103.0 3367.0 85
v 2113.0 3367.0 85
v 2113.0 3377.0 85
v 2103.0 3377.0 85
v 2103.0 3367.0 120
v 2113.0 3367.0 120
v 2113.0 3377.0 120
v 2103.0 3377.0 120
f 3449 3450 3451 3452
f 3453 3456 3455 3454
f 3449 3453 3454 3450
f 3450 3454 3455 3451
f 3451 3455 3456 3452
f 3452 3456 3453 3449
v 2623.0 321.0 2604
v 2633.0 321.0 2604
v 2633.0 331.0 2604
v 2623.0 331.0 2604
v 2623.0 321.0 2696
v 2633.0 321.0 2696
v 2633.0 331.0 2696
v 2623.0 331.0 2696
f 3457 3458 3459 3460
f 3461 3464 3463 3462
f 3457 3461 3462 3458
f 3458 3462 3463 3459
f 3459 3463 3464 3460
f 3460 3464 3461 3457
v 2347.0 172.0 3661
v 2357.0 172.0 3661
v 2357.0 182.0 3661
v 2347.0 182.0 3661
v 2347.0 172.0 3748
v 2357.0 172.0 3748
v 2357.0 182.0 3748
v 2347.0 182.0 3748
f 3465 3466 3467 3468
f 3469 3472 3471 3470
f 3465 3469 3470 3466
f 3466 3470 3471 3467
f 3467 3471 3472 3468
f 3468 3472 3469 3465
v 681.0 650.0 4766
v 691.0 650.0 4766
v 691.0 660.0 4766
v 681.0 660.0 4766
v 681.0 650.0 4787
v 691.0 650.0 4787
v 691.0 660.0 4787
v 681.0 660.0 4787
f 3473 3474 3475 3476
f 3477 3480 3479 3478
f 3473 3477 3478 3474
f 3474 3478 3479 3475
f 3475 3479 3480 3476
f 3476 3480 3477 3473
v 2012.0 1135.0 1158
v 2022.0 1135.0 1158
v 2022.0 1145.0 1158
v 2012.0 1145.0 1158
v 2012.0 1135.0 1254
v 2022.0 1135.0 1254
v 2022.0 1145.0 1254
v 2012.0 1145.0 1254
f 3481 3482 3483 3484
f 3485 3488 3487 3486
f 3481 3485 3486 3482
f 3482 3486 3487 3483
f 3483 3487 3488 3484
f 3484 3488 3485 3481
v 2740.0 1438.0 797
v 2750.0 1438.0 797
v 2750.0 1448.0 797
v 2740.0 1448.0 797
v 2740.0 1438.0 820
v 2750.0 1438.0 820
v 2750.0 1448.0 820
v 2740.0 1448.0 820
f 3489 3490 3491 3492
f 3493 3496 3495 3494
f 3489 3493 3494 3490
f 3490 3494 3495 3491
f 3491 3495 3496 3492
f 3492 3496 3493 3489
v 3640.0 1671.0 3945
v 3650.0 1671.0 3945
v 3650.0 1681.0 3945
v 3640.0 1681.0 3945
v 3640.0 1671.0 4031
v 3650.0 1671.0 4031
v 3650.0 1681.0 4031
v 3640.0 1681.0 4031
f 3497 3498 3499 3500
f 3501 3504 3503 3502
f 3497 3501 3502 3498
f 3498 3502 3503 3499
f 3499 3503 3504 3500
f 3500 3504 3501 3497
v 1071.0 1297.0 2882
v 1081.0 1297.0 2882
v 1081.0 1307.0 2882
v 1071.0 1307.0 2882
v 1071.0 1297.0 2896
v 1081.0 1297.0 2896
v 1081.0 1307.0 2896
v 1071.0 1307.0 2896
f 3505 3506 3507 3508
f 3509 3512 3511 3510
f 3505 3509 3510 3506
f 3506 3510 3511 3507
f 3507 3511 3512 3508
f 3508 3512 3509 3505
v 3920.0 3354.0 3728
v 3930.0 3354.0 3728
v 3930.0 3364.0 3728
v 3920.0 3364.0 3728
v 3920.0 3354.0 3816
v 3930.0 3354.0 3816
v 3930.0 3364.0 3816
v 3920.0 3364.0 3816
f 3513 3514 3515 3516
f 3517 3520 3519 3518
f 3513 3517 3518 3514
f 3514 3518 3519 3515
f 3515 3519 3520 3516
f 3516 3520 3517 3513
v 3631.0 3006.0 2855
v 3641.0 3006.0 2855
v 3641.0 3016.0 2855
v 3631.0 3016.0 2855
v 3631.0 3006.0 2862
v 3641.0 3006.0 2862
v 3641.0 3016.0 2862
v 3631.0 3016.0 2862
f 3521 3522 3523 3524
f 3525 3528 3527 3526
f 3521 3525 3526 3522
f 3522 3526 3527 3523
f 3523 3527 3528 3524
f 3524 3528 3525 3521
v 4324.0 3518.0 4103
v 4334.0 3518.0 4103
v 4334.0 3528.0 4103
v 4324.0 3528.0 4103
v 4324.0 3518.0 4130
v 4334.0 3518.0 4130
v 4334.0 3528.0 4130
v 4324.0 3528.0 4130
f 3529 3530 3531 3532
f 3533 3536 3535 3534
f 3529 3533 3534 3530
f 3530 3534 3535 3531
f 3531 3535 3536 3532
f 3532 3536 3533 3529
v 1881.0 2730.0 2923
v 1891.0 2730.0 2923
v 1891.0 2740.0 2923
v 1881.0 2740.0 2923
v 1881.0 2730.0 2963
v 1891.0 2730.0 2963
v 1891.0 2740.0 2963
v 1881.0 2740.0 2963
f 3537 3538 3539 3540
f 3541 3544 3543 3542
f 3537 3541 3542 3538
f 3538 3542 3543 3539
f 3539 3543 3544 3540
f 3540 3544 3541 3537
v 505.0 3569.0 2790
v 515.0 3569.0 2790
v 515.0 3579.0 2790
v 505.0 3579.0 2790
v 505.0 3569.0 2829
v 515.0 3569.0 2829
v 515.0 3579.0 2829
v 505.0 3579.0 2829
f 3545 3546 3547 3548
f 3549 3552 3551 3550
f 3545 3549 3550 3546
f 3546 3550 3551 3547
f 3547 3551 3552 3548
f 3548 3552 3549 3545
v 2948.0 820.0 1930
v 2958.0 820.0 1930
v 2958.0 830.0 1930
v 2948.0 830.0 1930
v 2948.0 820.0 1952
v 2958.0 820.0 1952
v 2958.0 830.0 1952
v 2948.0 830.0 1952
f 3553 3554 3555 3556
f 3557 3560 3559 3558
f 3553 3557 3558 3554
f 3554 3558 3559 3555
f 3555 3559 3560 3556
f 3556 3560 3557 3553
v 4053.0 2807.0 4591
v 4063.0 2807.0 4591
v 4063.0 2817.0 4591
v 4053.0 2817.0 4591
v 4053.0 2807.0 4678
v 4063.0 2807.0 4678
v 4063.0 2817.0 4678
v 4053.0 2817.0 4678
f 3561 3562 3563 3564
f 3565 3568 3567 3566
f 3561 3565 3566 3562
f 3562 3566 3567 3563
f 3563 3567 3568 3564
f 3564 3568 3565 3561
v 4567.0 2769.0 1274
v 4577.0 2769.0 1274
v 4577.0 2779.0 1274
v 4567.0 2779.0 1274
v 4567.0 2769.0 1349
v 4577.0 2769.0 1349
v 4577.0 2779.0 1349
v 4567.0 2779.0 1349
f 3569 3570 3571 3572
f 3573 3576 3575 3574
f 3569 3573 3574 3570
f 3570 3574 3575 3571
f 3571 3575 3576 3572
f 3572 3576 3573 3569
v 1921.0 2623.0 1236
v 1931.0 2623.0 1236
v 1931.0 2633.0 1236
v 1921.0 2633.0 1236
v 1921.0 2623.0 1292
v 1931.0 2623.0 1292
v 1931.0 2633.0 1292
v 1921.0 2633.0 1292
f 3577 3578 3579 3580
f 3581 3584 3583 3582
f 3577 3581 3582 3578
f 3578 3582 3583 3579
f 3579 3583 3584 3580
f 3580 3584 3581 3577
v 1866.0 289.0 309
v 1876.0 289.0 309
v 1876.0 299.0 309
v 1866.0 299.0 309
v 1866.0 289.0 392
v 1876.0 289.0 392
v 1876.0 299.0 392
v 1866.0 299.0 392
f 3585 3586 3587 3588
f 3589 3592 3591 3590
f 3585 3589 3590 3586
f 3586 3590 3591 3587
f 3587 3591 3592 3588
f 3588 3592 3589 3585
v 2690.0 828.0 3592
v 2700.0 828.0 3592
v 2700.0 838.0 3592
v 2690.0 838.0 3592
v 2690.0 828.0 3633
v 2700.0 828.0 3633
v 2700.0 838.0 3633
v 2690.0 838.0 3633
f 3593 3594 3595 3596
f 3597 3600 3599 3598
f 3593 3597 3598 3594
f 3594 3598 3599 3595
f 3595 3599 3600 3596
f 3596 3600 3597 3593
v 234.0 3847.0 2467
v 244.0 3847.0 2467
v 244.0 3857.0 2467
v 234.0 3857.0 2467
v 234.0 3847.0 2471
v 244.0 3847.0 2471
v 244.0 3857.0 2471
v 234.0 3857.0 2471
f 3601 3602 3603 3604
f 3605 3608 3607 3606
f 3601 3605 3606 3602
f 3602 3606 3607 3603
f 3603 3607 3608 3604
f 3604 3608 3605 3601
v 527.0 998.0 341
v 537.0 998.0 341
v 537.0 1008.0 341
v 527.0 1008.0 341
v 527.0 998.0 438
v 537.0 998.0 438
v 537.0 1008.0 438
v 527.0 1008.0 438
f 3609 3610 3611 3612
f 3613 3616 3615 3614
f 3609 3613 3614 3610
f 3610 3614 3615 3611
f 3611 3615 3616 3612
f 3612 3616 3613 3609
v 1869.0 1078.0 1098
v 1879.0 1078.0 1098
v 1879.0 1088.0 1098
v 1869.0 1088.0 1098
v 1869.0 1078.0 1155
v 1879.0 1078.0 1155
v 1879.0 1088.0 1155
v 1869.0 1088.0 1155
f 3617 3618 3619 3620
f 3621 3624 3623 3622
f 3617 3621 3622 3618
f 3618 3622 3623 3619
f 3619 3623 3624 3620
f 3620 3624 3621 3617
v 3966.0 2997.0 4282
v 3976.0 2997.0 4282
v 3976.0 3007.0 4282
v 3966.0 3007.0 4282
v 3966.0 2997.0 4343
v 3976.0 2997.0 4343
v 3976.0 3007.0 4343
v 3966.0 3007.0 4343
f 3625 3626 3627 3628
f 3629 3632 3631 3630
f 3625 3629 3630 3626
f 3626 3630 3631 3627
f 3627 3631 3632 3628
f 3628 3632 3629 3625
v 3312.0 1799.0 862
v 3322.0 1799.0 862
v 3322.0 1809.0 862
v 3312.0 1809.0 862
v 3312.0 1799.0 914
v 3322.0 1799.0 914
v 3322.0 1809.0 914
v 3312.0 1809.0 914
f 3633 3634 3635 3636
f 3637 3640 3639 3638
f 3633 3637 3638 3634
f 3634 3638 3639 3635
f 3635 3639 3640 3636
f 3636 3640 3637 3633
v 2134.0 4869.0 4161
v 2144.0 4869.0 4161
v 2144.0 4879.0 4161
v 2134.0 4879.0 4161
v 2134.0 4869.0 4197
v 2144.0 4869.0 4197
v 2144.0 4879.0 4197
v 2134.0 4879.0 4197
f 3641 3642 3643 3644
f 3645 3648 3647 3646
f 3641 3645 3646 3642
f 3642 3646 3647 3643
f 3643 3647 3648 3644
f 3644 3648 3645 3641
v 829.0 2525.0 4564
v 839.0 2525.0 4564
v 839.0 2535.0 4564
v 829.0 2535.0 4564
v 829.0 2525.0 4620
v 839.0 2525.0 4620
v 839.0 2535.0 4620
v 829.0 2535.0 4620
f 3649 3650 3651 3652
f 3653 3656 3655 3654
f 3649 3653 3654 3650
f 3650 3654 3655 3651
f 3651 3655 3656 3652
f 3652 3656 3653 3649
v 251.0 3577.0 1119
v 261.0 3577.0 1119
v 261.0 3587.0 1119
v 251.0 3587.0 1119
v 251.0 3577.0 1153
v 261.0 3577.0 1153
v 261.0 3587.0 1153
v 251.0 3587.0 1153
f 3657 3658 3659 3660
f 3661 3664 3663 3662
f 3657 3661 3662 3658
f 3658 3662 3663 3659
f 3659 3663 3664 3660
f 3660 3664 3661 3657
v 227.0 4655.0 3973
v 237.0 4655.0 3973
v 237.0 4665.0 3973
v 227.0 4665.0 3973
v 227.0 4655.0 4008
v 237.0 4655.0 4008
v 237.0 4665.0 4008
v 227.0 4665.0 4008
f 3665 3666 3667 3668
f 3669 3672 3671 3670
f 3665 3669 3670 3666
f 3666 3670 3671 3667
f 3667 3671 3672 3668
f 3668 3672 3669 3665
v 3319.0 1096.0 786
v 3329.0 1096.0 786
v 3329.0 1106.0 786
v 3319.0 1106.0 786
v 3319.0 1096.0 838
v 3329.0 1096.0 838
v 3329.0 1106.0 838
v 3319.0 1106.0 838
f 3673 3674 3675 3676
f 3677 3680 3679 3678
f 3673 3677 3678 3674
f 3674 3678 3679 3675
f 3675 3679 3680 3676
f 3676 3680 3677 3673
v 4895.0 4465.0 2122
v 4905.0 4465.0 2122
v 4905.0 4475.0 2122
v 4895.0 4475.0 2122
v 4895.0 4465.0 2217
v 4905.0 4465.0 2217
v 4905.0 4475.0 2217
v 4895.0 4475.0 2217
f 3681 3682 3683 3684
f 3685 3688 3687 3686
f 3681 3685 3686 3682
f 3682 3686 3687 3683
f 3683 3687 3688 3684
f 3684 3688 3685 3681
v 2556.0 4790.0 240
v 2566.0 4790.0 240
v 2566.0 4800.0 240
v 2556.0 4800.0 240
v 2556.0 4790.0 288
v 2566.0 4790.0 288
v 2566.0 4800.0 288
v 2556.0 4800.0 288
f 3689 3690 3691 3692
f 3693 3696 3695 3694
f 3689 3693 3694 3690
f 3690 3694 3695 3691
f 3691 3695 3696 3692
f 3692 3696 3693 3689
v 689.0 4973.0 2611
v 699.0 4973.0 2611
v 699.0 4983.0 2611
v 689.0 4983.0 2611
v 689.0 4973.0 2618
v 699.0 4973.0 2618
v 699.0 4983.0 2618
v 689.0 4983.0 2618
f 3697 3698 3699 3700
f 3701 3704 3703 3702
f 3697 3701 3702 3698
f 3698 3702 3703 3699
f 3699 3703 3704 3700
f 3700 3704 3701 3697
v 1.0 4280.0 3862
v 11.0 4280.0 3862
v 11.0 4290.0 3862
v 1.0 4290.0 3862
v 1.0 4280.0 3946
v 11.0 4280.0 3946
v 11.0 4290.0 3946
v 1.0 4290.0 3946
f 3705 3706 3707 3708
f 3709 3712 3711 3710
f 3705 3709 3710 3706
f 3706 3710 3711 3707
f 3707 3711 3712 3708
f 3708 3712 3709 3705
v 2397.0 4358.0 38
v 2407.0 4358.0 38
v 2407.0 4368.0 38
v 2397.0 4368.0 38
v 2397.0 4358.0 118
v 2407.0 4358.0 118
v 2407.0 4368.0 118
v 2397.0 4368.0 118
f 3713 3714 3715 3716
f 3717 3720 3719 3718
f 3713 3717 3718 3714
f 3714 3718 3719 3715
f 3715 3719 3720 3716
f 3716 3720 3717 3713
v 1950.0 4118.0 3154
v 1960.0 4118.0 3154
v 1960.0 4128.0 3154
v 1950.0 4128.0 3154
v 1950.0 4118.0 3231
v 1960.0 4118.0 3231
v 1960.0 4128.0 3231
v 1950.0 4128.0 3231
f 3721 3722 3723 3724
f 3725 3728 3727 3726
f 3721 3725 3726 3722
f 3722 3726 3727 3723
f 3723 3727 3728 3724
f 3724 3728 3725 3721
v 434.0 1780.0 1443
v 444.0 1780.0 1443
v 444.0 1790.0 1443
v 434.0 1790.0 1443
v 434.0 1780.0 1455
v 444.0 1780.0 1455
v 444.0 1790.0 1455
v 434.0 1790.0 1455
f 3729 3730 3731 3732
f 3733 3736 3735 3734
f 3729 3733 3734 3730
f 3730 3734 3735 3731
f 3731 3735 3736 3732
f 3732 3736 3733 3729
v 1610.0 4592.0 1536
v 1620.0 4592.0 1536
v 1620.0 4602.0 1536
v 1610.0 4602.0 1536
v 1610.0 4592.0 1567
v 1620.0 4592.0 1567
v 1620.0 4602.0 1567
v 1610.0 4602.0 1567
f 3737 3738 3739 3740
f 3741 3744 3743 3742
f 3737 3741 3742 3738
f 3738 3742 3743 3739
f 3739 3743 3744 3740
f 3740 3744 3741 3737
v 3751.0 3124.0 827
v 3761.0 3124.0 827
v 3761.0 3134.0 827
v 3751.0 3134.0 827
v 3751.0 3124.0 900
v 3761.0 3124.0 900
v 3761.0 3134.0 900
v 3751.0 3134.0 900
f 3745 3746 3747 3748
f 3749 3752 3751 3750
f 3745 3749 3750 3746
f 3746 3750 3751 3747
f 3747 3751 3752 3748
f 3748 3752 3749 3745
v 3096.0 622.0 2944
v 3106.0 622.0 2944
v 3106.0 632.0 2944
v 3096.0 632.0 2944
v 3096.0 622.0 2968
v 3106.0 622.0 2968
v 3106.0 632.0 2968
v 3096.0 632.0 2968
f 3753 3754 3755 3756
f 3757 3760 3759 3758
f 3753 3757 3758 3754
f 3754 3758 3759 3755
f 3755 3759 3760 3756
f 3756 3760 3757 3753
v 97.0 3602.0 1821
v 107.0 3602.0 1821
v 107.0 3612.0 1821
v 97.0 3612.0 1821
v 97.0 3602.0 1870
v 107.0 3602.0 1870
v 107.0 3612.0 1870
v 97.0 3612.0 1870
f 3761 3762 3763 3764
f 3765 3768 3767 3766
f 3761 3765 3766 3762
f 3762 3766 3767 3763
f 3763 3767 3768 3764
f 3764 3768 3765 3761
v 2275.0 -3.0 2238
v 2285.0 -3.0 2238
v 2285.0 7.0 2238
v 2275.0 7.0 2238
v 2275.0 -3.0 2271
v 2285.0 -3.0 2271
v 2285.0 7.0 2271
v 2275.0 7.0 2271
f 3769 3770 3771 3772
f 3773 3776 3775 3774
f 3769 3773 3774 3770
f 3770 3774 3775 3771
f 3771 3775 3776 3772
f 3772 3776 3773 3769
v 1031.0 3286.0 2033
v 1041.0 3286.0 2033
v 1041.0 3296.0 2033
v 1031.0 3296.0 2033
v 1031.0 3286.0 2042
v 1041.0 3286.0 2042
v 1041.0 3296.0 2042
v 1031.0 3296.0 2042
f 3777 3778 3779 3780
f 3781 3784 3783 3782
f 3777 3781 3782 3778
f 3778 3782 3783 3779
f 3779 3783 3784 3780
f 3780 3784 3781 3777
v 4042.0 1633.0 714
v 4052.0 1633.0 714
v 4052.0 1643.0 714
v 4042.0 1643.0 714
v 4042.0 1633.0 744
v 4052.0 1633.0 744
v 4052.0 1643.0 744
v 4042.0 1643.0 744
f 3785 3786 3787 3788
f 3789 3792 3791 3790
f 3785 3789 3790 3786
f 3786 3790 3791 3787
f 3787 3791 3792 3788
f 3788 3792 3789 3785
v 201.0 71.0 1589
v 211.0 71.0 1589
v 211.0 81.0 1589
v 201.0 81.0 1589
v 201.0 71.0 1617
v 211.0 71.0 1617
v 211.0 81.0 1617
v 201.0 81.0 1617
f 3793 3794 3795 3796
f 3797 3800 3799 3798
f 3793 3797 3798 3794
f 3794 3798 3799 3795
f 3795 3799 3800 3796
f 3796 3800 3797 3793
v 4597.0 1846.0 1445
v 4607.0 1846.0 1445
v 4607.0 1856.0 1445
v 4597.0 1856.0 1445
v 4597.0 1846.0 1509
v 4607.0 1846.0 1509
v 4607.0 1856.0 1509
v 4597.0 1856.0 1509
f 3801 3802 3803 3804
f 3805 3808 3807 3806
f 3801 3805 3806 3802
f 3802 3806 3807 3803
f 3803 3807 3808 3804
f 3804 3808 3805 3801
v 2216.0 3452.0 4602
v 2226.0 3452.0 4602
v 2226.0 3462.0 4602
v 2216.0 3462.0 4602
v 2216.0 3452.0 4684
v 2226.0 3452.0 4684
v 2226.0 3462.0 4684
v 2216.0 3462.0 4684
f 3809 3810 3811 3812
f 3813 3816 3815 3814
f 3809 3813 3814 3810
f 3810 3814 3815 3811
f 3811 3815 3816 3812
f 3812 3816 3813 3809
v 1447.0 443.0 4116
v 1457.0 443.0 4116
v 1457.0 453.0 4116
v 1447.0 453.0 4116
v 1447.0 443.0 4143
v 1457.0 443.0 4143
v 1457.0 453.0 4143
v 1447.0 453.0 4143
f 3817 3818 3819 3820
f 3821 3824 3823 3822
f 3817 3821 3822 3818
f 3818 3822 3823 3819
f 3819 3823 3824 3820
f 3820 3824 3821 3817
v 3020.0 907.0 2009
v 3030.0 907.0 2009
v 3030.0 917.0 2009
v 3020.0 917.0 2009
v 3020.0 907.0 2083
v 3030.0 907.0 2083
v 3030.0 917.0 2083
v 3020.0 917.0 2083
f 3825 3826 3827 3828
f 3829 3832 3831 3830
f 3825 3829 3830 3826
f 3826 3830 3831 3827
f 3827 3831 3832 3828
f 3828 3832 3829 3825
v 2466.0 3315.0 4538
v 2476.0 3315.0 4538
v 2476.0 3325.0 4538
v 2466.0 3325.0 4538
v 2466.0 3315.0 4629
v 2476.0 3315.0 4629
v 2476.0 3325.0 4629
v 2466.0 3325.0 4629
f 3833 3834 3835 3836
f 3837 3840 3839 3838
f 3833 3837 3838 3834
f 3834 3838 3839 3835
f 3835 3839 3840 3836
f 3836 3840 3837 3833
v 2078.0 2933.0 1046
v 2088.0 2933.0 1046
v 2088.0 2943.0 1046
v 2078.0 2943.0 1046
v 2078.0 2933.0 1087
v 2088.0 2933.0 1087
v 2088.0 2943.0 1087
v 2078.0 2943.0 1087
f 3841 3842 3843 3844
f 3845 3848 3847 3846
f 3841 3845 3846 3842
f 3842 3846 3847 3843
f 3843 3847 3848 3844
f 3844 3848 3845 3841
v 1425.0 3448.0 1788
v 1435.0 3448.0 1788
v 1435.0 3458.0 1788
v 1425.0 3458.0 1788
v 1425.0 3448.0 1884
v 1435.0 3448.0 1884
v 1435.0 3458.0 1884
v 1425.0 3458.0 1884
f 3849 3850 3851 3852
f 3853 3856 3855 3854
f 3849 3853 3854 3850
f 3850 3854 3855 3851
f 3851 3855 3856 3852
f 3852 3856 3853 3849
v 4813.0 1778.0 4471
v 4823.0 1778.0 4471
v 4823.0 1788.0 4471
v 4813.0 1788.0 4471
v 4813.0 1778.0 4504
v 4823.0 1778.0 4504
v 4823.0 1788.0 4504
v 4813.0 1788.0 4504
f 3857 3858 3859 3860
f 3861 3864 3863 3862
f 3857 3861 3862 3858
f 3858 3862 3863 3859
f 3859 3863 3864 3860
f 3860 3864 3861 3857
v 4157.0 2649.0 4227
v 4167.0 2649.0 4227
v 4167.0 2659.0 4227
v 4157.0 2659.0 4227
v 4157.0 2649.0 4280
v 4167.0 2649.0 4280
v 4167.0 2659.0 4280
v 4157.0 2659.0 4280
f 3865 3866 3867 3868
f 3869 3872 3871 3870
f 3865 3869 3870 3866
f 3866 3870 3871 3867
f 3867 3871 3872 3868
f 3868 3872 3869 3865
v 3705.0 1836.0 2522
v 3715.0 1836.0 2522
v 3715.0 1846.0 2522
v 3705.0 1846.0 2522
v 3705.0 1836.0 2559
v 3715.0 1836.0 2559
v 3715.0 1846.0 2559
v 3705.0 1846.0 2559
f 3873 3874 3875 3876
f 3877 3880 3879 3878
f 3873 3877 3878 3874
f 3874 3878 3879 3875
f 3875 3879 3880 3876
f 3876 3880 3877 3873
v 2705.0 2020.0 2575
v 2715.0 2020.0 2575
v 2715.0 2030.0 2575
v 2705.0 2030.0 2575
v 2705.0 2020.0 2585
v 2715.0 2020.0 2585
v 2715.0 2030.0 2585
v 2705.0 2030.0 2585
f 3881 3882 3883 3884
f 3885 3888 3887 3886
f 3881 3885 3886 3882
f 3882 3886 3887 3883
f 3883 3887 3888 3884
f 3884 3888 3885 3881
v 2546.0 3546.0 348
v 2556.0 3546.0 348
v 2556.0 3556.0 348
v 2546.0 3556.0 348
v 2546.0 3546.0 378
v 2556.0 3546.0 378
v 2556.0 3556.0 378
v 2546.0 3556.0 378
f 3889 3890 3891 3892
f 3893 3896 3895 3894
f 3889 3893 3894 3890
f 3890 3894 3895 3891
f 3891 3895 3896 3892
f 3892 3896 3893 3889
v 1195.0 4637.0 4388
v 1205.0 4637.0 4388
v 1205.0 4647.0 4388
v 1195.0 4647.0 4388
v 1195.0 4637.0 4411
v 1205.0 4637.0 4411
v 1205.0 4647.0 4411
v 1195.0 4647.0 4411
f 3897 3898 3899 3900
f 3901 3904 3903 3902
f 3897 3901 3902 3898
f 3898 3902 3903 3899
f 3899 3903 3904 3900
f 3900 3904 3901 3897
v 2828.0 2350.0 2176
v 2838.0 2350.0 2176
v 2838.0 2360.0 2176
v 2828.0 2360.0 2176
v 2828.0 2350.0 2234
v 2838.0 2350.0 2234
v 2838.0 2360.0 2234
v 2828.0 2360.0 2234
f 3905 3906 3907 3908
f 3909 3912 3911 3910
f 3905 3909 3910 3906
f 3906 3910 3911 3907
f 3907 3911 3912 3908
f 3908 3912 3909 3905
v 4460.0 2315.0 2016
v 4470.0 2315.0 2016
v 4470.0 2325.0 2016
v 4460.0 2325.0 2016
v 4460.0 2315.0 2040
v 4470.0 2315.0 2040
v 4470.0 2325.0 2040
v 4460.0 2325.0 2040
f 3913 3914 3915 3916
f 3917 3920 3919 3918
f 3913 3917 3918 3914
f 3914 3918 3919 3915
f 3915 3919 3920 3916
f 3916 3920 3917 3913
v 1776.0 1148.0 33
v 1786.0 1148.0 33
v 1786.0 1158.0 33
v 1776.0 1158.0 33
v 1776.0 1148.0 102
v 1786.0 1148.0 102
v 1786.0 1158.0 102
v 1776.0 1158.0 102
f 3921 3922 3923 3924
f 3925 3928 3927 3926
f 3921 3925 3926 3922
f 3922 3926 3927 3923
f 3923 3927 3928 3924
f 3924 3928 3925 3921
v 3555.0 3964.0 1642
v 3565.0 3964.0 1642
v 3565.0 3974.0 1642
v 3555.0 3974.0 1642
v 3555.0 3964.0 1723
v 3565.0 3964.0 1723
v 3565.0 3974.0 1723
v 3555.0 3974.0 1723
f 3929 3930 3931 3932
f 3933 3936 3935 3934
f 3929 3933 3934 3930
f 3930 3934 3935 3931
f 3931 3935 3936 3932
f 3932 3936 3933 3929
v 2874.0 2941.0 434
v 2884.0 2941.0 434
v 2884.0 2951.0 434
v 2874.0 2951.0 434
v 2874.0 2941.0 499
v 2884.0 2941.0 499
v 2884.0 2951.0 499
v 2874.0 2951.0 499
f 3937 3938 3939 3940
f 3941 3944 3943 3942
f 3937 3941 3942 3938
f 3938 3942 3943 3939
f 3939 3943 3944 3940
f 3940 3944 3941 3937
v 3410.0 2602.0 440
v 3420.0 2602.0 440
v 3420.0 2612.0 440
v 3410.0 2612.0 440
v 3410.0 2602.0 460
v 3420.0 2602.0 460
v 3420.0 2612.0 460
v 3410.0 2612.0 460
f 3945 3946 3947 3948
f 3949 3952 3951 3950
f 3945 3949 3950 3946
f 3946 3950 3951 3947
f 3947 3951 3952 3948
f 3948 3952 3949 3945
v 3680.0 4879.0 11
v 3690.0 4879.0 11
v 3690.0 4889.0 11
v 3680.0 4889.0 11
v 3680.0 4879.0 101
v 3690.0 4879.0 101
v 3690.0 4889.0 101
v 3680.0 4889.0 101
f 3953 3954 3955 3956
f 3957 3960 3959 3958
f 3953 3957 3958 3954
f 3954 3958 3959 3955
f 3955 3959 3960 3956
f 3956 3960 3957 3953
v 1277.0 2653.0 3608
v 1287.0 2653.0 3608
v 1287.0 2663.0 3608
v 1277.0 2663.0 3608
v 1277.0 2653.0 3644
v 1287.0 2653.0 3644
v 1287.0 2663.0 3644
v 1277.0 2663.0 3644
f 3961 3962 3963 3964
f 3965 3968 3967 3966
f 3961 3965 3966 3962
f 3962 3966 3967 3963
f 3963 3967 3968 3964
f 3964 3968 3965 3961
v 1819.0 4703.0 4276
v 1829.0 4703.0 4276
v 1829.0 4713.0 4276
v 1819.0 4713.0 4276
v 1819.0 4703.0 4301
v 1829.0 4703.0 4301
v 1829.0 4713.0 4301
v 1819.0 4713.0 4301
f 3969 3970 3971 3972
f 3973 3976 3975 3974
f 3969 3973 3974 3970
f 3970 3974 3975 3971
f 3971 3975 3976 3972
f 3972 3976 3973 3969
v 1787.0 1801.0 3122
v 1797.0 1801.0 3122
v 1797.0 1811.0 3122
v 1787.0 1811.0 3122
v 1787.0 1801.0 3191
v 1797.0 1801.0 3191
v 1797.0 1811.0 3191
v 1787.0 1811.0 3191
f 3977 3978 3979 3980
f 3981 3984 3983 3982
f 3977 3981 3982 3978
f 3978 3982 3983 3979
f 3979 3983 3984 3980
f 3980 3984 3981 3977
v 4374.0 3385.0 4668
v 4384.0 3385.0 4668
v 4384.0 3395.0 4668
v 4374.0 3395.0 4668
v 4374.0 3385.0 4712
v 4384.0 3385.0 4712
v 4384.0 3395.0 4712
v 4374.0 3395.0 4712
f 3985 3986 3987 3988
f 3989 3992 3991 3990
f 3985 3989 3990 3986
f 3986 3990 3991 3987
f 3987 3991 3992 3988
f 3988 3992 3989 3985
v 1327.0 2475.0 1390
v 1337.0 2475.0 1390
v 1337.0 2485.0 1390
v 1327.0 2485.0 1390
v 1327.0 2475.0 1464
v 1337.0 2475.0 1464
v 1337.0 2485.0 1464
v 1327.0 2485.0 1464
f 3993 3994 3995 3996
f 3997 4000 3999 3998
f 3993 3997 3998 3994
f 3994 3998 3999 3995
f 3995 3999 4000 3996
f 3996 4000 3997 3993
v 930.0 1044.0 3654
v 940.0 1044.0 3654
v 940.0 1054.0 3654
v 930.0 1054.0 3654
v 930.0 1044.0 3752
v 940.0 1044.0 3752
v 940.0 1054.0 3752
v 930.0 1054.0 3752
f 4001 4002 4003 4004
f 4005 4008 4007 4006
f 4001 4005 4006 4002
f 4002 4006 4007 4003
f 4003 4007 4008 4004
f 4004 4008 4005 4001
v 3712.0 1741.0 1287
v 3722.0 1741.0 1287
v 3722.0 1751.0 1287
v 3712.0 1751.0 1287
v 3712.0 1741.0 1319
v 3722.0 1741.0 1319
v 3722.0 1751.0 1319
v 3712.0 1751.0 1319
f 4009 4010 4011 4012
f 4013 4016 4015 4014
f 4009 4013 4014 4010
f 4010 4014 4015 4011
f 4011 4015 4016 4012
f 4012 4016 4013 4009
v 648.0 1208.0 2903
v 658.0 1208.0 2903
v 658.0 1218.0 2903
v 648.0 1218.0 2903
v 648.0 1208.0 2938
v 658.0 1208.0 2938
v 658.0 1218.0 2938
v 648.0 1218.0 2938
f 4017 4018 4019 4020
f 4021 4024 4023 4022
f 4017 4021 4022 4018
f 4018 4022 4023 4019
f 4019 4023 4024 4020
f 4020 4024 4021 4017
v 4938.0 4199.0 4845
v 4948.0 4199.0 4845
v 4948.0 4209.0 4845
v 4938.0 4209.0 4845
v 4938.0 4199.0 4869
v 4948.0 4199.0 4869
v 4948.0 4209.0 4869
v 4938.0 4209.0 4869
f 4025 4026 4027 4028
f 4029 4032 4031 4030
f 4025 4029 4030 4026
f 4026 4030 4031 4027
f 4027 4031 4032 4028
f 4028 4032 4029 4025
v 779.0 283.0 1161
v 789.0 283.0 1161
v 789.0 293.0 1161
v 779.0 293.0 1161
v 779.0 283.0 1238
v 789.0 283.0 1238
v 789.0 293.0 1238
v 779.0 293.0 1238
f 4033 4034 4035 4036
f 4037 4040 4039 4038
f 4033 4037 4038 4034
f 4034 4038 4039 4035
f 4035 4039 4040 4036
f 4036 4040 4037 4033
v 819.0 380.0 3273
v 829.0 380.0 3273
v 829.0 390.0 3273
v 819.0 390.0 3273
v 819.0 380.0 3303
v 829.0 380.0 3303
v 829.0 390.0 3303
v 819.0 390.0 3303
f 4041 4042 4043 4044
f 4045 4048 4047 4046
f 4041 4045 4046 4042
f 4042 4046 4047 4043
f 4043 4047 4048 4044
f 4044 4048 4045 4041
v 2240.0 2478.0 1242
v 2250.0 2478.0 1242
v 2250.0 2488.0 1242
v 2240.0 2488.0 1242
v 2240.0 2478.0 1312
v 2250.0 2478.0 1312
v 2250.0 2488.0 1312
v 2240.0 2488.0 1312
f 4049 4050 4051 4052
f 4053 4056 4055 4054
f 4049 4053 4054 4050
f 4050 4054 4055 4051
f 4051 4055 4056 4052
f 4052 4056 4053 4049
v 335.0 3844.0 2304
v 345.0 3844.0 2304
v 345.0 3854.0 2304
v 335.0 3854.0 2304
v 335.0 3844.0 2356
v 345.0 3844.0 2356
v 345.0 3854.0 2356
v 335.0 3854.0 2356
f 4057 4058 4059 4060
f 4061 4064 4063 4062
f 4057 4061 4062 4058
f 4058 4062 4063 4059
f 4059 4063 4064 4060
f 4060 4064 4061 4057
v 3952.0 2111.0 3532
v 3962.0 2111.0 3532
v 3962.0 2121.0 3532
v 3952.0 2121.0 3532
v 3952.0 2111.0 3563
v 3962.0 2111.0 3563
v 3962.0 2121.0 3563
v 3952.0 2121.0 3563
f 4065 4066 4067 4068
f 4069 4072 4071 4070
f 4065 4069 4070 4066
f 4066 4070 4071 4067
f 4067 4071 4072 4068
f 4068 4072 4069 4065
v 137.0 4403.0 2565
v 147.0 4403.0 2565
v 147.0 4413.0 2565
v 137.0 4413.0 2565
v 137.0 4403.0 2627
v 147.0 4403.0 2627
v 147.0 4413.0 2627
v 137.0 4413.0 2627
f 4073 4074 4075 4076
f 4077 4080 4079 4078
f 4073 4077 4078 4074
f 4074 4078 4079 4075
f 4075 4079 4080 4076
f 4076 4080 4077 4073
v 2903.0 4023.0 2486
v 2913.0 4023.0 2486
v 2913.0 4033.0 2486
v 2903.0 4033.0 2486
v 2903.0 4023.0 2541
v 2913.0 4023.0 2541
v 2913.0 4033.0 2541
v 2903.0 4033.0 2541
f 4081 4082 4083 4084
f 4085 4088 4087 4086
f 4081 4085 4086 4082
f 4082 4086 4087 4083
f 4083 4087 4088 4084
f 4084 4088 4085 4081
v 4936.0 1447.0 4268
v 4946.0 1447.0 4268
v 4946.0 1457.0 4268
v 4936.0 1457.0 4268
v 4936.0 1447.0 4312
v 4946.0 1447.0 4312
v 4946.0 1457.0 4312
v 4936.0 1457.0 4312
f 4089 4090 4091 4092
f 4093 4096 4095 4094
f 4089 4093 4094 4090
f 4090 4094 4095 4091
f 4091 4095 4096 4092
f 4092 4096 4093 4089
v 3853.0 3256.0 230
v 3863.0 3256.0 230
v 3863.0 3266.0 230
v 3853.0 3266.0 230
v 3853.0 3256.0 235
v 3863.0 3256.0 235
v 3863.0 3266.0 235
v 3853.0 3266.0 235
f 4097 4098 4099 4100
f 4101 4104 4103 4102
f 4097 4101 4102 4098
f 4098 4102 4103 4099
f 4099 4103 4104 4100
f 4100 4104 4101 4097
v 4487.0 987.0 1434
v 4497.0 987.0 1434
v 4497.0 997.0 1434
v 4487.0 997.0 1434
v 4487.0 987.0 1458
v 4497.0 987.0 1458
v 4497.0 997.0 1458
v 4487.0 997.0 1458
f 4105 4106 4107 4108
f 4109 4112 4111 4110
f 4105 4109 4110 4106
f 4106 4110 4111 4107
f 4107 4111 4112 4108
f 4108 4112 4109 4105
v 4882.0 4349.0 1024
v 4892.0 4349.0 1024
v 4892.0 4359.0 1024
v 4882.0 4359.0 1024
v 4882.0 4349.0 1097
v 4892.0 4349.0 1097
v 4892.0 4359.0 1097
v 4882.0 4359.0 1097
f 4113 4114 4115 4116
f 4117 4120 4119 4118
f 4113 4117 4118 4114
f 4114 4118 4119 4115
f 4115 4119 4120 4116
f 4116 4120 4117 4113
v 627.0 3688.0 1264
v 637.0 3688.0 1264
v 637.0 3698.0 1264
v 627.0 3698.0 1264
v 627.0 3688.0 1279
v 637.0 3688.0 1279
v 637.0 3698.0 1279
v 627.0 3698.0 1279
f 4121 4122 4123 4124
f 4125 4128 4127 4126
f 4121 4125 4126 4122
f 4122 4126 4127 4123
f 4123 4127 4128 4124
f 4124 4128 4125 4121
v 1782.0 4099.0 1265
v 1792.0 4099.0 1265
v 1792.0 4109.0 1265
v 1782.0 4109.0 1265
v 1782.0 4099.0 1353
v 1792.0 4099.0 1353
v 1792.0 4109.0 1353
v 1782.0 4109.0 1353
f 4129 4130 4131 4132
f 4133 4136 4135 4134
f 4129 4133 4134 4130
f 4130 4134 4135 4131
f 4131 4135 4136 4132
f 4132 4136 4133 4129
v 1228.0 905.0 4662
v 1238.0 905.0 4662
v 1238.0 915.0 4662
v 1228.0 915.0 4662
v 1228.0 905.0 4747
v 1238.0 905.0 4747
v 1238.0 915.0 4747
v 1228.0 915.0 4747
f 4137 4138 4139 4140
f 4141 4144 4143 4142
f 4137 4141 4142 4138
f 4138 4142 4143 4139
f 4139 4143 4144 4140
f 4140 4144 4141 4137
v 4380.0 526.0 1059
v 4390.0 526.0 1059
v 4390.0 536.0 1059
v 4380.0 536.0 1059
v 4380.0 526.0 1074
v 4390.0 526.0 1074
v 4390.0 536.0 1074
v 4380.0 536.0 1074
f 4145 4146 4147 4148
f 4149 4152 4151 4150
f 4145 4149 4150 4146
f 4146 4150 4151 4147
f 4147 4151 4152 4148
f 4148 4152 4149 4145
v 4461.0 3276.0 3430
v 4471.0 3276.0 3430
v 4471.0 3286.0 3430
v 4461.0 3286.0 3430
v 4461.0 3276.0 3519
v 4471.0 3276.0 3519
v 4471.0 3286.0 3519
v 4461.0 3286.0 3519
f 4153 4154 4155 4156
f 4157 4160 4159 4158
f 4153 4157 4158 4154
f 4154 4158 4159 4155
f 4155 4159 4160 4156
f 4156 4160 4157 4153
v 1202.0 226.0 1868
v 1212.0 226.0 1868
v 1212.0 236.0 1868
v 1202.0 236.0 1868
v 1202.0 226.0 1885
v 1212.0 226.0 1885
v 1212.0 236.0 1885
v 1202.0 236.0 1885
f 4161 4162 4163 4164
f 4165 4168 4167 4166
f 4161 4165 4166 4162
f 4162 4166 4167 4163
f 4163 4167 4168 4164
f 4164 4168 4165 4161
v 387.0 744.0 2066
v 397.0 744.0 2066
v 397.0 754.0 2066
v 387.0 754.0 2066
v 387.0 744.0 2084
v 397.0 744.0 2084
v 397.0 754.0 2084
v 387.0 754.0 2084
f 4169 4170 4171 4172
f 4173 4176 4175 4174
f 4169 4173 4174 4170
f 4170 4174 4175 4171
f 4171 4175 4176 4172
f 4172 4176 4173 4169
v 1759.0 1755.0 4846
v 1769.0 1755.0 4846
v 1769.0 1765.0 4846
v 1759.0 1765.0 4846
v 1759.0 1755.0 4882
v 1769.0 1755.0 4882
v 1769.0 1765.0 4882
v 1759.0 1765.0 4882
f 4177 4178 4179 4180
f 4181 4184 4183 4182
f 4177 4181 4182 4178
f 4178 4182 4183 4179
f 4179 4183 4184 4180
f 4180 4184 4181 4177
v 2495.0 3979.0 4442
v 2505.0 3979.0 4442
v 2505.0 3989.0 4442
v 2495.0 3989.0 4442
v 2495.0 3979.0 4523
v 2505.0 3979.0 4523
v 2505.0 3989.0 4523
v 2495.0 3989.0 4523
f 4185 4186 4187 4188
f 4189 4192 4191 4190
f 4185 4189 4190 4186
f 4186 4190 4191 4187
f 4187 4191 4192 4188
f 4188 4192 4189 4185
v -1.0 2098.0 3583
v 9.0 2098.0 3583
v 9.0 2108.0 3583
v -1.0 2108.0 3583
v -1.0 2098.0 3615
v 9.0 2098.0 3615
v 9.0 2108.0 3615
v -1.0 2108.0 3615
f 4193 4194 4195 4196
f 4197 4200 4199 4198
f 4193 4197 4198 4194
f 4194 4198 4199 4195
f 4195 4199 4200 4196
f 4196 4200 4197 4193
v 405.0 2365.0 2648
v 415.0 2365.0 2648
v 415.0 2375.0 2648
v 405.0 2375.0 2648
v 405.0 2365.0 2649
v 415.0 2365.0 2649
v 415.0 2375.0 2649
v 405.0 2375.0 2649
f 4201 4202 4203 4204
f 4205 4208 4207 4206
f 4201 4205 4206 4202
f 4202 4206 4207 4203
f 4203 4207 4208 4204
f 4204 4208 4205 4201
v 2657.0 197.0 3549
v 2667.0 197.0 3549
v 2667.0 207.0 3549
v 2657.0 207.0 3549
v 2657.0 197.0 3625
v 2667.0 197.0 3625
v 2667.0 207.0 3625
v 2657.0 207.0 3625
f 4209 4210 4211 4212
f 4213 4216 4215 4214
f 4209 4213 4214 4210
f 4210 4214 4215 4211
f 4211 4215 4216 4212
f 4212 4216 4213 4209
v 4312.0 3672.0 4861
v 4322.0 3672.0 4861
v 4322.0 3682.0 4861
v 4312.0 3682.0 4861
v 4312.0 3672.0 4862
v 4322.0 3672.0 4862
v 4322.0 3682.0 4862
v 4312.0 3682.0 4862
f 4217 4218 4219 4220
f 4221 4224 4223 4222
f 4217 4221 4222 4218
f 4218 4222 4223 4219
f 4219 4223 4224 4220
f 4220 4224 4221 4217
v 2806.0 1864.0 3085
v 2816.0 1864.0 3085
v 2816.0 1874.0 3085
v 2806.0 1874.0 3085
v 2806.0 1864.0 3167
v 2816.0 1864.0 3167
v 2816.0 1874.0 3167
v 2806.0 1874.0 3167
f 4225 4226 4227 4228
f 4229 4232 4231 4230
f 4225 4229 4230 4226
f 4226 4230 4231 4227
f 4227 4231 4232 4228
f 4228 4232 4229 4225
v 101.0 3581.0 2128
v 111.0 3581.0 2128
v 111.0 3591.0 2128
v 101.0 3591.0 2128
v 101.0 3581.0 2200
v 111.0 3581.0 2200
v 111.0 3591.0 2200
v 101.0 3591.0 2200
f 4233 4234 4235 4236
f 4237 4240 4239 4238
f 4233 4237 4238 4234
f 4234 4238 4239 4235
f 4235 4239 4240 4236
f 4236 4240 4237 4233
v 4639.0 3998.0 1319
v 4649.0 3998.0 1319
v 4649.0 4008.0 1319
v 4639.0 4008.0 1319
v 4639.0 3998.0 1397
v 4649.0 3998.0 1397
v 4649.0 4008.0 1397
v 4639.0 4008.0 1397
f 4241 4242 4243 4244
f 4245 4248 4247 4246
f 4241 4245 4246 4242
f 4242 4246 4247 4243
f 4243 4247 4248 4244
f 4244 4248 4245 4241
v 4406.0 467.0 3610
v 4416.0 467.0 3610
v 4416.0 477.0 3610
v 4406.0 477.0 3610
v 4406.0 467.0 3621
v 4416.0 467.0 3621
v 4416.0 477.0 3621
v 4406.0 477.0 3621
f 4249 4250 4251 4252
f 4253 4256 4255 4254
f 4249 4253 4254 4250
f 4250 4254 4255 4251
f 4251 4255 4256 4252
f 4252 4256 4253 4249
v 2556.0 2427.0 2422
v 2566.0 2427.0 2422
v 2566.0 2437.0 2422
v 2556.0 2437.0 2422
v 2556.0 2427.0 2506
v 2566.0 2427.0 2506
v 2566.0 2437.0 2506
v 2556.0 2437.0 2506
f 4257 4258 4259 4260
f 4261 4264 4263 4262
f 4257 4261 4262 4258
f 4258 4262 4263 4259
f 4259 4263 4264 4260
f 4260 4264 4261 4257
v 3589.0 3050.0 2487
v 3599.0 3050.0 2487
v 3599.0 3060.0 2487
v 3589.0 3060.0 2487
v 3589.0 3050.0 2587
v 3599.0 3050.0 2587
v 3599.0 3060.0 2587
v 3589.0 3060.0 2587
f 4265 4266 4267 4268
f 4269 4272 4271 4270
f 4265 4269 4270 4266
f 4266 4270 4271 4267
f 4267 4271 4272 4268
f 4268 4272 4269 4265
v 4713.0 2505.0 4643
v 4723.0 2505.0 4643
v 4723.0 2515.0 4643
v 4713.0 2515.0 4643
v 4713.0 2505.0 4672
v 4723.0 2505.0 4672
v 4723.0 2515.0 4672
v 4713.0 2515.0 4672
f 4273 4274 4275 4276
f 4277 4280 4279 4278
f 4273 4277 4278 4274
f 4274 4278 4279 4275
f 4275 4279 4280 4276
f 4276 4280 4277 4273
v 3257.0 1990.0 3107
v 3267.0 1990.0 3107
v 3267.0 2000.0 3107
v 3257.0 2000.0 3107
v 3257.0 1990.0 3156
v 3267.0 1990.0 3156
v 3267.0 2000.0 3156
v 3257.0 2000.0 3156
f 4281 4282 4283 4284
f 4285 4288 4287 4286
f 4281 4285 4286 4282
f 4282 4286 4287 4283
f 4283 4287 4288 4284
f 4284 4288 4285 4281
v 1875.0 2477.0 1232
v 1885.0 2477.0 1232
v 1885.0 2487.0 1232
v 1875.0 2487.0 1232
v 1875.0 2477.0 1275
v 1885.0 2477.0 1275
v 1885.0 2487.0 1275
v 1875.0 2487.0 1275
f 4289 4290 4291 4292
f 4293 4296 4295 4294
f 4289 4293 4294 4290
f 4290 4294 4295 4291
f 4291 4295 4296 4292
f 4292 4296 4293 4289
v 3806.0 1525.0 1563
v 3816.0 1525.0 1563
v 3816.0 1535.0 1563
v 3806.0 1535.0 1563
v 3806.0 1525.0 1641
v 3816.0 1525.0 1641
v 3816.0 1535.0 1641
v 3806.0 1535.0 1641
f 4297 4298 4299 4300
f 4301 4304 4303 4302
f 4297 4301 4302 4298
f 4298 4302 4303 4299
f 4299 4303 4304 4300
f 4300 4304 4301 4297
v 1247.0 4007.0 1531
v 1257.0 4007.0 1531
v 1257.0 4017.0 1531
v 1247.0 4017.0 1531
v 1247.0 4007.0 1593
v 1257.0 4007.0 1593
v 1257.0 4017.0 1593
v 1247.0 4017.0 1593
f 4305 4306 4307 4308
f 4309 4312 4311 4310
f 4305 4309 4310 4306
f 4306 4310 4311 4307
f 4307 4311 4312 4308
f 4308 4312 4309 4305
v 1763.0 2175.0 3846
v 1773.0 2175.0 3846
v 1773.0 2185.0 3846
v 1763.0 2185.0 3846
v 1763.0 2175.0 3905
v 1773.0 2175.0 3905
v 1773.0 2185.0 3905
v 1763.0 2185.0 3905
f 4313 4314 4315 4316
f 4317 4320 4319 4318
f 4313 4317 4318 4314
f 4314 4318 4319 4315
f 4315 4319 4320 4316
f 4316 4320 4317 4313
v 1917.0 949.0 1597
v 1927.0 949.0 1597
v 1927.0 959.0 1597
v 1917.0 959.0 1597
v 1917.0 949.0 1634
v 1927.0 949.0 1634
v 1927.0 959.0 1634
v 1917.0 959.0 1634
f 4321 4322 4323 4324
f 4325 4328 4327 4326
f 4321 4325 4326 4322
f 4322 4326 4327 4323
f 4323 4327 4328 4324
f 4324 4328 4325 4321
v 4868.0 327.0 1446
v 4878.0 327.0 1446
v 4878.0 337.0 1446
v 4868.0 337.0 1446
v 4868.0 327.0 1470
v 4878.0 327.0 1470
v 4878.0 337.0 1470
v 4868.0 337.0 1470
f 4329 4330 4331 4332
f 4333 4336 4335 4334
f 4329 4333 4334 4330
f 4330 4334 4335 4331
f 4331 4335 4336 4332
f 4332 4336 4333 4329
v 4027.0 3424.0 4418
v 4037.0 3424.0 4418
v 4037.0 3434.0 4418
v 4027.0 3434.0 4418
v 4027.0 3424.0 4452
v 4037.0 3424.0 4452
v 4037.0 3434.0 4452
v 4027.0 3434.0 4452
f 4337 4338 4339 4340
f 4341 4344 4343 4342
f 4337 4341 4342 4338
f 4338 4342 4343 4339
f 4339 4343 4344 4340
f 4340 4344 4341 4337
v 4526.0 340.0 3869
v 4536.0 340.0 3869
v 4536.0 350.0 3869
v 4526.0 350.0 3869
v 4526.0 340.0 3904
v 4536.0 340.0 3904
v 4536.0 350.0 3904
v 4526.0 350.0 3904
f 4345 4346 4347 4348
f 4349 4352 4351 4350
f 4345 4349 4350 4346
f 4346 4350 4351 4347
f 4347 4351 4352 4348
f 4348 4352 4349 4345
v 258.0 89.0 545
v 268.0 89.0 545
v 268.0 99.0 545
v 258.0 99.0 545
v 258.0 89.0 644
v 268.0 89.0 644
v 268.0 99.0 644
v 258.0 99.0 644
f 4353 4354 4355 4356
f 4357 4360 4359 4358
f 4353 4357 4358 4354
f 4354 4358 4359 4355
f 4355 4359 4360 4356
f 4356 4360 4357 4353
v 910.0 3697.0 4378
v 920.0 3697.0 4378
v 920.0 3707.0 4378
v 910.0 3707.0 4378
v 910.0 3697.0 4476
v 920.0 3697.0 4476
v 920.0 3707.0 4476
v 910.0 3707.0 4476
f 4361 4362 4363 4364
f 4365 4368 4367 4366
f 4361 4365 4366 4362
f 4362 4366 4367 4363
f 4363 4367 4368 4364
f 4364 4368 4365 4361
v 2124.0 2509.0 373
v 2134.0 2509.0 373
v 2134.0 2519.0 373
v 2124.0 2519.0 373
v 2124.0 2509.0 450
v 2134.0 2509.0 450
v 2134.0 2519.0 450
v 2124.0 2519.0 450
f 4369 4370 4371 4372
f 4373 4376 4375 4374
f 4369 4373 4374 4370
f 4370 4374 4375 4371
f 4371 4375 4376 4372
f 4372 4376 4373 4369
v 3501.0 333.0 1728
v 3511.0 333.0 1728
v 3511.0 343.0 1728
v 3501.0 343.0 1728
v 3501.0 333.0 1769
v 3511.0 333.0 1769
v 3511.0 343.0 1769
v 3501.0 343.0 1769
f 4377 4378 4379 4380
f 4381 4384 4383 4382
f 4377 4381 4382 4378
f 4378 4382 4383 4379
f 4379 4383 4384 4380
f 4380 4384 4381 4377
v 2695.0 461.0 1240
v 2705.0 461.0 1240
v 2705.0 471.0 1240
v 2695.0 471.0 1240
v 2695.0 461.0 1272
v 2705.0 461.0 1272
v 2705.0 471.0 1272
v 2695.0 471.0 1272
f 4385 4386 4387 4388
f 4389 4392 4391 4390
f 4385 4389 4390 4386
f 4386 4390 4391 4387
f 4387 4391 4392 4388
f 4388 4392 4389 4385
v 4172.0 4635.0 2201
v 4182.0 4635.0 2201
v 4182.0 4645.0 2201
v 4172.0 4645.0 2201
v 4172.0 4635.0 2205
v 4182.0 4635.0 2205
v 4182.0 4645.0 2205
v 4172.0 4645.0 2205
f 4393 4394 4395 4396
f 4397 4400 4399 4398
f 4393 4397 4398 4394
f 4394 4398 4399 4395
f 4395 4399 4400 4396
f 4396 4400 4397 4393
v 1384.0 2530.0 236
v 1394.0 2530.0 236
v 1394.0 2540.0 236
v 1384.0 2540.0 236
v 1384.0 2530.0 325
v 1394.0 2530.0 325
v 1394.0 2540.0 325
v 1384.0 2540.0 325
f 4401 4402 4403 4404
f 4405 4408 4407 4406
f 4401 4405 4406 4402
f 4402 4406 4407 4403
f 4403 4407 4408 4404
f 4404 4408 4405 4401
v 2060.0 260.0 1932
v 2070.0 260.0 1932
v 2070.0 270.0 1932
v 2060.0 270.0 1932
v 2060.0 260.0 1978
v 2070.0 260.0 1978
v 2070.0 270.0 1978
v 2060.0 270.0 1978
f 4409 4410 4411 4412
f 4413 4416 4415 4414
f 4409 4413 4414 4410
f 4410 4414 4415 4411
f 4411 4415 4416 4412
f 4412 4416 4413 4409
v 2284.0 3194.0 667
v 2294.0 3194.0 667
v 2294.0 3204.0 667
v 2284.0 3204.0 667
v 2284.0 3194.0 697
v 2294.0 3194.0 697
v 2294.0 3204.0 697
v 2284.0 3204.0 697
f 4417 4418 4419 4420
f 4421 4424 4423 4422
f 4417 4421 4422 4418
f 4418 4422 4423 4419
f 4419 4423 4424 4420
f 4420 4424 4421 4417
v 2888.0 1926.0 1189
v 2898.0 1926.0 1189
v 2898.0 1936.0 1189
v 2888.0 1936.0 1189
v 2888.0 1926.0 1218
v 2898.0 1926.0 1218
v 2898.0 1936.0 1218
v 2888.0 1936.0 1218
f 4425 4426 4427 4428
f 4429 4432 4431 4430
f 4425 4429 4430 4426
f 4426 4430 4431 4427
f 4427 4431 4432 4428
f 4428 4432 4429 4425
v 2845.0 1232.0 3520
v 2855.0 1232.0 3520
v 2855.0 1242.0 3520
v 2845.0 1242.0 3520
v 2845.0 1232.0 3557
v 2855.0 1232.0 3557
v 2855.0 1242.0 3557
v 2845.0 1242.0 3557
f 4433 4434 4435 4436
f 4437 4440 4439 4438
f 4433 4437 4438 4434
f 4434 4438 4439 4435
f 4435 4439 4440 4436
f 4436 4440 4437 4433
v 1316.0 2266.0 436
v 1326.0 2266.0 436
v 1326.0 2276.0 436
v 1316.0 2276.0 436
v 1316.0 2266.0 442
v 1326.0 2266.0 442
v 1326.0 2276.0 442
v 1316.0 2276.0 442
f 4441 4442 4443 4444
f 4445 4448 4447 4446
f 4441 4445 4446 4442
f 4442 4446 4447 4443
f 4443 4447 4448 4444
f 4444 4448 4445 4441
v 4025.0 1471.0 3954
v 4035.0 1471.0 3954
v 4035.0 1481.0 3954
v 4025.0 1481.0 3954
v 4025.0 1471.0 4037
v 4035.0 1471.0 4037
v 4035.0 1481.0 4037
v 4025.0 1481.0 4037
f 4449 4450 4451 4452
f 4453 4456 4455 4454
f 4449 4453 4454 4450
f 4450 4454 4455 4451
f 4451 4455 4456 4452
f 4452 4456 4453 4449
v 4476.0 3268.0 4433
v 4486.0 3268.0 4433
v 4486.0 3278.0 4433
v 4476.0 3278.0 4433
v 4476.0 3268.0 4450
v 4486.0 3268.0 4450
v 4486.0 3278.0 4450
v 4476.0 3278.0 4450
f 4457 4458 4459 4460
f 4461 4464 4463 4462
f 4457 4461 4462 4458
f 4458 4462 4463 4459
f 4459 4463 4464 4460
f 4460 4464 4461 4457
v 588.0 1026.0 4191
v 598.0 1026.0 4191
v 598.0 1036.0 4191
v 588.0 1036.0 4191
v 588.0 1026.0 4226
v 598.0 1026.0 4226
v 598.0 1036.0 4226
v 588.0 1036.0 4226
f 4465 4466 4467 4468
f 4469 4472 4471 4470
f 4465 4469 4470 4466
f 4466 4470 4471 4467
f 4467 4471 4472 4468
f 4468 4472 4469 4465
v 1616.0 1268.0 1819
v 1626.0 1268.0 1819
v 1626.0 1278.0 1819
v 1616.0 1278.0 1819
v 1616.0 1268.0 1823
v 1626.0 1268.0 1823
v 1626.0 1278.0 1823
v 1616.0 1278.0 1823
f 4473 4474 4475 4476
f 4477 4480 4479 4478
f 4473 4477 4478 4474
f 4474 4478 4479 4475
f 4475 4479 4480 4476
f 4476 4480 4477 4473
v 1481.0 817.0 895
v 1491.0 817.0 895
v 1491.0 827.0 895
v 1481.0 827.0 895
v 1481.0 817.0 948
v 1491.0 817.0 948
v 1491.0 827.0 948
v 1481.0 827.0 948
f 4481 4482 4483 4484
f 4485 4488 4487 4486
f 4481 4485 4486 4482
f 4482 4486 4487 4483
f 4483 4487 4488 4484
f 4484 4488 4485 4481
v 3154.0 3180.0 4599
v 3164.0 3180.0 4599
v 3164.0 3190.0 4599
v 3154.0 3190.0 4599
v 3154.0 3180.0 4632
v 3164.0 3180.0 4632
v 3164.0 3190.0 4632
v 3154.0 3190.0 4632
f 4489 4490 4491 4492
f 4493 4496 4495 4494
f 4489 4493 4494 4490
f 4490 4494 4495 4491
f 4491 4495 4496 4492
f 4492 4496 4493 4489
v 482.0 3699.0 3672
v 492.0 3699.0 3672
v 492.0 3709.0 3672
v 482.0 3709.0 3672
v 482.0 3699.0 3731
v 492.0 3699.0 3731
v 492.0 3709.0 3731
v 482.0 3709.0 3731
f 4497 4498 4499 4500
f 4501 4504 4503 4502
f 4497 4501 4502 4498
f 4498 4502 4503 4499
f 4499 4503 4504 4500
f 4500 4504 4501 4497
v 2077.0 464.0 2380
v 2087.0 464.0 2380
v 2087.0 474.0 2380
v 2077.0 474.0 2380
v 2077.0 464.0 2408
v 2087.0 464.0 2408
v 2087.0 474.0 2408
v 2077.0 474.0 2408
f 4505 4506 4507 4508
f 4509 4512 4511 4510
f 4505 4509 4510 4506
f 4506 4510 4511 4507
f 4507 4511 4512 4508
f 4508 4512 4509 4505
v 795.0 4773.0 1903
v 805.0 4773.0 1903
v 805.0 4783.0 1903
v 795.0 4783.0 1903
v 795.0 4773.0 1964
v 805.0 4773.0 1964
v 805.0 4783.0 1964
v 795.0 4783.0 1964
f 4513 4514 4515 4516
f 4517 4520 4519 4518
f 4513 4517 4518 4514
f 4514 4518 4519 4515
f 4515 4519 4520 4516
f 4516 4520 4517 4513
v 3455.0 311.0 4559
v 3465.0 311.0 4559
v 3465.0 321.0 4559
v 3455.0 321.0 4559
v 3455.0 311.0 4611
v 3465.0 311.0 4611
v 3465.0 321.0 4611
v 3455.0 321.0 4611
f 4521 4522 4523 4524
f 4525 4528 4527 4526
f 4521 4525 4526 4522
f 4522 4526 4527 4523
f 4523 4527 4528 4524
f 4524 4528 4525 4521
v 4442.0 9.0 614
v 4452.0 9.0 614
v 4452.0 19.0 614
v 4442.0 19.0 614
v 4442.0 9.0 679
v 4452.0 9.0 679
v 4452.0 19.0 679
v 4442.0 19.0 679
f 4529 4530 4531 4532
f 4533 4536 4535 4534
f 4529 4533 4534 4530
f 4530 4534 4535 4531
f 4531 4535 4536 4532
f 4532 4536 4533 4529
v 1750.0 3373.0 4730
v 1760.0 3373.0 4730
v 1760.0 3383.0 4730
v 1750.0 3383.0 4730
v 1750.0 3373.0 4765
v 1760.0 3373.0 4765
v 1760.0 3383.0 4765
v 1750.0 3383.0 4765
f 4537 4538 4539 4540
f 4541 4544 4543 4542
f 4537 4541 4542 4538
f 4538 4542 4543 4539
f 4539 4543 4544 4540
f 4540 4544 4541 4537
v 4322.0 1584.0 3532
v 4332.0 1584.0 3532
v 4332.0 1594.0 3532
v 4322.0 1594.0 3532
v 4322.0 1584.0 3542
v 4332.0 1584.0 3542
v 4332.0 1594.0 3542
v 4322.0 1594.0 3542
f 4545 4546 4547 4548
f 4549 4552 4551 4550
f 4545 4549 4550 4546
f 4546 4550 4551 4547
f 4547 4551 4552 4548
f 4548 4552 4549 4545
v 2499.0 4292.0 3087
v 2509.0 4292.0 3087
v 2509.0 4302.0 3087
v 2499.0 4302.0 3087
v 2499.0 4292.0 3110
v 2509.0 4292.0 3110
v 2509.0 4302.0 3110
v 2499.0 4302.0 3110
f 4553 4554 4555 4556
f 4557 4560 4559 4558
f 4553 4557 4558 4554
f 4554 4558 4559 4555
f 4555 4559 4560 4556
f 4556 4560 4557 4553
v 2476.0 191.0 796
v 2486.0 191.0 796
v 2486.0 201.0 796
v 2476.0 201.0 796
v 2476.0 191.0 884
v 2486.0 191.0 884
v 2486.0 201.0 884
v 2476.0 201.0 884
f 4561 4562 4563 4564
f 4565 4568 4567 4566
f 4561 4565 4566 4562
f 4562 4566 4567 4563
f 4563 4567 4568 4564
f 4564 4568 4565 4561
v 4180.0 3354.0 3694
v 4190.0 3354.0 3694
v 4190.0 3364.0 3694
v 4180.0 3364.0 3694
v 4180.0 3354.0 3783
v 4190.0 3354.0 3783
v 4190.0 3364.0 3783
v 4180.0 3364.0 3783
f 4569 4570 4571 4572
f 4573 4576 4575 4574
f 4569 4573 4574 4570
f 4570 4574 4575 4571
f 4571 4575 4576 4572
f 4572 4576 4573 4569
v 1642.0 3838.0 1072
v 1652.0 3838.0 1072
v 1652.0 3848.0 1072
v 1642.0 3848.0 1072
v 1642.0 3838.0 1167
v 1652.0 3838.0 1167
v 1652.0 3848.0 1167
v 1642.0 3848.0 1167
f 4577 4578 4579 4580
f 4581 4584 4583 4582
f 4577 4581 4582 4578
f 4578 4582 4583 4579
f 4579 4583 4584 4580
f 4580 4584 4581 4577
v 3022.0 1648.0 412
v 3032.0 1648.0 412
v 3032.0 1658.0 412
v 3022.0 1658.0 412
v 3022.0 1648.0 482
v 3032.0 1648.0 482
v 3032.0 1658.0 482
v 3022.0 1658.0 482
f 4585 4586 4587 4588
f 4589 4592 4591 4590
f 4585 4589 4590 4586
f 4586 4590 4591 4587
f 4587 4591 4592 4588
f 4588 4592 4589 4585
v 2762.0 589.0 3493
v 2772.0 589.0 3493
v 2772.0 599.0 3493
v 2762.0 599.0 3493
v 2762.0 589.0 3567
v 2772.0 589.0 3567
v 2772.0 599.0 3567
v 2762.0 599.0 3567
f 4593 4594 4595 4596
f 4597 4600 4599 4598
f 4593 4597 4598 4594
f 4594 4598 4599 4595
f 4595 4599 4600 4596
f 4596 4600 4597 4593
v 1341.0 3407.0 3672
v 1351.0 3407.0 3672
v 1351.0 3417.0 3672
v 1341.0 3417.0 3672
v 1341.0 3407.0 3740
v 1351.0 3407.0 3740
v 1351.0 3417.0 3740
v 1341.0 3417.0 3740
f 4601 4602 4603 4604
f 4605 4608 4607 4606
f 4601 4605 4606 4602
f 4602 4606 4607 4603
f 4603 4607 4608 4604
f 4604 4608 4605 4601
v 1186.0 4771.0 3236
v 1196.0 4771.0 3236
v 1196.0 4781.0 3236
v 1186.0 4781.0 3236
v 1186.0 4771.0 3335
v 1196.0 4771.0 3335
v 1196.0 4781.0 3335
v 1186.0 4781.0 3335
f 4609 4610 4611 4612
f 4613 4616 4615 4614
f 4609 4613 4614 4610
f 4610 4614 4615 4611
f 4611 4615 4616 4612
f 4612 4616 4613 4609
v 2128.0 1663.0 3478
v 2138.0 1663.0 3478
v 2138.0 1673.0 3478
v 2128.0 1673.0 3478
v 2128.0 1663.0 3544
v 2138.0 1663.0 3544
v 2138.0 1673.0 3544
v 2128.0 1673.0 3544
f 4617 4618 4619 4620
f 4621 4624 4623 4622
f 4617 4621 4622 4618
f 4618 4622 4623 4619
f 4619 4623 4624 4620
f 4620 4624 4621 4617
v 291.0 2020.0 1034
v 301.0 2020.0 1034
v 301.0 2030.0 1034
v 291.0 2030.0 1034
v 291.0 2020.0 1126
v 301.0 2020.0 1126
v 301.0 2030.0 1126
v 291.0 2030.0 1126
f 4625 4626 4627 4628
f 4629 4632 4631 4630
f 4625 4629 4630 4626
f 4626 4630 4631 4627
f 4627 4631 4632 4628
f 4628 4632 4629 4625
v 422.0 2929.0 4710
v 432.0 2929.0 4710
v 432.0 2939.0 4710
v 422.0 2939.0 4710
v 422.0 2929.0 4723
v 432.0 2929.0 4723
v 432.0 2939.0 4723
v 422.0 2939.0 4723
f 4633 4634 4635 4636
f 4637 4640 4639 4638
f 4633 4637 4638 4634
f 4634 4638 4639 4635
f 4635 4639 4640 4636
f 4636 4640 4637 4633
v 4224.0 1638.0 1362
v 4234.0 1638.0 1362
v 4234.0 1648.0 1362
v 4224.0 1648.0 1362
v 4224.0 1638.0 1447
v 4234.0 1638.0 1447
v 4234.0 1648.0 1447
v 4224.0 1648.0 1447
f 4641 4642 4643 4644
f 4645 4648 4647 4646
f 4641 4645 4646 4642
f 4642 4646 4647 4643
f 4643 4647 4648 4644
f 4644 4648 4645 4641
v 3797.0 3853.0 446
v 3807.0 3853.0 446
v 3807.0 3863.0 446
v 3797.0 3863.0 446
v 3797.0 3853.0 507
v 3807.0 3853.0 507
v 3807.0 3863.0 507
v 3797.0 3863.0 507
f 4649 4650 4651 4652
f 4653 4656 4655 4654
f 4649 4653 4654 4650
f 4650 4654 4655 4651
f 4651 4655 4656 4652
f 4652 4656 4653 4649
v 3561.0 2551.0 2807
v 3571.0 2551.0 2807
v 3571.0 2561.0 2807
v 3561.0 2561.0 2807
v 3561.0 2551.0 2827
v 3571.0 2551.0 2827
v 3571.0 2561.0 2827
v 3561.0 2561.0 2827
f 4657 4658 4659 4660
f 4661 4664 4663 4662
f 4657 4661 4662 4658
f 4658 4662 4663 4659
f 4659 4663 4664 4660
f 4660 4664 4661 4657
v 3115.0 3173.0 1277
v 3125.0 3173.0 1277
v 3125.0 3183.0 1277
v 3115.0 3183.0 1277
v 3115.0 3173.0 1328
v 3125.0 3173.0 1328
v 3125.0 3183.0 1328
v 3115.0 3183.0 1328
f 4665 4666 4667 4668
f 4669 4672 4671 4670
f 4665 4669 4670 4666
f 4666 4670 4671 4667
f 4667 4671 4672 4668
f 4668 4672 4669 4665
v 4212.0 3908.0 1179
v 4222.0 3908.0 1179
v 4222.0 3918.0 1179
v 4212.0 3918.0 1179
v 4212.0 3908.0 1276
v 4222.0 3908.0 1276
v 4222.0 3918.0 1276
v 4212.0 3918.0 1276
f 4673 4674 4675 4676
f 4677 4680 4679 4678
f 4673 4677 4678 4674
f 4674 4678 4679 4675
f 4675 4679 4680 4676
f 4676 4680 4677 4673
v 1955.0 78.0 4776
v 1965.0 78.0 4776
v 1965.0 88.0 4776
v 1955.0 88.0 4776
v 1955.0 78.0 4853
v 1965.0 78.0 4853
v 1965.0 88.0 4853
v 1955.0 88.0 4853
f 4681 4682 4683 4684
f 4685 4688 4687 4686
f 4681 4685 4686 4682
f 4682 4686 4687 4683
f 4683 4687 4688 4684
f 4684 4688 4685 4681
v 3981.0 305.0 1110
v 3991.0 305.0 1110
v 3991.0 315.0 1110
v 3981.0 315.0 1110
v 3981.0 305.0 1209
v 3991.0 305.0 1209
v 3991.0 315.0 1209
v 3981.0 315.0 1209
f 4689 4690 4691 4692
f 4693 4696 4695 4694
f 4689 4693 4694 4690
f 4690 4694 4695 4691
f 4691 4695 4696 4692
f 4692 4696 4693 4689
v 3091.0 1227.0 3186
v 3101.0 1227.0 3186
v 3101.0 1237.0 3186
v 3091.0 1237.0 3186
v 3091.0 1227.0 3231
v 3101.0 1227.0 3231
v 3101.0 1237.0 3231
v 3091.0 1237.0 3231
f 4697 4698 4699 4700
f 4701 4704 4703 4702
f 4697 4701 4702 4698
f 4698 4702 4703 4699
f 4699 4703 4704 4700
f 4700 4704 4701 4697
v 4721.0 310.0 1198
v 4731.0 310.0 1198
v 4731.0 320.0 1198
v 4721.0 320.0 1198
v 4721.0 310.0 1268
v 4731.0 310.0 1268
v 4731.0 320.0 1268
v 4721.0 320.0 1268
f 4705 4706 4707 4708
f 4709 4712 4711 4710
f 4705 4709 4710 4706
f 4706 4710 4711 4707
f 4707 4711 4712 4708
f 4708 4712 4709 4705
v 3067.0 914.0 2974
v 3077.0 914.0 2974
v 3077.0 924.0 2974
v 3067.0 924.0 2974
v 3067.0 914.0 3036
v 3077.0 914.0 3036
v 3077.0 924.0 3036
v 3067.0 924.0 3036
f 4713 4714 4715 4716
f 4717 4720 4719 4718
f 4713 4717 4718 4714
f 4714 4718 4719 4715
f 4715 4719 4720 4716
f 4716 4720 4717 4713
v 3767.0 163.0 2706
v 3777.0 163.0 2706
v 3777.0 173.0 2706
v 3767.0 173.0 2706
v 3767.0 163.0 2801
v 3777.0 163.0 2801
v 3777.0 173.0 2801
v 3767.0 173.0 2801
f 4721 4722 4723 4724
f 4725 4728 4727 4726
f 4721 4725 4726 4722
f 4722 4726 4727 4723
f 4723 4727 4728 4724
f 4724 4728 4725 4721
v 368.0 4846.0 2220
v 378.0 4846.0 2220
v 378.0 4856.0 2220
v 368.0 4856.0 2220
v 368.0 4846.0 2318
v 378.0 4846.0 2318
v 378.0 4856.0 2318
v 368.0 4856.0 2318
f 4729 4730 4731 4732
f 4733 4736 4735 4734
f 4729 4733 4734 4730
f 4730 4734 4735 4731
f 4731 4735 4736 4732
f 4732 4736 4733 4729
v 31.0 3744.0 3761
v 41.0 3744.0 3761
v 41.0 3754.0 3761
v 31.0 3754.0 3761
v 31.0 3744.0 3764
v 41.0 3744.0 3764
v 41.0 3754.0 3764
v 31.0 3754.0 3764
f 4737 4738 4739 4740
f 4741 4744 4743 4742
f 4737 4741 4742 4738
f 4738 4742 4743 4739
f 4739 4743 4744 4740
f 4740 4744 4741 4737
v 315.0 4182.0 4968
v 325.0 4182.0 4968
v 325.0 4192.0 4968
v 315.0 4192.0 4968
v 315.0 4182.0 4989
v 325.0 4182.0 4989
v 325.0 4192.0 4989
v 315.0 4192.0 4989
f 4745 4746 4747 4748
f 4749 4752 4751 4750
f 4745 4749 4750 4746
f 4746 4750 4751 4747
f 4747 4751 4752 4748
f 4748 4752 4749 4745
v 2323.0 2305.0 1327
v 2333.0 2305.0 1327
v 2333.0 2315.0 1327
v 2323.0 2315.0 1327
v 2323.0 2305.0 1411
v 2333.0 2305.0 1411
v 2333.0 2315.0 1411
v 2323.0 2315.0 1411
f 4753 4754 4755 4756
f 4757 4760 4759 4758
f 4753 4757 4758 4754
f 4754 4758 4759 4755
f 4755 4759 4760 4756
f 4756 4760 4757 4753
v 2254.0 998.0 2052
v 2264.0 998.0 2052
v 2264.0 1008.0 2052
v 2254.0 1008.0 2052
v 2254.0 998.0 2123
v 2264.0 998.0 2123
v 2264.0 1008.0 2123
v 2254.0 1008.0 2123
f 4761 4762 4763 4764
f 4765 4768 4767 4766
f 4761 4765 4766 4762
f 4762 4766 4767 4763
f 4763 4767 4768 4764
f 4764 4768 4765 4761
v 3462.0 4708.0 932
v 3472.0 4708.0 932
v 3472.0 4718.0 932
v 3462.0 4718.0 932
v 3462.0 4708.0 970
v 3472.0 4708.0 970
v 3472.0 4718.0 970
v 3462.0 4718.0 970
f 4769 4770 4771 4772
f 4773 4776 4775 4774
f 4769 4773 4774 4770
f 4770 4774 4775 4771
f 4771 4775 4776 4772
f 4772 4776 4773 4769
v 4431.0 3628.0 46
v 4441.0 3628.0 46
v 4441.0 3638.0 46
v 4431.0 3638.0 46
v 4431.0 3628.0 74
v 4441.0 3628.0 74
v 4441.0 3638.0 74
v 4431.0 3638.0 74
f 4777 4778 4779 4780
f 4781 4784 4783 4782
f 4777 4781 4782 4778
f 4778 4782 4783 4779
f 4779 4783 4784 4780
f 4780 4784 4781 4777
v 2287.0 1069.0 3079
v 2297.0 1069.0 3079
v 2297.0 1079.0 3079
v 2287.0 1079.0 3079
v 2287.0 1069.0 3129
v 2297.0 1069.0 3129
v 2297.0 1079.0 3129
v 2287.0 1079.0 3129
f 4785 4786 4787 4788
f 4789 4792 4791 4790
f 4785 4789 4790 4786
f 4786 4790 4791 4787
f 4787 4791 4792 4788
f 4788 4792 4789 4785
v 1753.0 370.0 2308
v 1763.0 370.0 2308
v 1763.0 380.0 2308
v 1753.0 380.0 2308
v 1753.0 370.0 2404
v 1763.0 370.0 2404
v 1763.0 380.0 2404
v 1753.0 380.0 2404
f 4793 4794 4795 4796
f 4797 4800 4799 4798
f 4793 4797 4798 4794
f 4794 4798 4799 4795
f 4795 4799 4800 4796
f 4796 4800 4797 4793
v 2807.0 2387.0 1656
v 2817.0 2387.0 1656
v 2817.0 2397.0 1656
v 2807.0 2397.0 1656
v 2807.0 2387.0 1754
v 2817.0 2387.0 1754
v 2817.0 2397.0 1754
v 2807.0 2397.0 1754
f 4801 4802 4803 4804
f 4805 4808 4807 4806
f 4801 4805 4806 4802
f 4802 4806 4807 4803
f 4803 4807 4808 4804
f 4804 4808 4805 4801
v 981.0 3222.0 98
v 991.0 3222.0 98
v 991.0 3232.0 98
v 981.0 3232.0 98
v 981.0 3222.0 146
v 991.0 3222.0 146
v 991.0 3232.0 146
v 981.0 3232.0 146
f 4809 4810 4811 4812
f 4813 4816 4815 4814
f 4809 4813 4814 4810
f 4810 4814 4815 4811
f 4811 4815 4816 4812
f 4812 4816 4813 4809
v 2977.0 173.0 1155
v 2987.0 173.0 1155
v 2987.0 183.0 1155
v 2977.0 183.0 1155
v 2977.0 173.0 1211
v 2987.0 173.0 1211
v 2987.0 183.0 1211
v 2977.0 183.0 1211
f 4817 4818 4819 4820
f 4821 4824 4823 4822
f 4817 4821 4822 4818
f 4818 4822 4823 4819
f 4819 4823 4824 4820
f 4820 4824 4821 4817
v 4138.0 1883.0 1956
v 4148.0 1883.0 1956
v 4148.0 1893.0 1956
v 4138.0 1893.0 1956
v 4138.0 1883.0 2056
v 4148.0 1883.0 2056
v 4148.0 1893.0 2056
v 4138.0 1893.0 2056
f 4825 4826 4827 4828
f 4829 4832 4831 4830
f 4825 4829 4830 4826
f 4826 4830 4831 4827
f 4827 4831 4832 4828
f 4828 4832 4829 4825
v 2616.0 2593.0 3655
v 2626.0 2593.0 3655
v 2626.0 2603.0 3655
v 2616.0 2603.0 3655
v 2616.0 2593.0 3712
v 2626.0 2593.0 3712
v 2626.0 2603.0 3712
v 2616.0 2603.0 3712
f 4833 4834 4835 4836
f 4837 4840 4839 4838
f 4833 4837 4838 4834
f 4834 4838 4839 4835
f 4835 4839 4840 4836
f 4836 4840 4837 4833
v 163.0 4588.0 4507
v 173.0 4588.0 4507
v 173.0 4598.0 4507
v 163.0 4598.0 4507
v 163.0 4588.0 4540
v 173.0 4588.0 4540
v 173.0 4598.0 4540
v 163.0 4598.0 4540
f 4841 4842 4843 4844
f 4845 4848 4847 4846
f 4841 4845 4846 4842
f 4842 4846 4847 4843
f 4843 4847 4848 4844
f 4844 4848 4845 4841
v 4463.0 1355.0 2967
v 4473.0 1355.0 2967
v 4473.0 1365.0 2967
v 4463.0 1365.0 2967
v 4463.0 1355.0 3048
v 4473.0 1355.0 3048
v 4473.0 1365.0 3048
v 4463.0 1365.0 3048
f 4849 4850 4851 4852
f 4853 4856 4855 4854
f 4849 4853 4854 4850
f 4850 4854 4855 4851
f 4851 4855 4856 4852
f 4852 4856 4853 4849
v 319.0 2736.0 648
v 329.0 2736.0 648
v 329.0 2746.0 648
v 319.0 2746.0 648
v 319.0 2736.0 702
v 329.0 2736.0 702
v 329.0 2746.0 702
v 319.0 2746.0 702
f 4857 4858 4859 4860
f 4861 4864 4863 4862
f 4857 4861 4862 4858
f 4858 4862 4863 4859
f 4859 4863 4864 4860
f 4860 4864 4861 4857
v 1026.0 4650.0 285
v 1036.0 4650.0 285
v 1036.0 4660.0 285
v 1026.0 4660.0 285
v 1026.0 4650.0 348
v 1036.0 4650.0 348
v 1036.0 4660.0 348
v 1026.0 4660.0 348
f 4865 4866 4867 4868
f 4869 4872 4871 4870
f 4865 4869 4870 4866
f 4866 4870 4871 4867
f 4867 4871 4872 4868
f 4868 4872 4869 4865
v 910.0 728.0 2932
v 920.0 728.0 2932
v 920.0 738.0 2932
v 910.0 738.0 2932
v 910.0 728.0 3030
v 920.0 728.0 3030
v 920.0 738.0 3030
v 910.0 738.0 3030
f 4873 4874 4875 4876
f 4877 4880 4879 4878
f 4873 4877 4878 4874
f 4874 4878 4879 4875
f 4875 4879 4880 4876
f 4876 4880 4877 4873
v 4461.0 4387.0 1485
v 4471.0 4387.0 1485
v 4471.0 4397.0 1485
v 4461.0 4397.0 1485
v 4461.0 4387.0 1513
v 4471.0 4387.0 1513
v 4471.0 4397.0 1513
v 4461.0 4397.0 1513
f 4881 4882 4883 4884
f 4885 4888 4887 4886
f 4881 4885 4886 4882
f 4882 4886 4887 4883
f 4883 4887 4888 4884
f 4884 4888 4885 4881
v 2265.0 2450.0 492
v 2275.0 2450.0 492
v 2275.0 2460.0 492
v 2265.0 2460.0 492
v 2265.0 2450.0 590
v 2275.0 2450.0 590
v 2275.0 2460.0 590
v 2265.0 2460.0 590
f 4889 4890 4891 4892
f 4893 4896 4895 4894
f 4889 4893 4894 4890
f 4890 4894 4895 4891
f 4891 4895 4896 4892
f 4892 4896 4893 4889
v 3435.0 400.0 1780
v 3445.0 400.0 1780
v 3445.0 410.0 1780
v 3435.0 410.0 1780
v 3435.0 400.0 1796
v 3445.0 400.0 1796
v 3445.0 410.0 1796
v 3435.0 410.0 1796
f 4897 4898 4899 4900
f 4901 4904 4903 4902
f 4897 4901 4902 4898
f 4898 4902 4903 4899
f 4899 4903 4904 4900
f 4900 4904 4901 4897
v 93.0 4618.0 188
v 103.0 4618.0 188
v 103.0 4628.0 188
v 93.0 4628.0 188
v 93.0 4618.0 268
v 103.0 4618.0 268
v 103.0 4628.0 268
v 93.0 4628.0 268
f 4905 4906 4907 4908
f 4909 4912 4911 4910
f 4905 4909 4910 4906
f 4906 4910 4911 4907
f 4907 4911 4912 4908
f 4908 4912 4909 4905
v 1464.0 4924.0 4226
v 1474.0 4924.0 4226
v 1474.0 4934.0 4226
v 1464.0 4934.0 4226
v 1464.0 4924.0 4296
v 1474.0 4924.0 4296
v 1474.0 4934.0 4296
v 1464.0 4934.0 4296
f 4913 4914 4915 4916
f 4917 4920 4919 4918
f 4913 4917 4918 4914
f 4914 4918 4919 4915
f 4915 4919 4920 4916
f 4916 4920 4917 4913
v 3771.0 3363.0 2362
v 3781.0 3363.0 2362
v 3781.0 3373.0 2362
v 3771.0 3373.0 2362
v 3771.0 3363.0 2376
v 3781.0 3363.0 2376
v 3781.0 3373.0 2376
v 3771.0 3373.0 2376
f 4921 4922 4923 4924
f 4925 4928 4927 4926
f 4921 4925 4926 4922
f 4922 4926 4927 4923
f 4923 4927 4928 4924
f 4924 4928 4925 4921
v 926.0 498.0 1794
v 936.0 498.0 1794
v 936.0 508.0 1794
v 926.0 508.0 1794
v 926.0 498.0 1877
v 936.0 498.0 1877
v 936.0 508.0 1877
v 926.0 508.0 1877
f 4929 4930 4931 4932
f 4933 4936 4935 4934
f 4929 4933 4934 4930
f 4930 4934 4935 4931
f 4931 4935 4936 4932
f 4932 4936 4933 4929
v 2716.0 4319.0 1246
v 2726.0 4319.0 1246
v 2726.0 4329.0 1246
v 2716.0 4329.0 1246
v 2716.0 4319.0 1335
v 2726.0 4319.0 1335
v 2726.0 4329.0 1335
v 2716.0 4329.0 1335
f 4937 4938 4939 4940
f 4941 4944 4943 4942
f 4937 4941 4942 4938
f 4938 4942 4943 4939
f 4939 4943 4944 4940
f 4940 4944 4941 4937
v 1365.0 3523.0 479
v 1375.0 3523.0 479
v 1375.0 3533.0 479
v 1365.0 3533.0 479
v 1365.0 3523.0 509
v 1375.0 3523.0 509
v 1375.0 3533.0 509
v 1365.0 3533.0 509
f 4945 4946 4947 4948
f 4949 4952 4951 4950
f 4945 4949 4950 4946
f 4946 4950 4951 4947
f 4947 4951 4952 4948
f 4948 4952 4949 4945
v 3910.0 2210.0 3699
v 3920.0 2210.0 3699
v 3920.0 2220.0 3699
v 3910.0 2220.0 3699
v 3910.0 2210.0 3779
v 3920.0 2210.0 3779
v 3920.0 2220.0 3779
v 3910.0 2220.0 3779
f 4953 4954 4955 4956
f 4957 4960 4959 4958
f 4953 4957 4958 4954
f 4954 4958 4959 4955
f 4955 4959 4960 4956
f 4956 4960 4957 4953
v 4649.0 724.0 4727
v 4659.0 724.0 4727
v 4659.0 734.0 4727
v 4649.0 734.0 4727
v 4649.0 724.0 4788
v 4659.0 724.0 4788
v 4659.0 734.0 4788
v 4649.0 734.0 4788
f 4961 4962 4963 4964
f 4965 4968 4967 4966
f 4961 4965 4966 4962
f 4962 4966 4967 4963
f 4963 4967 4968 4964
f 4964 4968 4965 4961
v 4636.0 1411.0 2942
v 4646.0 1411.0 2942
v 4646.0 1421.0 2942
v 4636.0 1421.0 2942
v 4636.0 1411.0 3041
v 4646.0 1411.0 3041
v 4646.0 1421.0 3041
v 4636.0 1421.0 3041
f 4969 4970 4971 4972
f 4973 4976 4975 4974
f 4969 4973 4974 4970
f 4970 4974 4975 4971
f 4971 4975 4976 4972
f 4972 4976 4973 4969
v 2769.0 397.0 2956
v 2779.0 397.0 2956
v 2779.0 407.0 2956
v 2769.0 407.0 2956
v 2769.0 397.0 3039
v 2779.0 397.0 3039
v 2779.0 407.0 3039
v 2769.0 407.0 3039
f 4977 4978 4979 4980
f 4981 4984 4983 4982
f 4977 4981 4982 4978
f 4978 4982 4983 4979
f 4979 4983 4984 4980
f 4980 4984 4981 4977
v 1868.0 4887.0 3458
v 1878.0 4887.0 3458
v 1878.0 4897.0 3458
v 1868.0 4897.0 3458
v 1868.0 4887.0 3465
v 1878.0 4887.0 3465
v 1878.0 4897.0 3465
v 1868.0 4897.0 3465
f 4985 4986 4987 4988
f 4989 4992 4991 4990
f 4985 4989 4990 4986
f 4986 4990 4991 4987
f 4987 4991 4992 4988
f 4988 4992 4989 4985
v 3428.0 3402.0 2120
v 3438.0 3402.0 2120
v 3438.0 3412.0 2120
v 3428.0 3412.0 2120
v 3428.0 3402.0 2170
v 3438.0 3402.0 2170
v 3438.0 3412.0 2170
v 3428.0 3412.0 2170
f 4993 4994 4995 4996
f 4997 5000 4999 4998
f 4993 4997 4998 4994
f 4994 4998 4999 4995
f 4995 4999 5000 4996
f 4996 5000 4997 4993
v 2240.0 2577.0 3316
v 2250.0 2577.0 3316
v 2250.0 2587.0 3316
v 2240.0 2587.0 3316
v 2240.0 2577.0 3411
v 2250.0 2577.0 3411
v 2250.0 2587.0 3411
v 2240.0 2587.0 3411
f 5001 5002 5003 5004
f 5005 5008 5007 5006
f 5001 5005 5006 5002
f 5002 5006 5007 5003
f 5003 5007 5008 5004
f 5004 5008 5005 5001
v 1020.0 3929.0 2807
v 1030.0 3929.0 2807
v 1030.0 3939.0 2807
v 1020.0 3939.0 2807
v 1020.0 3929.0 2861
v 1030.0 3929.0 2861
v 1030.0 3939.0 2861
v 1020.0 3939.0 2861
f 5009 5010 5011 5012
f 5013 5016 5015 5014
f 5009 5013 5014 5010
f 5010 5014 5015 5011
f 5011 5015 5016 5012
f 5012 5016 5013 5009
v 2241.0 3904.0 3478
v 2251.0 3904.0 3478
v 2251.0 3914.0 3478
v 2241.0 3914.0 3478
v 2241.0 3904.0 3533
v 2251.0 3904.0 3533
v 2251.0 3914.0 3533
v 2241.0 3914.0 3533
f 5017 5018 5019 5020
f 5021 5024 5023 5022
f 5017 5021 5022 5018
f 5018 5022 5023 5019
f 5019 5023 5024 5020
f 5020 5024 5021 5017
v 3554.0 2371.0 1247
v 3564.0 2371.0 1247
v 3564.0 2381.0 1247
v 3554.0 2381.0 1247
v 3554.0 2371.0 1272
v 3564.0 2371.0 1272
v 3564.0 2381.0 1272
v 3554.0 2381.0 1272
f 5025 5026 5027 5028
f 5029 5032 5031 5030
f 5025 5029 5030 5026
f 5026 5030 5031 5027
f 5027 5031 5032 5028
f 5028 5032 5029 5025
v 2884.0 2870.0 3576
v 2894.0 2870.0 3576
v 2894.0 2880.0 3576
v 2884.0 2880.0 3576
v 2884.0 2870.0 3634
v 2894.0 2870.0 3634
v 2894.0 2880.0 3634
v 2884.0 2880.0 3634
f 5033 5034 5035 5036
f 5037 5040 5039 5038
f 5033 5037 5038 5034
f 5034 5038 5039 5035
f 5035 5039 5040 5036
f 5036 5040 5037 5033
v 100.0 4587.0 2479
v 110.0 4587.0 2479
v 110.0 4597.0 2479
v 100.0 4597.0 2479
v 100.0 4587.0 2528
v 110.0 4587.0 2528
v 110.0 4597.0 2528
v 100.0 4597.0 2528
f 5041 5042 5043 5044
f 5045 5048 5047 5046
f 5041 5045 5046 5042
f 5042 5046 5047 5043
f 5043 5047 5048 5044
f 5044 5048 5045 5041
v 3923.0 3606.0 3366
v 3933.0 3606.0 3366
v 3933.0 3616.0 3366
v 3923.0 3616.0 3366
v 3923.0 3606.0 3412
v 3933.0 3606.0 3412
v 3933.0 3616.0 3412
v 3923.0 3616.0 3412
f 5049 5050 5051 5052
f 5053 5056 5055 5054
f 5049 5053 5054 5050
f 5050 5054 5055 5051
f 5051 5055 5056 5052
f 5052 5056 5053 5049
v 2856.0 2899.0 4687
v 2866.0 2899.0 4687
v 2866.0 2909.0 4687
v 2856.0 2909.0 4687
v 2856.0 2899.0 4774
v 2866.0 2899.0 4774
v 2866.0 2909.0 4774
v 2856.0 2909.0 4774
f 5057 5058 5059 5060
f 5061 5064 5063 5062
f 5057 5061 5062 5058
f 5058 5062 5063 5059
f 5059 5063 5064 5060
f 5060 5064 5061 5057
v 4587.0 36.0 2333
v 4597.0 36.0 2333
v 4597.0 46.0 2333
v 4587.0 46.0 2333
v 4587.0 36.0 2339
v 4597.0 36.0 2339
v 4597.0 46.0 2339
v 4587.0 46.0 2339
f 5065 5066 5067 5068
f 5069 5072 5071 5070
f 5065 5069 5070 5066
f 5066 5070 5071 5067
f 5067 5071 5072 5068
f 5068 5072 5069 5065
v 1103.0 3081.0 965
v 1113.0 3081.0 965
v 1113.0 3091.0 965
v 1103.0 3091.0 965
v 1103.0 3081.0 1031
v 1113.0 3081.0 1031
v 1113.0 3091.0 1031
v 1103.0 3091.0 1031
f 5073 5074 5075 5076
f 5077 5080 5079 5078
f 5073 5077 5078 5074
f 5074 5078 5079 5075
f 5075 5079 5080 5076
f 5076 5080 5077 5073
v 596.0 311.0 4036
v 606.0 311.0 4036
v 606.0 321.0 4036
v 596.0 321.0 4036
v 596.0 311.0 4042
v 606.0 311.0 4042
v 606.0 321.0 4042
v 596.0 321.0 4042
f 5081 5082 5083 5084
f 5085 5088 5087 5086
f 5081 5085 5086 5082
f 5082 5086 5087 5083
f 5083 5087 5088 5084
f 5084 5088 5085 5081
v 1947.0 147.0 482
v 1957.0 147.0 482
v 1957.0 157.0 482
v 1947.0 157.0 482
v 1947.0 147.0 503
v 1957.0 147.0 503
v 1957.0 157.0 503
v 1947.0 157.0 503
f 5089 5090 5091 5092
f 5093 5096 5095 5094
f 5089 5093 5094 5090
f 5090 5094 5095 5091
f 5091 5095 5096 5092
f 5092 5096 5093 5089
v 839.0 4235.0 3990
v 849.0 4235.0 3990
v 849.0 4245.0 3990
v 839.0 4245.0 3990
v 839.0 4235.0 4043
v 849.0 4235.0 4043
v 849.0 4245.0 4043
v 839.0 4245.0 4043
f 5097 5098 5099 5100
f 5101 5104 5103 5102
f 5097 5101 5102 5098
f 5098 5102 5103 5099
f 5099 5103 5104 5100
f 5100 5104 5101 5097
v 4211.0 1519.0 910
v 4221.0 1519.0 910
v 4221.0 1529.0 910
v 4211.0 1529.0 910
v 4211.0 1519.0 984
v 4221.0 1519.0 984
v 4221.0 1529.0 984
v 4211.0 1529.0 984
f 5105 5106 5107 5108
f 5109 5112 5111 5110
f 5105 5109 5110 5106
f 5106 5110 5111 5107
f 5107 5111 5112 5108
f 5108 5112 5109 5105
v 4587.0 3258.0 1283
v 4597.0 3258.0 1283
v 4597.0 3268.0 1283
v 4587.0 3268.0 1283
v 4587.0 3258.0 1336
v 4597.0 3258.0 1336
v 4597.0 3268.0 1336
v 4587.0 3268.0 1336
f 5113 5114 5115 5116
f 5117 5120 5119 5118
f 5113 5117 5118 5114
f 5114 5118 5119 5115
f 5115 5119 5120 5116
f 5116 5120 5117 5113
v 661.0 3588.0 1803
v 671.0 3588.0 1803
v 671.0 3598.0 1803
v 661.0 3598.0 1803
v 661.0 3588.0 1844
v 671.0 3588.0 1844
v 671.0 3598.0 1844
v 661.0 3598.0 1844
f 5121 5122 5123 5124
f 5125 5128 5127 5126
f 5121 5125 5126 5122
f 5122 5126 5127 5123
f 5123 5127 5128 5124
f 5124 5128 5125 5121
v 489.0 2180.0 2587
v 499.0 2180.0 2587
v 499.0 2190.0 2587
v 489.0 2190.0 2587
v 489.0 2180.0 2654
v 499.0 2180.0 2654
v 499.0 2190.0 2654
v 489.0 2190.0 2654
f 5129 5130 5131 5132
f 5133 5136 5135 5134
f 5129 5133 5134 5130
f 5130 5134 5135 5131
f 5131 5135 5136 5132
f 5132 5136 5133 5129
v 1910.0 1001.0 2126
v 1920.0 1001.0 2126
v 1920.0 1011.0 2126
v 1910.0 1011.0 2126
v 1910.0 1001.0 2162
v 1920.0 1001.0 2162
v 1920.0 1011.0 2162
v 1910.0 1011.0 2162
f 5137 5138 5139 5140
f 5141 5144 5143 5142
f 5137 5141 5142 5138
f 5138 5142 5143 5139
f 5139 5143 5144 5140
f 5140 5144 5141 5137
v 2527.0 4531.0 1269
v 2537.0 4531.0 1269
v 2537.0 4541.0 1269
v 2527.0 4541.0 1269
v 2527.0 4531.0 1315
v 2537.0 4531.0 1315
v 2537.0 4541.0 1315
v 2527.0 4541.0 1315
f 5145 5146 5147 5148
f 5149 5152 5151 5150
f 5145 5149 5150 5146
f 5146 5150 5151 5147
f 5147 5151 5152 5148
f 5148 5152 5149 5145
v 4055.0 1506.0 103
v 4065.0 1506.0 103
v 4065.0 1516.0 103
v 4055.0 1516.0 103
v 4055.0 1506.0 194
v 4065.0 1506.0 194
v 4065.0 1516.0 194
v 4055.0 1516.0 194
f 5153 5154 5155 5156
f 5157 5160 5159 5158
f 5153 5157 5158 5154
f 5154 5158 5159 5155
f 5155 5159 5160 5156
f 5156 5160 5157 5153
v 4521.0 3320.0 4302
v 4531.0 3320.0 4302
v 4531.0 3330.0 4302
v 4521.0 3330.0 4302
v 4521.0 3320.0 4339
v 4531.0 3320.0 4339
v 4531.0 3330.0 4339
v 4521.0 3330.0 4339
f 5161 5162 5163 5164
f 5165 5168 5167 5166
f 5161 5165 5166 5162
f 5162 5166 5167 5163
f 5163 5167 5168 5164
f 5164 5168 5165 5161
v 3090.0 3289.0 4822
v 3100.0 3289.0 4822
v 3100.0 3299.0 4822
v 3090.0 3299.0 4822
v 3090.0 3289.0 4851
v 3100.0 3289.0 4851
v 3100.0 3299.0 4851
v 3090.0 3299.0 4851
f 5169 5170 5171 5172
f 5173 5176 5175 5174
f 5169 5173 5174 5170
f 5170 5174 5175 5171
f 5171 5175 5176 5172
f 5172 5176 5173 5169
v 3891.0 4276.0 3865
v 3901.0 4276.0 3865
v 3901.0 4286.0 3865
v 3891.0 4286.0 3865
v 3891.0 4276.0 3898
v 3901.0 4276.0 3898
v 3901.0 4286.0 3898
v 3891.0 4286.0 3898
f 5177 5178 5179 5180
f 5181 5184 5183 5182
f 5177 5181 5182 5178
f 5178 5182 5183 5179
f 5179 5183 5184 5180
f 5180 5184 5181 5177
v 59.0 3993.0 4250
v 69.0 3993.0 4250
v 69.0 4003.0 4250
v 59.0 4003.0 4250
v 59.0 3993.0 4286
v 69.0 3993.0 4286
v 69.0 4003.0 4286
v 59.0 4003.0 4286
f 5185 5186 5187 5188
f 5189 5192 5191 5190
f 5185 5189 5190 5186
f 5186 5190 5191 5187
f 5187 5191 5192 5188
f 5188 5192 5189 5185
v 2741.0 4478.0 2401
v 2751.0 4478.0 2401
v 2751.0 4488.0 2401
v 2741.0 4488.0 2401
v 2741.0 4478.0 2460
v 2751.0 4478.0 2460
v 2751.0 4488.0 2460
v 2741.0 4488.0 2460
f 5193 5194 5195 5196
f 5197 5200 5199 5198
f 5193 5197 5198 5194
f 5194 5198 5199 5195
f 5195 5199 5200 5196
f 5196 5200 5197 5193
v 203.0 4258.0 3486
v 213.0 4258.0 3486
v 213.0 4268.0 3486
v 203.0 4268.0 3486
v 203.0 4258.0 3489
v 213.0 4258.0 3489
v 213.0 4268.0 3489
v 203.0 4268.0 3489
f 5201 5202 5203 5204
f 5205 5208 5207 5206
f 5201 5205 5206 5202
f 5202 5206 5207 5203
f 5203 5207 5208 5204
f 5204 5208 5205 5201
v 4921.0 4781.0 1008
v 4931.0 4781.0 1008
v 4931.0 4791.0 1008
v 4921.0 4791.0 1008
v 4921.0 4781.0 1081
v 4931.0 4781.0 1081
v 4931.0 4791.0 1081
v 4921.0 4791.0 1081
f 5209 5210 5211 5212
f 5213 5216 5215 5214
f 5209 5213 5214 5210
f 5210 5214 5215 5211
f 5211 5215 5216 5212
f 5212 5216 5213 5209
v 3506.0 1398.0 1948
v 3516.0 1398.0 1948
v 3516.0 1408.0 1948
v 3506.0 1408.0 1948
v 3506.0 1398.0 1961
v 3516.0 1398.0 1961
v 3516.0 1408.0 1961
v 3506.0 1408.0 1961
f 5217 5218 5219 5220
f 5221 5224 5223 5222
f 5217 5221 5222 5218
f 5218 5222 5223 5219
f 5219 5223 5224 5220
f 5220 5224 5221 5217
v 802.0 3129.0 4072
v 812.0 3129.0 4072
v 812.0 3139.0 4072
v 802.0 3139.0 4072
v 802.0 3129.0 4115
v 812.0 3129.0 4115
v 812.0 3139.0 4115
v 802.0 3139.0 4115
f 5225 5226 5227 5228
f 5229 5232 5231 5230
f 5225 5229 5230 5226
f 5226 5230 5231 5227
f 5227 5231 5232 5228
f 5228 5232 5229 5225
v 494.0 289.0 2737
v 504.0 289.0 2737
v 504.0 299.0 2737
v 494.0 299.0 2737
v 494.0 289.0 2773
v 504.0 289.0 2773
v 504.0 299.0 2773
v 494.0 299.0 2773
f 5233 5234 5235 5236
f 5237 5240 5239 5238
f 5233 5237 5238 5234
f 5234 5238 5239 5235
f 5235 5239 5240 5236
f 5236 5240 5237 5233
v 3221.0 3733.0 2400
v 3231.0 3733.0 2400
v 3231.0 3743.0 2400
v 3221.0 3743.0 2400
v 3221.0 3733.0 2439
v 3231.0 3733.0 2439
v 3231.0 3743.0 2439
v 3221.0 3743.0 2439
f 5241 5242 5243 5244
f 5245 5248 5247 5246
f 5241 5245 5246 5242
f 5242 5246 5247 5243
f 5243 5247 5248 5244
f 5244 5248 5245 5241
v 3117.0 4028.0 2634
v 3127.0 4028.0 2634
v 3127.0 4038.0 2634
v 3117.0 4038.0 2634
v 3117.0 4028.0 2658
v 3127.0 4028.0 2658
v 3127.0 4038.0 2658
v 3117.0 4038.0 2658
f 5249 5250 5251 5252
f 5253 5256 5255 5254
f 5249 5253 5254 5250
f 5250 5254 5255 5251
f 5251 5255 5256 5252
f 5252 5256 5253 5249
v 3908.0 3767.0 3571
v 3918.0 3767.0 3571
v 3918.0 3777.0 3571
v 3908.0 3777.0 3571
v 3908.0 3767.0 3619
v 3918.0 3767.0 3619
v 3918.0 3777.0 3619
v 3908.0 3777.0 3619
f 5257 5258 5259 5260
f 5261 5264 5263 5262
f 5257 5261 5262 5258
f 5258 5262 5263 5259
f 5259 5263 5264 5260
f 5260 5264 5261 5257
v 2903.0 4158.0 3941
v 2913.0 4158.0 3941
v 2913.0 4168.0 3941
v 2903.0 4168.0 3941
v 2903.0 4158.0 3975
v 2913.0 4158.0 3975
v 2913.0 4168.0 3975
v 2903.0 4168.0 3975
f 5265 5266 5267 5268
f 5269 5272 5271 5270
f 5265 5269 5270 5266
f 5266 5270 5271 5267
f 5267 5271 5272 5268
f 5268 5272 5269 5265
v 940.0 1935.0 1927
v 950.0 1935.0 1927
v 950.0 1945.0 1927
v 940.0 1945.0 1927
v 940.0 1935.0 1997
v 950.0 1935.0 1997
v 950.0 1945.0 1997
v 940.0 1945.0 1997
f 5273 5274 5275 5276
f 5277 5280 5279 5278
f 5273 5277 5278 5274
f 5274 5278 5279 5275
f 5275 5279 5280 5276
f 5276 5280 5277 5273
v 79.0 1528.0 2837
v 89.0 1528.0 2837
v 89.0 1538.0 2837
v 79.0 1538.0 2837
v 79.0 1528.0 2899
v 89.0 1528.0 2899
v 89.0 1538.0 2899
v 79.0 1538.0 2899
f 5281 5282 5283 5284
f 5285 5288 5287 5286
f 5281 5285 5286 5282
f 5282 5286 5287 5283
f 5283 5287 5288 5284
f 5284 5288 5285 5281
v 1219.0 373.0 4798
v 1229.0 373.0 4798
v 1229.0 383.0 4798
v 1219.0 383.0 4798
v 1219.0 373.0 4825
v 1229.0 373.0 4825
v 1229.0 383.0 4825
v 1219.0 383.0 4825
f 5289 5290 5291 5292
f 5293 5296 5295 5294
f 5289 5293 5294 5290
f 5290 5294 5295 5291
f 5291 5295 5296 5292
f 5292 5296 5293 5289
v 2922.0 3254.0 2093
v 2932.0 3254.0 2093
v 2932.0 3264.0 2093
v 2922.0 3264.0 2093
v 2922.0 3254.0 2156
v 2932.0 3254.0 2156
v 2932.0 3264.0 2156
v 2922.0 3264.0 2156
f 5297 5298 5299 5300
f 5301 5304 5303 5302
f 5297 5301 5302 5298
f 5298 5302 5303 5299
f 5299 5303 5304 5300
f 5300 5304 5301 5297
v 2732.0 570.0 1008
v 2742.0 570.0 1008
v 2742.0 580.0 1008
v 2732.0 580.0 1008
v 2732.0 570.0 1067
v 2742.0 570.0 1067
v 2742.0 580.0 1067
v 2732.0 580.0 1067
f 5305 5306 5307 5308
f 5309 5312 5311 5310
f 5305 5309 5310 5306
f 5306 5310 5311 5307
f 5307 5311 5312 5308
f 5308 5312 5309 5305
v 4352.0 3620.0 1014
v 4362.0 3620.0 1014
v 4362.0 3630.0 1014
v 4352.0 3630.0 1014
v 4352.0 3620.0 1053
v 4362.0 3620.0 1053
v 4362.0 3630.0 1053
v 4352.0 3630.0 1053
f 5313 5314 5315 5316
f 5317 5320 5319 5318
f 5313 5317 5318 5314
f 5314 5318 5319 5315
f 5315 5319 5320 5316
f 5316 5320 5317 5313
v 4509.0 1817.0 2800
v 4519.0 1817.0 2800
v 4519.0 1827.0 2800
v 4509.0 1827.0 2800
v 4509.0 1817.0 2871
v 4519.0 1817.0 2871
v 4519.0 1827.0 2871
v 4509.0 1827.0 2871
f 5321 5322 5323 5324
f 5325 5328 5327 5326
f 5321 5325 5326 5322
f 5322 5326 5327 5323
f 5323 5327 5328 5324
f 5324 5328 5325 5321
v 4540.0 3282.0 2289
v 4550.0 3282.0 2289
v 4550.0 3292.0 2289
v 4540.0 3292.0 2289
v 4540.0 3282.0 2300
v 4550.0 3282.0 2300
v 4550.0 3292.0 2300
v 4540.0 3292.0 2300
f 5329 5330 5331 5332
f 5333 5336 5335 5334
f 5329 5333 5334 5330
f 5330 5334 5335 5331
f 5331 5335 5336 5332
f 5332 5336 5333 5329
v 4475.0 2488.0 4779
v 4485.0 2488.0 4779
v 4485.0 2498.0 4779
v 4475.0 2498.0 4779
v 4475.0 2488.0 4873
v 4485.0 2488.0 4873
v 4485.0 2498.0 4873
v 4475.0 2498.0 4873
f 5337 5338 5339 5340
f 5341 5344 5343 5342
f 5337 5341 5342 5338
f 5338 5342 5343 5339
f 5339 5343 5344 5340
f 5340 5344 5341 5337
v 2375.0 386.0 3887
v 2385.0 386.0 3887
v 2385.0 396.0 3887
v 2375.0 396.0 3887
v 2375.0 386.0 3890
v 2385.0 386.0 3890
v 2385.0 396.0 3890
v 2375.0 396.0 3890
f 5345 5346 5347 5348
f 5349 5352 5351 5350
f 5345 5349 5350 5346
f 5346 5350 5351 5347
f 5347 5351 5352 5348
f 5348 5352 5349 5345
v 2559.0 4824.0 3254
v 2569.0 4824.0 3254
v 2569.0 4834.0 3254
v 2559.0 4834.0 3254
v 2559.0 4824.0 3259
v 2569.0 4824.0 3259
v 2569.0 4834.0 3259
v 2559.0 4834.0 3259
f 5353 5354 5355 5356
f 5357 5360 5359 5358
f 5353 5357 5358 5354
f 5354 5358 5359 5355
f 5355 5359 5360 5356
f 5356 5360 5357 5353
v 396.0 3183.0 4111
v 406.0 3183.0 4111
v 406.0 3193.0 4111
v 396.0 3193.0 4111
v 396.0 3183.0 4206
v 406.0 3183.0 4206
v 406.0 3193.0 4206
v 396.0 3193.0 4206
f 5361 5362 5363 5364
f 5365 5368 5367 5366
f 5361 5365 5366 5362
f 5362 5366 5367 5363
f 5363 5367 5368 5364
f 5364 5368 5365 5361
v 723.0 2076.0 2176
v 733.0 2076.0 2176
v 733.0 2086.0 2176
v 723.0 2086.0 2176
v 723.0 2076.0 2204
v 733.0 2076.0 2204
v 733.0 2086.0 2204
v 723.0 2086.0 2204
f 5369 5370 5371 5372
f 5373 5376 5375 5374
f 5369 5373 5374 5370
f 5370 5374 5375 5371
f 5371 5375 5376 5372
f 5372 5376 5373 5369
v 3080.0 578.0 2677
v 3090.0 578.0 2677
v 3090.0 588.0 2677
v 3080.0 588.0 2677
v 3080.0 578.0 2751
v 3090.0 578.0 2751
v 3090.0 588.0 2751
v 3080.0 588.0 2751
f 5377 5378 5379 5380
f 5381 5384 5383 5382
f 5377 5381 5382 5378
f 5378 5382 5383 5379
f 5379 5383 5384 5380
f 5380 5384 5381 5377
v 1163.0 3693.0 1621
v 1173.0 3693.0 1621
v 1173.0 3703.0 1621
v 1163.0 3703.0 1621
v 1163.0 3693.0 1698
v 1173.0 3693.0 1698
v 1173.0 3703.0 1698
v 1163.0 3703.0 1698
f 5385 5386 5387 5388
f 5389 5392 5391 5390
f 5385 5389 5390 5386
f 5386 5390 5391 5387
f 5387 5391 5392 5388
f 5388 5392 5389 5385
v 843.0 2032.0 67
v 853.0 2032.0 67
v 853.0 2042.0 67
v 843.0 2042.0 67
v 843.0 2032.0 133
v 853.0 2032.0 133
v 853.0 2042.0 133
v 843.0 2042.0 133
f 5393 5394 5395 5396
f 5397 5400 5399 5398
f 5393 5397 5398 5394
f 5394 5398 5399 5395
f 5395 5399 5400 5396
f 5396 5400 5397 5393
v 3022.0 3730.0 2547
v 3032.0 3730.0 2547
v 3032.0 3740.0 2547
v 3022.0 3740.0 2547
v 3022.0 3730.0 2573
v 3032.0 3730.0 2573
v 3032.0 3740.0 2573
v 3022.0 3740.0 2573
f 5401 5402 5403 5404
f 5405 5408 5407 5406
f 5401 5405 5406 5402
f 5402 5406 5407 5403
f 5403 5407 5408 5404
f 5404 5408 5405 5401
v 715.0 394.0 3109
v 725.0 394.0 3109
v 725.0 404.0 3109
v 715.0 404.0 3109
v 715.0 394.0 3147
v 725.0 394.0 3147
v 725.0 404.0 3147
v 715.0 404.0 3147
f 5409 5410 5411 5412
f 5413 5416 5415 5414
f 5409 5413 5414 5410
f 5410 5414 5415 5411
f 5411 5415 5416 5412
f 5412 5416 5413 5409
v 4379.0 2059.0 1717
v 4389.0 2059.0 1717
v 4389.0 2069.0 1717
v 4379.0 2069.0 1717
v 4379.0 2059.0 1773
v 4389.0 2059.0 1773
v 4389.0 2069.0 1773
v 4379.0 2069.0 1773
f 5417 5418 5419 5420
f 5421 5424 5423 5422
f 5417 5421 5422 5418
f 5418 5422 5423 5419
f 5419 5423 5424 5420
f 5420 5424 5421 5417
v 1679.0 2509.0 4173
v 1689.0 2509.0 4173
v 1689.0 2519.0 4173
v 1679.0 2519.0 4173
v 1679.0 2509.0 4220
v 1689.0 2509.0 4220
v 1689.0 2519.0 4220
v 1679.0 2519.0 4220
f 5425 5426 5427 5428
f 5429 5432 5431 5430
f 5425 5429 5430 5426
f 5426 5430 5431 5427
f 5427 5431 5432 5428
f 5428 5432 5429 5425
v 2643.0 1180.0 3061
v 2653.0 1180.0 3061
v 2653.0 1190.0 3061
v 2643.0 1190.0 3061
v 2643.0 1180.0 3116
v 2653.0 1180.0 3116
v 2653.0 1190.0 3116
v 2643.0 1190.0 3116
f 5433 5434 5435 5436
f 5437 5440 5439 5438
f 5433 5437 5438 5434
f 5434 5438 5439 5435
f 5435 5439 5440 5436
f 5436 5440 5437 5433
v 1847.0 3548.0 2268
v 1857.0 3548.0 2268
v 1857.0 3558.0 2268
v 1847.0 3558.0 2268
v 1847.0 3548.0 2338
v 1857.0 3548.0 2338
v 1857.0 3558.0 2338
v 1847.0 3558.0 2338
f 5441 5442 5443 5444
f 5445 5448 5447 5446
f 5441 5445 5446 5442
f 5442 5446 5447 5443
f 5443 5447 5448 5444
f 5444 5448 5445 5441
v 3520.0 638.0 1896
v 3530.0 638.0 1896
v 3530.0 648.0 1896
v 3520.0 648.0 1896
v 3520.0 638.0 1996
v 3530.0 638.0 1996
v 3530.0 648.0 1996
v 3520.0 648.0 1996
f 5449 5450 5451 5452
f 5453 5456 5455 5454
f 5449 5453 5454 5450
f 5450 5454 5455 5451
f 5451 5455 5456 5452
f 5452 5456 5453 5449
v 3296.0 3214.0 410
v 3306.0 3214.0 410
v 3306.0 3224.0 410
v 3296.0 3224.0 410
v 3296.0 3214.0 441
v 3306.0 3214.0 441
v 3306.0 3224.0 441
v 3296.0 3224.0 441
f 5457 5458 5459 5460
f 5461 5464 5463 5462
f 5457 5461 5462 5458
f 5458 5462 5463 5459
f 5459 5463 5464 5460
f 5460 5464 5461 5457
v 1543.0 1227.0 1062
v 1553.0 1227.0 1062
v 1553.0 1237.0 1062
v 1543.0 1237.0 1062
v 1543.0 1227.0 1129
v 1553.0 1227.0 1129
v 1553.0 1237.0 1129
v 1543.0 1237.0 1129
f 5465 5466 5467 5468
f 5469 5472 5471 5470
f 5465 5469 5470 5466
f 5466 5470 5471 5467
f 5467 5471 5472 5468
f 5468 5472 5469 5465
v 3617.0 3415.0 1953
v 3627.0 3415.0 1953
v 3627.0 3425.0 1953
v 3617.0 3425.0 1953
v 3617.0 3415.0 2018
v 3627.0 3415.0 2018
v 3627.0 3425.0 2018
v 3617.0 3425.0 2018
f 5473 5474 5475 5476
f 5477 5480 5479 5478
f 5473 5477 5478 5474
f 5474 5478 5479 5475
f 5475 5479 5480 5476
f 5476 5480 5477 5473
v 4737.0 1629.0 1539
v 4747.0 1629.0 1539
v 4747.0 1639.0 1539
v 4737.0 1639.0 1539
v 4737.0 1629.0 1545
v 4747.0 1629.0 1545
v 4747.0 1639.0 1545
v 4737.0 1639.0 1545
f 5481 5482 5483 5484
f 5485 5488 5487 5486
f 5481 5485 5486 5482
f 5482 5486 5487 5483
f 5483 5487 5488 5484
f 5484 5488 5485 5481
v 1823.0 88.0 2123
v 1833.0 88.0 2123
v 1833.0 98.0 2123
v 1823.0 98.0 2123
v 1823.0 88.0 2173
v 1833.0 88.0 2173
v 1833.0 98.0 2173
v 1823.0 98.0 2173
f 5489 5490 5491 5492
f 5493 5496 5495 5494
f 5489 5493 5494 5490
f 5490 5494 5495 5491
f 5491 5495 5496 5492
f 5492 5496 5493 5489
v 4082.0 1970.0 4219
v 4092.0 1970.0 4219
v 4092.0 1980.0 4219
v 4082.0 1980.0 4219
v 4082.0 1970.0 4318
v 4092.0 1970.0 4318
v 4092.0 1980.0 4318
v 4082.0 1980.0 4318
f 5497 5498 5499 5500
f 5501 5504 5503 5502
f 5497 5501 5502 5498
f 5498 5502 5503 5499
f 5499 5503 5504 5500
f 5500 5504 5501 5497
v 4594.0 3214.0 192
v 4604.0 3214.0 192
v 4604.0 3224.0 192
v 4594.0 3224.0 192
v 4594.0 3214.0 198
v 4604.0 3214.0 198
v 4604.0 3224.0 198
v 4594.0 3224.0 198
f 5505 5506 5507 5508
f 5509 5512 5511 5510
f 5505 5509 5510 5506
f 5506 5510 5511 5507
f 5507 5511 5512 5508
f 5508 5512 5509 5505
v 1181.0 997.0 4305
v 1191.0 997.0 4305
v 1191.0 1007.0 4305
v 1181.0 1007.0 4305
v 1181.0 997.0 4314
v 1191.0 997.0 4314
v 1191.0 1007.0 4314
v 1181.0 1007.0 4314
f 5513 5514 5515 5516
f 5517 5520 5519 5518
f 5513 5517 5518 5514
f 5514 5518 5519 5515
f 5515 5519 5520 5516
f 5516 5520 5517 5513
v 1477.0 1036.0 809
v 1487.0 1036.0 809
v 1487.0 1046.0 809
v 1477.0 1046.0 809
v 1477.0 1036.0 899
v 1487.0 1036.0 899
v 1487.0 1046.0 899
v 1477.0 1046.0 899
f 5521 5522 5523 5524
f 5525 5528 5527 5526
f 5521 5525 5526 5522
f 5522 5526 5527 5523
f 5523 5527 5528 5524
f 5524 5528 5525 5521
v 956.0 518.0 737
v 966.0 518.0 737
v 966.0 528.0 737
v 956.0 528.0 737
v 956.0 518.0 754
v 966.0 518.0 754
v 966.0 528.0 754
v 956.0 528.0 754
f 5529 5530 5531 5532
f 5533 5536 5535 5534
f 5529 5533 5534 5530
f 5530 5534 5535 5531
f 5531 5535 5536 5532
f 5532 5536 5533 5529
v 23.0 3771.0 1986
v 33.0 3771.0 1986
v 33.0 3781.0 1986
v 23.0 3781.0 1986
v 23.0 3771.0 2037
v 33.0 3771.0 2037
v 33.0 3781.0 2037
v 23.0 3781.0 2037
f 5537 5538 5539 5540
f 5541 5544 5543 5542
f 5537 5541 5542 5538
f 5538 5542 5543 5539
f 5539 5543 5544 5540
f 5540 5544 5541 5537
v 2336.0 3609.0 228
v 2346.0 3609.0 228
v 2346.0 3619.0 228
v 2336.0 3619.0 228
v 2336.0 3609.0 293
v 2346.0 3609.0 293
v 2346.0 3619.0 293
v 2336.0 3619.0 293
f 5545 5546 5547 5548
f 5549 5552 5551 5550
f 5545 5549 5550 5546
f 5546 5550 5551 5547
f 5547 5551 5552 5548
f 5548 5552 5549 5545
v 93.0 914.0 1156
v 103.0 914.0 1156
v 103.0 924.0 1156
v 93.0 924.0 1156
v 93.0 914.0 1240
v 103.0 914.0 1240
v 103.0 924.0 1240
v 93.0 924.0 1240
f 5553 5554 5555 5556
f 5557 5560 5559 5558
f 5553 5557 5558 5554
f 5554 5558 5559 5555
f 5555 5559 5560 5556
f 5556 5560 5557 5553
v 2145.0 1970.0 2812
v 2155.0 1970.0 2812
v 2155.0 1980.0 2812
v 2145.0 1980.0 2812
v 2145.0 1970.0 2881
v 2155.0 1970.0 2881
v 2155.0 1980.0 2881
v 2145.0 1980.0 2881
f 5561 5562 5563 5564
f 5565 5568 5567 5566
f 5561 5565 5566 5562
f 5562 5566 5567 5563
f 5563 5567 5568 5564
f 5564 5568 5565 5561
v 755.0 587.0 269
v 765.0 587.0 269
v 765.0 597.0 269
v 755.0 597.0 269
v 755.0 587.0 347
v 765.0 587.0 347
v 765.0 597.0 347
v 755.0 597.0 347
f 5569 5570 5571 5572
f 5573 5576 5575 5574
f 5569 5573 5574 5570
f 5570 5574 5575 5571
f 5571 5575 5576 5572
f 5572 5576 5573 5569
v 2288.0 1263.0 2268
v 2298.0 1263.0 2268
v 2298.0 1273.0 2268
v 2288.0 1273.0 2268
v 2288.0 1263.0 2300
v 2298.0 1263.0 2300
v 2298.0 1273.0 2300
v 2288.0 1273.0 2300
f 5577 5578 5579 5580
f 5581 5584 5583 5582
f 5577 5581 5582 5578
f 5578 5582 5583 5579
f 5579 5583 5584 5580
f 5580 5584 5581 5577
v 1559.0 1626.0 670
v 1569.0 1626.0 670
v 1569.0 1636.0 670
v 1559.0 1636.0 670
v 1559.0 1626.0 734
v 1569.0 1626.0 734
v 1569.0 1636.0 734
v 1559.0 1636.0 734
f 5585 5586 5587 5588
f 5589 5592 5591 5590
f 5585 5589 5590 5586
f 5586 5590 5591 5587
f 5587 5591 5592 5588
f 5588 5592 5589 5585
v 626.0 3112.0 1058
v 636.0 3112.0 1058
v 636.0 3122.0 1058
v 626.0 3122.0 1058
v 626.0 3112.0 1136
v 636.0 3112.0 1136
v 636.0 3122.0 1136
v 626.0 3122.0 1136
f 5593 5594 5595 5596
f 5597 5600 5599 5598
f 5593 5597 5598 5594
f 5594 5598 5599 5595
f 5595 5599 5600 5596
f 5596 5600 5597 5593
v 140.0 2220.0 733
v 150.0 2220.0 733
v 150.0 2230.0 733
v 140.0 2230.0 733
v 140.0 2220.0 767
v 150.0 2220.0 767
v 150.0 2230.0 767
v 140.0 2230.0 767
f 5601 5602 5603 5604
f 5605 5608 5607 5606
f 5601 5605 5606 5602
f 5602 5606 5607 5603
f 5603 5607 5608 5604
f 5604 5608 5605 5601
v 4510.0 4159.0 4590
v 4520.0 4159.0 4590
v 4520.0 4169.0 4590
v 4510.0 4169.0 4590
v 4510.0 4159.0 4679
v 4520.0 4159.0 4679
v 4520.0 4169.0 4679
v 4510.0 4169.0 4679
f 5609 5610 5611 5612
f 5613 5616 5615 5614
f 5609 5613 5614 5610
f 5610 5614 5615 5611
f 5611 5615 5616 5612
f 5612 5616 5613 5609
v 2156.0 4045.0 935
v 2166.0 4045.0 935
v 2166.0 4055.0 935
v 2156.0 4055.0 935
v 2156.0 4045.0 963
v 2166.0 4045.0 963
v 2166.0 4055.0 963
v 2156.0 4055.0 963
f 5617 5618 5619 5620
f 5621 5624 5623 5622
f 5617 5621 5622 5618
f 5618 5622 5623 5619
f 5619 5623 5624 5620
f 5620 5624 5621 5617
v 2296.0 189.0 3083
v 2306.0 189.0 3083
v 2306.0 199.0 3083
v 2296.0 199.0 3083
v 2296.0 189.0 3084
v 2306.0 189.0 3084
v 2306.0 199.0 3084
v 2296.0 199.0 3084
f 5625 5626 5627 5628
f 5629 5632 5631 5630
f 5625 5629 5630 5626
f 5626 5630 5631 5627
f 5627 5631 5632 5628
f 5628 5632 5629 5625
v 2485.0 704.0 4603
v 2495.0 704.0 4603
v 2495.0 714.0 4603
v 2485.0 714.0 4603
v 2485.0 704.0 4676
v 2495.0 704.0 4676
v 2495.0 714.0 4676
v 2485.0 714.0 4676
f 5633 5634 5635 5636
f 5637 5640 5639 5638
f 5633 5637 5638 5634
f 5634 5638 5639 5635
f 5635 5639 5640 5636
f 5636 5640 5637 5633
v 4158.0 56.0 2221
v 4168.0 56.0 2221
v 4168.0 66.0 2221
v 4158.0 66.0 2221
v 4158.0 56.0 2308
v 4168.0 56.0 2308
v 4168.0 66.0 2308
v 4158.0 66.0 2308
f 5641 5642 5643 5644
f 5645 5648 5647 5646
f 5641 5645 5646 5642
f 5642 5646 5647 5643
f 5643 5647 5648 5644
f 5644 5648 5645 5641
v 2839.0 4591.0 1818
v 2849.0 4591.0 1818
v 2849.0 4601.0 1818
v 2839.0 4601.0 1818
v 2839.0 4591.0 1897
v 2849.0 4591.0 1897
v 2849.0 4601.0 1897
v 2839.0 4601.0 1897
f 5649 5650 5651 5652
f 5653 5656 5655 5654
f 5649 5653 5654 5650
f 5650 5654 5655 5651
f 5651 5655 5656 5652
f 5652 5656 5653 5649
v 293.0 1445.0 537
v 303.0 1445.0 537
v 303.0 1455.0 537
v 293.0 1455.0 537
v 293.0 1445.0 595
v 303.0 1445.0 595
v 303.0 1455.0 595
v 293.0 1455.0 595
f 5657 5658 5659 5660
f 5661 5664 5663 5662
f 5657 5661 5662 5658
f 5658 5662 5663 5659
f 5659 5663 5664 5660
f 5660 5664 5661 5657
v 4241.0 4233.0 3749
v 4251.0 4233.0 3749
v 4251.0 4243.0 3749
v 4241.0 4243.0 3749
v 4241.0 4233.0 3755
v 4251.0 4233.0 3755
v 4251.0 4243.0 3755
v 4241.0 4243.0 3755
f 5665 5666 5667 5668
f 5669 5672 5671 5670
f 5665 5669 5670 5666
f 5666 5670 5671 5667
f 5667 5671 5672 5668
f 5668 5672 5669 5665
v 4789.0 3723.0 3197
v 4799.0 3723.0 3197
v 4799.0 3733.0 3197
v 4789.0 3733.0 3197
v 4789.0 3723.0 3274
v 4799.0 3723.0 3274
v 4799.0 3733.0 3274
v 4789.0 3733.0 3274
f 5673 5674 5675 5676
f 5677 5680 5679 5678
f 5673 5677 5678 5674
f 5674 5678 5679 5675
f 5675 5679 5680 5676
f 5676 5680 5677 5673
v 4151.0 4062.0 3383
v 4161.0 4062.0 3383
v 4161.0 4072.0 3383
v 4151.0 4072.0 3383
v 4151.0 4062.0 3468
v 4161.0 4062.0 3468
v 4161.0 4072.0 3468
v 4151.0 4072.0 3468
f 5681 5682 5683 5684
f 5685 5688 5687 5686
f 5681 5685 5686 5682
f 5682 5686 5687 5683
f 5683 5687 5688 5684
f 5684 5688 5685 5681
v 3372.0 3880.0 3080
v 3382.0 3880.0 3080
v 3382.0 3890.0 3080
v 3372.0 3890.0 3080
v 3372.0 3880.0 3149
v 3382.0 3880.0 3149
v 3382.0 3890.0 3149
v 3372.0 3890.0 3149
f 5689 5690 5691 5692
f 5693 5696 5695 5694
f 5689 5693 5694 5690
f 5690 5694 5695 5691
f 5691 5695 5696 5692
f 5692 5696 5693 5689
v 747.0 2666.0 2315
v 757.0 2666.0 2315
v 757.0 2676.0 2315
v 747.0 2676.0 2315
v 747.0 2666.0 2366
v 757.0 2666.0 2366
v 757.0 2676.0 2366
v 747.0 2676.0 2366
f 5697 5698 5699 5700
f 5701 5704 5703 5702
f 5697 5701 5702 5698
f 5698 5702 5703 5699
f 5699 5703 5704 5700
f 5700 5704 5701 5697
v 3634.0 2547.0 971
v 3644.0 2547.0 971
v 3644.0 2557.0 971
v 3634.0 2557.0 971
v 3634.0 2547.0 1066
v 3644.0 2547.0 1066
v 3644.0 2557.0 1066
v 3634.0 2557.0 1066
f 5705 5706 5707 5708
f 5709 5712 5711 5710
f 5705 5709 5710 5706
f 5706 5710 5711 5707
f 5707 5711 5712 5708
f 5708 5712 5709 5705
v 61.0 178.0 4498
v 71.0 178.0 4498
v 71.0 188.0 4498
v 61.0 188.0 4498
v 61.0 178.0 4558
v 71.0 178.0 4558
v 71.0 188.0 4558
v 61.0 188.0 4558
f 5713 5714 5715 5716
f 5717 5720 5719 5718
f 5713 5717 5718 5714
f 5714 5718 5719 5715
f 5715 5719 5720 5716
f 5716 5720 5717 5713
v 271.0 2805.0 1763
v 281.0 2805.0 1763
v 281.0 2815.0 1763
v 271.0 2815.0 1763
v 271.0 2805.0 1832
v 281.0 2805.0 1832
v 281.0 2815.0 1832
v 271.0 2815.0 1832
f 5721 5722 5723 5724
f 5725 5728 5727 5726
f 5721 5725 5726 5722
f 5722 5726 5727 5723
f 5723 5727 5728 5724
f 5724 5728 5725 5721
v 2256.0 360.0 1812
v 2266.0 360.0 1812
v 2266.0 370.0 1812
v 2256.0 370.0 1812
v 2256.0 360.0 1879
v 2266.0 360.0 1879
v 2266.0 370.0 1879
v 2256.0 370.0 1879
f 5729 5730 5731 5732
f 5733 5736 5735 5734
f 5729 5733 5734 5730
f 5730 5734 5735 5731
f 5731 5735 5736 5732
f 5732 5736 5733 5729
v 3175.0 155.0 3710
v 3185.0 155.0 3710
v 3185.0 165.0 3710
v 3175.0 165.0 3710
v 3175.0 155.0 3758
v 3185.0 155.0 3758
v 3185.0 165.0 3758
v 3175.0 165.0 3758
f 5737 5738 5739 5740
f 5741 5744 5743 5742
f 5737 5741 5742 5738
f 5738 5742 5743 5739
f 5739 5743 5744 5740
f 5740 5744 5741 5737
v 901.0 3044.0 15
v 911.0 3044.0 15
v 911.0 3054.0 15
v 901.0 3054.0 15
v 901.0 3044.0 106
v 911.0 3044.0 106
v 911.0 3054.0 106
v 901.0 3054.0 106
f 5745 5746 5747 5748
f 5749 5752 5751 5750
f 5745 5749 5750 5746
f 5746 5750 5751 5747
f 5747 5751 5752 5748
f 5748 5752 5749 5745
v 498.0 2682.0 2368
v 508.0 2682.0 2368
v 508.0 2692.0 2368
v 498.0 2692.0 2368
v 498.0 2682.0 2374
v 508.0 2682.0 2374
v 508.0 2692.0 2374
v 498.0 2692.0 2374
f 5753 5754 5755 5756
f 5757 5760 5759 5758
f 5753 5757 5758 5754
f 5754 5758 5759 5755
f 5755 5759 5760 5756
f 5756 5760 5757 5753
v 3274.0 2329.0 4653
v 3284.0 2329.0 4653
v 3284.0 2339.0 4653
v 3274.0 2339.0 4653
v 3274.0 2329.0 4747
v 3284.0 2329.0 4747
v 3284.0 2339.0 4747
v 3274.0 2339.0 4747
f 5761 5762 5763 5764
f 5765 5768 5767 5766
f 5761 5765 5766 5762
f 5762 5766 5767 5763
f 5763 5767 5768 5764
f 5764 5768 5765 5761
v 4056.0 4769.0 4697
v 4066.0 4769.0 4697
v 4066.0 4779.0 4697
v 4056.0 4779.0 4697
v 4056.0 4769.0 4782
v 4066.0 4769.0 4782
v 4066.0 4779.0 4782
v 4056.0 4779.0 4782
f 5769 5770 5771 5772
f 5773 5776 5775 5774
f 5769 5773 5774 5770
f 5770 5774 5775 5771
f 5771 5775 5776 5772
f 5772 5776 5773 5769
v 1221.0 177.0 2752
v 1231.0 177.0 2752
v 1231.0 187.0 2752
v 1221.0 187.0 2752
v 1221.0 177.0 2814
v 1231.0 177.0 2814
v 1231.0 187.0 2814
v 1221.0 187.0 2814
f 5777 5778 5779 5780
f 5781 5784 5783 5782
f 5777 5781 5782 5778
f 5778 5782 5783 5779
f 5779 5783 5784 5780
f 5780 5784 5781 5777
v 2739.0 3488.0 3049
v 2749.0 3488.0 3049
v 2749.0 3498.0 3049
v 2739.0 3498.0 3049
v 2739.0 3488.0 3070
v 2749.0 3488.0 3070
v 2749.0 3498.0 3070
v 2739.0 3498.0 3070
f 5785 5786 5787 5788
f 5789 5792 5791 5790
f 5785 5789 5790 5786
f 5786 5790 5791 5787
f 5787 5791 5792 5788
f 5788 5792 5789 5785
v 37.0 1707.0 3874
v 47.0 1707.0 3874
v 47.0 1717.0 3874
v 37.0 1717.0 3874
v 37.0 1707.0 3923
v 47.0 1707.0 3923
v 47.0 1717.0 3923
v 37.0 1717.0 3923
f 5793 5794 5795 5796
f 5797 5800 5799 5798
f 5793 5797 5798 5794
f 5794 5798 5799 5795
f 5795 5799 5800 5796
f 5796 5800 5797 5793
v 2157.0 1876.0 4289
v 2167.0 1876.0 4289
v 2167.0 1886.0 4289
v 2157.0 1886.0 4289
v 2157.0 1876.0 4295
v 2167.0 1876.0 4295
v 2167.0 1886.0 4295
v 2157.0 1886.0 4295
f 5801 5802 5803 5804
f 5805 5808 5807 5806
f 5801 5805 5806 5802
f 5802 5806 5807 5803
f 5803 5807 5808 5804
f 5804 5808 5805 5801
v 1377.0 472.0 286
v 1387.0 472.0 286
v 1387.0 482.0 286
v 1377.0 482.0 286
v 1377.0 472.0 322
v 1387.0 472.0 322
v 1387.0 482.0 322
v 1377.0 482.0 322
f 5809 5810 5811 5812
f 5813 5816 5815 5814
f 5809 5813 5814 5810
f 5810 5814 5815 5811
f 5811 5815 5816 5812
f 5812 5816 5813 5809
v 2516.0 2528.0 1749
v 2526.0 2528.0 1749
v 2526.0 2538.0 1749
v 2516.0 2538.0 1749
v 2516.0 2528.0 1796
v 2526.0 2528.0 1796
v 2526.0 2538.0 1796
v 2516.0 2538.0 1796
f 5817 5818 5819 5820
f 5821 5824 5823 5822
f 5817 5821 5822 5818
f 5818 5822 5823 5819
f 5819 5823 5824 5820
f 5820 5824 5821 5817
v 4143.0 4322.0 3742
v 4153.0 4322.0 3742
v 4153.0 4332.0 3742
v 4143.0 4332.0 3742
v 4143.0 4322.0 3779
v 4153.0 4322.0 3779
v 4153.0 4332.0 3779
v 4143.0 4332.0 3779
f 5825 5826 5827 5828
f 5829 5832 5831 5830
f 5825 5829 5830 5826
f 5826 5830 5831 5827
f 5827 5831 5832 5828
f 5828 5832 5829 5825
v 3698.0 1814.0 2896
v 3708.0 1814.0 2896
v 3708.0 1824.0 2896
v 3698.0 1824.0 2896
v 3698.0 1814.0 2900
v 3708.0 1814.0 2900
v 3708.0 1824.0 2900
v 3698.0 1824.0 2900
f 5833 5834 5835 5836
f 5837 5840 5839 5838
f 5833 5837 5838 5834
f 5834 5838 5839 5835
f 5835 5839 5840 5836
f 5836 5840 5837 5833
v 3259.0 2887.0 841
v 3269.0 2887.0 841
v 3269.0 2897.0 841
v 3259.0 2897.0 841
v 3259.0 2887.0 877
v 3269.0 2887.0 877
v 3269.0 2897.0 877
v 3259.0 2897.0 877
f 5841 5842 5843 5844
f 5845 5848 5847 5846
f 5841 5845 5846 5842
f 5842 5846 5847 5843
f 5843 5847 5848 5844
f 5844 5848 5845 5841
v 2869.0 2105.0 2362
v 2879.0 2105.0 2362
v 2879.0 2115.0 2362
v 2869.0 2115.0 2362
v 2869.0 2105.0 2398
v 2879.0 2105.0 2398
v 2879.0 2115.0 2398
v 2869.0 2115.0 2398
f 5849 5850 5851 5852
f 5853 5856 5855 5854
f 5849 5853 5854 5850
f 5850 5854 5855 5851
f 5851 5855 5856 5852
f 5852 5856 5853 5849
v 1511.0 2674.0 1279
v 1521.0 2674.0 1279
v 1521.0 2684.0 1279
v 1511.0 2684.0 1279
v 1511.0 2674.0 1293
v 1521.0 2674.0 1293
v 1521.0 2684.0 1293
v 1511.0 2684.0 1293
f 5857 5858 5859 5860
f 5861 5864 5863 5862
f 5857 5861 5862 5858
f 5858 5862 5863 5859
f 5859 5863 5864 5860
f 5860 5864 5861 5857
v 1316.0 103.0 2134
v 1326.0 103.0 2134
v 1326.0 113.0 2134
v 1316.0 113.0 2134
v 1316.0 103.0 2182
v 1326.0 103.0 2182
v 1326.0 113.0 2182
v 1316.0 113.0 2182
f 5865 5866 5867 5868
f 5869 5872 5871 5870
f 5865 5869 5870 5866
f 5866 5870 5871 5867
f 5867 5871 5872 5868
f 5868 5872 5869 5865
v 3358.0 738.0 3885
v 3368.0 738.0 3885
v 3368.0 748.0 3885
v 3358.0 748.0 3885
v 3358.0 738.0 3982
v 3368.0 738.0 3982
v 3368.0 748.0 3982
v 3358.0 748.0 3982
f 5873 5874 5875 5876
f 5877 5880 5879 5878
f 5873 5877 5878 5874
f 5874 5878 5879 5875
f 5875 5879 5880 5876
f 5876 5880 5877 5873
v 4905.0 3020.0 2782
v 4915.0 3020.0 2782
v 4915.0 3030.0 2782
v 4905.0 3030.0 2782
v 4905.0 3020.0 2808
v 4915.0 3020.0 2808
v 4915.0 3030.0 2808
v 4905.0 3030.0 2808
f 5881 5882 5883 5884
f 5885 5888 5887 5886
f 5881 5885 5886 5882
f 5882 5886 5887 5883
f 5883 5887 5888 5884
f 5884 5888 5885 5881
v 4650.0 3256.0 3889
v 4660.0 3256.0 3889
v 4660.0 3266.0 3889
v 4650.0 3266.0 3889
v 4650.0 3256.0 3937
v 4660.0 3256.0 3937
v 4660.0 3266.0 3937
v 4650.0 3266.0 3937
f 5889 5890 5891 5892
f 5893 5896 5895 5894
f 5889 5893 5894 5890
f 5890 5894 5895 5891
f 5891 5895 5896 5892
f 5892 5896 5893 5889
v 4588.0 4578.0 3633
v 4598.0 4578.0 3633
v 4598.0 4588.0 3633
v 4588.0 4588.0 3633
v 4588.0 4578.0 3671
v 4598.0 4578.0 3671
v 4598.0 4588.0 3671
v 4588.0 4588.0 3671
f 5897 5898 5899 5900
f 5901 5904 5903 5902
f 5897 5901 5902 5898
f 5898 5902 5903 5899
f 5899 5903 5904 5900
f 5900 5904 5901 5897
v 1275.0 4268.0 2076
v 1285.0 4268.0 2076
v 1285.0 4278.0 2076
v 1275.0 4278.0 2076
v 1275.0 4268.0 2085
v 1285.0 4268.0 2085
v 1285.0 4278.0 2085
v 1275.0 4278.0 2085
f 5905 5906 5907 5908
f 5909 5912 5911 5910
f 5905 5909 5910 5906
f 5906 5910 5911 5907
f 5907 5911 5912 5908
f 5908 5912 5909 5905
v 3310.0 1127.0 2599
v 3320.0 1127.0 2599
v 3320.0 1137.0 2599
v 3310.0 1137.0 2599
v 3310.0 1127.0 2670
v 3320.0 1127.0 2670
v 3320.0 1137.0 2670
v 3310.0 1137.0 2670
f 5913 5914 5915 5916
f 5917 5920 5919 5918
f 5913 5917 5918 5914
f 5914 5918 5919 5915
f 5915 5919 5920 5916
f 5916 5920 5917 5913
v 2305.0 3050.0 18
v 2315.0 3050.0 18
v 2315.0 3060.0 18
v 2305.0 3060.0 18
v 2305.0 3050.0 30
v 2315.0 3050.0 30
v 2315.0 3060.0 30
v 2305.0 3060.0 30
f 5921 5922 5923 5924
f 5925 5928 5927 5926
f 5921 5925 5926 5922
f 5922 5926 5927 5923
f 5923 5927 5928 5924
f 5924 5928 5925 5921
v 3235.0 4468.0 4324
v 3245.0 4468.0 4324
v 3245.0 4478.0 4324
v 3235.0 4478.0 4324
v 3235.0 4468.0 4341
v 3245.0 4468.0 4341
v 3245.0 4478.0 4341
v 3235.0 4478.0 4341
f 5929 5930 5931 5932
f 5933 5936 5935 5934
f 5929 5933 5934 5930
f 5930 5934 5935 5931
f 5931 5935 5936 5932
f 5932 5936 5933 5929
v 4330.0 2258.0 7
v 4340.0 2258.0 7
v 4340.0 2268.0 7
v 4330.0 2268.0 7
v 4330.0 2258.0 40
v 4340.0 2258.0 40
v 4340.0 2268.0 40
v 4330.0 2268.0 40
f 5937 5938 5939 5940
f 5941 5944 5943 5942
f 5937 5941 5942 5938
f 5938 5942 5943 5939
f 5939 5943 5944 5940
f 5940 5944 5941 5937
v 2466.0 236.0 2337
v 2476.0 236.0 2337
v 2476.0 246.0 2337
v 2466.0 246.0 2337
v 2466.0 236.0 2370
v 2476.0 236.0 2370
v 2476.0 246.0 2370
v 2466.0 246.0 2370
f 5945 5946 5947 5948
f 5949 5952 5951 5950
f 5945 5949 5950 5946
f 5946 5950 5951 5947
f 5947 5951 5952 5948
f 5948 5952 5949 5945
v 3877.0 2219.0 4650
v 3887.0 2219.0 4650
v 3887.0 2229.0 4650
v 3877.0 2229.0 4650
v 3877.0 2219.0 4716
v 3887.0 2219.0 4716
v 3887.0 2229.0 4716
v 3877.0 2229.0 4716
f 5953 5954 5955 5956
f 5957 5960 5959 5958
f 5953 5957 5958 5954
f 5954 5958 5959 5955
f 5955 5959 5960 5956
f 5956 5960 5957 5953
v 1071.0 2347.0 2043
v 1081.0 2347.0 2043
v 1081.0 2357.0 2043
v 1071.0 2357.0 2043
v 1071.0 2347.0 2140
v 1081.0 2347.0 2140
v 1081.0 2357.0 2140
v 1071.0 2357.0 2140
f 5961 5962 5963 5964
f 5965 5968 5967 5966
f 5961 5965 5966 5962
f 5962 5966 5967 5963
f 5963 5967 5968 5964
f 5964 5968 5965 5961
v 2035.0 3152.0 1807
v 2045.0 3152.0 1807
v 2045.0 3162.0 1807
v 2035.0 3162.0 1807
v 2035.0 3152.0 1818
v 2045.0 3152.0 1818
v 2045.0 3162.0 1818
v 2035.0 3162.0 1818
f 5969 5970 5971 5972
f 5973 5976 5975 5974
f 5969 5973 5974 5970
f 5970 5974 5975 5971
f 5971 5975 5976 5972
f 5972 5976 5973 5969
v 2277.0 2118.0 1508
v 2287.0 2118.0 1508
v 2287.0 2128.0 1508
v 2277.0 2128.0 1508
v 2277.0 2118.0 1606
v 2287.0 2118.0 1606
v 2287.0 2128.0 1606
v 2277.0 2128.0 1606
f 5977 5978 5979 5980
f 5981 5984 5983 5982
f 5977 5981 5982 5978
f 5978 5982 5983 5979
f 5979 5983 5984 5980
f 5980 5984 5981 5977
v 3770.0 1981.0 3494
v 3780.0 1981.0 3494
v 3780.0 1991.0 3494
v 3770.0 1991.0 3494
v 3770.0 1981.0 3522
v 3780.0 1981.0 3522
v 3780.0 1991.0 3522
v 3770.0 1991.0 3522
f 5985 5986 5987 5988
f 5989 5992 5991 5990
f 5985 5989 5990 5986
f 5986 5990 5991 5987
f 5987 5991 5992 5988
f 5988 5992 5989 5985
v 3439.0 1112.0 3433
v 3449.0 1112.0 3433
v 3449.0 1122.0 3433
v 3439.0 1122.0 3433
v 3439.0 1112.0 3492
v 3449.0 1112.0 3492
v 3449.0 1122.0 3492
v 3439.0 1122.0 3492
f 5993 5994 5995 5996
f 5997 6000 5999 5998
f 5993 5997 5998 5994
f 5994 5998 5999 5995
f 5995 5999 6000 5996
f 5996 6000 5997 5993
v 3532.0 334.0 765
v 3542.0 334.0 765
v 3542.0 344.0 765
v 3532.0 344.0 765
v 3532.0 334.0 834
v 3542.0 334.0 834
v 3542.0 344.0 834
v 3532.0 344.0 834
f 6001 6002 6003 6004
f 6005 6008 6007 6006
f 6001 6005 6006 6002
f 6002 6006 6007 6003
f 6003 6007 6008 6004
f 6004 6008 6005 6001
v 3886.0 3559.0 3838
v 3896.0 3559.0 3838
v 3896.0 3569.0 3838
v 3886.0 3569.0 3838
v 3886.0 3559.0 3878
v 3896.0 3559.0 3878
v 3896.0 3569.0 3878
v 3886.0 3569.0 3878
f 6009 6010 6011 6012
f 6013 6016 6015 6014
f 6009 6013 6014 6010
f 6010 6014 6015 6011
f 6011 6015 6016 6012
f 6012 6016 6013 6009
v 2512.0 2756.0 4622
v 2522.0 2756.0 4622
v 2522.0 2766.0 4622
v 2512.0 2766.0 4622
v 2512.0 2756.0 4654
v 2522.0 2756.0 4654
v 2522.0 2766.0 4654
v 2512.0 2766.0 4654
f 6017 6018 6019 6020
f 6021 6024 6023 6022
f 6017 6021 6022 6018
f 6018 6022 6023 6019
f 6019 6023 6024 6020
f 6020 6024 6021 6017
v 4101.0 4663.0 397
v 4111.0 4663.0 397
v 4111.0 4673.0 397
v 4101.0 4673.0 397
v 4101.0 4663.0 408
v 4111.0 4663.0 408
v 4111.0 4673.0 408
v 4101.0 4673.0 408
f 6025 6026 6027 6028
f 6029 6032 6031 6030
f 6025 6029 6030 6026
f 6026 6030 6031 6027
f 6027 6031 6032 6028
f 6028 6032 6029 6025
v 2973.0 2834.0 1435
v 2983.0 2834.0 1435
v 2983.0 2844.0 1435
v 2973.0 2844.0 1435
v 2973.0 2834.0 1462
v 2983.0 2834.0 1462
v 2983.0 2844.0 1462
v 2973.0 2844.0 1462
f 6033 6034 6035 6036
f 6037 6040 6039 6038
f 6033 6037 6038 6034
f 6034 6038 6039 6035
f 6035 6039 6040 6036
f 6036 6040 6037 6033
v 4913.0 4367.0 805
v 4923.0 4367.0 805
v 4923.0 4377.0 805
v 4913.0 4377.0 805
v 4913.0 4367.0 883
v 4923.0 4367.0 883
v 4923.0 4377.0 883
v 4913.0 4377.0 883
f 6041 6042 6043 6044
f 6045 6048 6047 6046
f 6041 6045 6046 6042
f 6042 6046 6047 6043
f 6043 6047 6048 6044
f 6044 6048 6045 6041
v 2291.0 2714.0 1158
v 2301.0 2714.0 1158
v 2301.0 2724.0 1158
v 2291.0 2724.0 1158
v 2291.0 2714.0 1257
v 2301.0 2714.0 1257
v 2301.0 2724.0 1257
v 2291.0 2724.0 1257
f 6049 6050 6051 6052
f 6053 6056 6055 6054
f 6049 6053 6054 6050
f 6050 6054 6055 6051
f 6051 6055 6056 6052
f 6052 6056 6053 6049
v 932.0 1977.0 3240
v 942.0 1977.0 3240
v 942.0 1987.0 3240
v 932.0 1987.0 3240
v 932.0 1977.0 3273
v 942.0 1977.0 3273
v 942.0 1987.0 3273
v 932.0 1987.0 3273
f 6057 6058 6059 6060
f 6061 6064 6063 6062
f 6057 6061 6062 6058
f 6058 6062 6063 6059
f 6059 6063 6064 6060
f 6060 6064 6061 6057
v 1839.0 720.0 443
v 1849.0 720.0 443
v 1849.0 730.0 443
v 1839.0 730.0 443
v 1839.0 720.0 449
v 1849.0 720.0 449
v 1849.0 730.0 449
v 1839.0 730.0 449
f 6065 6066 6067 6068
f 6069 6072 6071 6070
f 6065 6069 6070 6066
f 6066 6070 6071 6067
f 6067 6071 6072 6068
f 6068 6072 6069 6065
v 67.0 387.0 3509
v 77.0 387.0 3509
v 77.0 397.0 3509
v 67.0 397.0 3509
v 67.0 387.0 3550
v 77.0 387.0 3550
v 77.0 397.0 3550
v 67.0 397.0 3550
f 6073 6074 6075 6076
f 6077 6080 6079 6078
f 6073 6077 6078 6074
f 6074 6078 6079 6075
f 6075 6079 6080 6076
f 6076 6080 6077 6073
v 2118.0 787.0 2925
v 2128.0 787.0 2925
v 2128.0 797.0 2925
v 2118.0 797.0 2925
v 2118.0 787.0 2932
v 2128.0 787.0 2932
v 2128.0 797.0 2932
v 2118.0 797.0 2932
f 6081 6082 6083 6084
f 6085 6088 6087 6086
f 6081 6085 6086 6082
f 6082 6086 6087 6083
f 6083 6087 6088 6084
f 6084 6088 6085 6081
v 4879.0 1710.0 1864
v 4889.0 1710.0 1864
v 4889.0 1720.0 1864
v 4879.0 1720.0 1864
v 4879.0 1710.0 1951
v 4889.0 1710.0 1951
v 4889.0 1720.0 1951
v 4879.0 1720.0 1951
f 6089 6090 6091 6092
f 6093 6096 6095 6094
f 6089 6093 6094 6090
f 6090 6094 6095 6091
f 6091 6095 6096 6092
f 6092 6096 6093 6089
v 2572.0 3312.0 2022
v 2582.0 3312.0 2022
v 2582.0 3322.0 2022
v 2572.0 3322.0 2022
v 2572.0 3312.0 2081
v 2582.0 3312.0 2081
v 2582.0 3322.0 2081
v 2572.0 3322.0 2081
f 6097 6098 6099 6100
f 6101 6104 6103 6102
f 6097 6101 6102 6098
f 6098 6102 6103 6099
f 6099 6103 6104 6100
f 6100 6104 6101 6097
v 863.0 1574.0 1015
v 873.0 1574.0 1015
v 873.0 1584.0 1015
v 863.0 1584.0 1015
v 863.0 1574.0 1087
v 873.0 1574.0 1087
v 873.0 1584.0 1087
v 863.0 1584.0 1087
f 6105 6106 6107 6108
f 6109 6112 6111 6110
f 6105 6109 6110 6106
f 6106 6110 6111 6107
f 6107 6111 6112 6108
f 6108 6112 6109 6105
v 3366.0 4267.0 3529
v 3376.0 4267.0 3529
v 3376.0 4277.0 3529
v 3366.0 4277.0 3529
v 3366.0 4267.0 3555
v 3376.0 4267.0 3555
v 3376.0 4277.0 3555
v 3366.0 4277.0 3555
f 6113 6114 6115 6116
f 6117 6120 6119 6118
f 6113 6117 6118 6114
f 6114 6118 6119 6115
f 6115 6119 6120 6116
f 6116 6120 6117 6113
v 4747.0 2764.0 3625
v 4757.0 2764.0 3625
v 4757.0 2774.0 3625
v 4747.0 2774.0 3625
v 4747.0 2764.0 3665
v 4757.0 2764.0 3665
v 4757.0 2774.0 3665
v 4747.0 2774.0 3665
f 6121 6122 6123 6124
f 6125 6128 6127 6126
f 6121 6125 6126 6122
f 6122 6126 6127 6123
f 6123 6127 6128 6124
f 6124 6128 6125 6121
v 3969.0 1030.0 4592
v 3979.0 1030.0 4592
v 3979.0 1040.0 4592
v 3969.0 1040.0 4592
v 3969.0 1030.0 4611
v 3979.0 1030.0 4611
v 3979.0 1040.0 4611
v 3969.0 1040.0 4611
f 6129 6130 6131 6132
f 6133 6136 6135 6134
f 6129 6133 6134 6130
f 6130 6134 6135 6131
f 6131 6135 6136 6132
f 6132 6136 6133 6129
v 3830.0 813.0 2639
v 3840.0 813.0 2639
v 3840.0 823.0 2639
v 3830.0 823.0 2639
v 3830.0 813.0 2691
v 3840.0 813.0 2691
v 3840.0 823.0 2691
v 3830.0 823.0 2691
f 6137 6138 6139 6140
f 6141 6144 6143 6142
f 6137 6141 6142 6138
f 6138 6142 6143 6139
f 6139 6143 6144 6140
f 6140 6144 6141 6137
v 2981.0 963.0 332
v 2991.0 963.0 332
v 2991.0 973.0 332
v 2981.0 973.0 332
v 2981.0 963.0 362
v 2991.0 963.0 362
v 2991.0 973.0 362
v 2981.0 973.0 362
f 6145 6146 6147 6148
f 6149 6152 6151 6150
f 6145 6149 6150 6146
f 6146 6150 6151 6147
f 6147 6151 6152 6148
f 6148 6152 6149 6145
v 1945.0 2266.0 190
v 1955.0 2266.0 190
v 1955.0 2276.0 190
v 1945.0 2276.0 190
v 1945.0 2266.0 226
v 1955.0 2266.0 226
v 1955.0 2276.0 226
v 1945.0 2276.0 226
f 6153 6154 6155 6156
f 6157 6160 6159 6158
f 6153 6157 6158 6154
f 6154 6158 6159 6155
f 6155 6159 6160 6156
f 6156 6160 6157 6153
v 3992.0 3821.0 4775
v 4002.0 3821.0 4775
v 4002.0 3831.0 4775
v 3992.0 3831.0 4775
v 3992.0 3821.0 4854
v 4002.0 3821.0 4854
v 4002.0 3831.0 4854
v 3992.0 3831.0 4854
f 6161 6162 6163 6164
f 6165 6168 6167 6166
f 6161 6165 6166 6162
f 6162 6166 6167 6163
f 6163 6167 6168 6164
f 6164 6168 6165 6161
v 1758.0 803.0 1821
v 1768.0 803.0 1821
v 1768.0 813.0 1821
v 1758.0 813.0 1821
v 1758.0 803.0 1849
v 1768.0 803.0 1849
v 1768.0 813.0 1849
v 1758.0 813.0 1849
f 6169 6170 6171 6172
f 6173 6176 6175 6174
f 6169 6173 6174 6170
f 6170 6174 6175 6171
f 6171 6175 6176 6172
f 6172 6176 6173 6169
v 2166.0 3058.0 2596
v 2176.0 3058.0 2596
v 2176.0 3068.0 2596
v 2166.0 3068.0 2596
v 2166.0 3058.0 2639
v 2176.0 3058.0 2639
v 2176.0 3068.0 2639
v 2166.0 3068.0 2639
f 6177 6178 6179 6180
f 6181 6184 6183 6182
f 6177 6181 6182 6178
f 6178 6182 6183 6179
f 6179 6183 6184 6180
f 6180 6184 6181 6177
v 4686.0 4169.0 3123
v 4696.0 4169.0 3123
v 4696.0 4179.0 3123
v 4686.0 4179.0 3123
v 4686.0 4169.0 3177
v 4696.0 4169.0 3177
v 4696.0 4179.0 3177
v 4686.0 4179.0 3177
f 6185 6186 6187 6188
f 6189 6192 6191 6190
f 6185 6189 6190 6186
f 6186 6190 6191 6187
f 6187 6191 6192 6188
f 6188 6192 6189 6185
v 998.0 1198.0 3380
v 1008.0 1198.0 3380
v 1008.0 1208.0 3380
v 998.0 1208.0 3380
v 998.0 1198.0 3423
v 1008.0 1198.0 3423
v 1008.0 1208.0 3423
v 998.0 1208.0 3423
f 6193 6194 6195 6196
f 6197 6200 6199 6198
f 6193 6197 6198 6194
f 6194 6198 6199 6195
f 6195 6199 6200 6196
f 6196 6200 6197 6193
v 306.0 2010.0 4203
v 316.0 2010.0 4203
v 316.0 2020.0 4203
v 306.0 2020.0 4203
v 306.0 2010.0 4246
v 316.0 2010.0 4246
v 316.0 2020.0 4246
v 306.0 2020.0 4246
f 6201 6202 6203 6204
f 6205 6208 6207 6206
f 6201 6205 6206 6202
f 6202 6206 6207 6203
f 6203 6207 6208 6204
f 6204 6208 6205 6201
v 335.0 4931.0 283
v 345.0 4931.0 283
v 345.0 4941.0 283
v 335.0 4941.0 283
v 335.0 4931.0 339
v 345.0 4931.0 339
v 345.0 4941.0 339
v 335.0 4941.0 339
f 6209 6210 6211 6212
f 6213 6216 6215 6214
f 6209 6213 6214 6210
f 6210 6214 6215 6211
f 6211 6215 6216 6212
f 6212 6216 6213 6209
v 4503.0 2266.0 4154
v 4513.0 2266.0 4154
v 4513.0 2276.0 4154
v 4503.0 2276.0 4154
v 4503.0 2266.0 4209
v 4513.0 2266.0 4209
v 4513.0 2276.0 4209
v 4503.0 2276.0 4209
f 6217 6218 6219 6220
f 6221 6224 6223 6222
f 6217 6221 6222 6218
f 6218 6222 6223 6219
f 6219 6223 6224 6220
f 6220 6224 6221 6217
v 4841.0 4564.0 3810
v 4851.0 4564.0 3810
v 4851.0 4574.0 3810
v 4841.0 4574.0 3810
v 4841.0 4564.0 3848
v 4851.0 4564.0 3848
v 4851.0 4574.0 3848
v 4841.0 4574.0 3848
f 6225 6226 6227 6228
f 6229 6232 6231 6230
f 6225 6229 6230 6226
f 6226 6230 6231 6227
f 6227 6231 6232 6228
f 6228 6232 6229 6225
v 4493.0 2079.0 2713
v 4503.0 2079.0 2713
v 4503.0 2089.0 2713
v 4493.0 2089.0 2713
v 4493.0 2079.0 2789
v 4503.0 2079.0 2789
v 4503.0 2089.0 2789
v 4493.0 2089.0 2789
f 6233 6234 6235 6236
f 6237 6240 6239 6238
f 6233 6237 6238 6234
f 6234 6238 6239 6235
f 6235 6239 6240 6236
f 6236 6240 6237 6233
v 1956.0 3112.0 44
v 1966.0 3112.0 44
v 1966.0 3122.0 44
v 1956.0 3122.0 44
v 1956.0 3112.0 85
v 1966.0 3112.0 85
v 1966.0 3122.0 85
v 1956.0 3122.0 85
f 6241 6242 6243 6244
f 6245 6248 6247 6246
f 6241 6245 6246 6242
f 6242 6246 6247 6243
f 6243 6247 6248 6244
f 6244 6248 6245 6241
v 1228.0 3521.0 3157
v 1238.0 3521.0 3157
v 1238.0 3531.0 3157
v 1228.0 3531.0 3157
v 1228.0 3521.0 3223
v 1238.0 3521.0 3223
v 1238.0 3531.0 3223
v 1228.0 3531.0 3223
f 6249 6250 6251 6252
f 6253 6256 6255 6254
f 6249 6253 6254 6250
f 6250 6254 6255 6251
f 6251 6255 6256 6252
f 6252 6256 6253 6249
v 571.0 2065.0 3696
v 581.0 2065.0 3696
v 581.0 2075.0 3696
v 571.0 2075.0 3696
v 571.0 2065.0 3778
v 581.0 2065.0 3778
v 581.0 2075.0 3778
v 571.0 2075.0 3778
f 6257 6258 6259 6260
f 6261 6264 6263 6262
f 6257 6261 6262 6258
f 6258 6262 6263 6259
f 6259 6263 6264 6260
f 6260 6264 6261 6257
v 93.0 4109.0 753
v 103.0 4109.0 753
v 103.0 4119.0 753
v 93.0 4119.0 753
v 93.0 4109.0 828
v 103.0 4109.0 828
v 103.0 4119.0 828
v 93.0 4119.0 828
f 6265 6266 6267 6268
f 6269 6272 6271 6270
f 6265 6269 6270 6266
f 6266 6270 6271 6267
f 6267 6271 6272 6268
f 6268 6272 6269 6265
v 3322.0 4652.0 2587
v 3332.0 4652.0 2587
v 3332.0 4662.0 2587
v 3322.0 4662.0 2587
v 3322.0 4652.0 2642
v 3332.0 4652.0 2642
v 3332.0 4662.0 2642
v 3322.0 4662.0 2642
f 6273 6274 6275 6276
f 6277 6280 6279 6278
f 6273 6277 6278 6274
f 6274 6278 6279 6275
f 6275 6279 6280 6276
f 6276 6280 6277 6273
v 632.0 539.0 1590
v 642.0 539.0 1590
v 642.0 549.0 1590
v 632.0 549.0 1590
v 632.0 539.0 1593
v 642.0 539.0 1593
v 642.0 549.0 1593
v 632.0 549.0 1593
f 6281 6282 6283 6284
f 6285 6288 6287 6286
f 6281 6285 6286 6282
f 6282 6286 6287 6283
f 6283 6287 6288 6284
f 6284 6288 6285 6281
v 1715.0 2322.0 1807
v 1725.0 2322.0 1807
v 1725.0 2332.0 1807
v 1715.0 2332.0 1807
v 1715.0 2322.0 1904
v 1725.0 2322.0 1904
v 1725.0 2332.0 1904
v 1715.0 2332.0 1904
f 6289 6290 6291 6292
f 6293 6296 6295 6294
f 6289 6293 6294 6290
f 6290 6294 6295 6291
f 6291 6295 6296 6292
f 6292 6296 6293 6289
v 1877.0 3273.0 486
v 1887.0 3273.0 486
v 1887.0 3283.0 486
v 1877.0 3283.0 486
v 1877.0 3273.0 558
v 1887.0 3273.0 558
v 1887.0 3283.0 558
v 1877.0 3283.0 558
f 6297 6298 6299 6300
f 6301 6304 6303 6302
f 6297 6301 6302 6298
f 6298 6302 6303 6299
f 6299 6303 6304 6300
f 6300 6304 6301 6297
v 3977.0 1415.0 2575
v 3987.0 1415.0 2575
v 3987.0 1425.0 2575
v 3977.0 1425.0 2575
v 3977.0 1415.0 2598
v 3987.0 1415.0 2598
v 3987.0 1425.0 2598
v 3977.0 1425.0 2598
f 6305 6306 6307 6308
f 6309 6312 6311 6310
f 6305 6309 6310 6306
f 6306 6310 6311 6307
f 6307 6311 6312 6308
f 6308 6312 6309 6305
v 4688.0 3579.0 3395
v 4698.0 3579.0 3395
v 4698.0 3589.0 3395
v 4688.0 3589.0 3395
v 4688.0 3579.0 3399
v 4698.0 3579.0 3399
v 4698.0 3589.0 3399
v 4688.0 3589.0 3399
f 6313 6314 6315 6316
f 6317 6320 6319 6318
f 6313 6317 6318 6314
f 6314 6318 6319 6315
f 6315 6319 6320 6316
f 6316 6320 6317 6313
v 1702.0 4834.0 3324
v 1712.0 4834.0 3324
v 1712.0 4844.0 3324
v 1702.0 4844.0 3324
v 1702.0 4834.0 3403
v 1712.0 4834.0 3403
v 1712.0 4844.0 3403
v 1702.0 4844.0 3403
f 6321 6322 6323 6324
f 6325 6328 6327 6326
f 6321 6325 6326 6322
f 6322 6326 6327 6323
f 6323 6327 6328 6324
f 6324 6328 6325 6321
v 955.0 2327.0 4538
v 965.0 2327.0 4538
v 965.0 2337.0 4538
v 955.0 2337.0 4538
v 955.0 2327.0 4556
v 965.0 2327.0 4556
v 965.0 2337.0 4556
v 955.0 2337.0 4556
f 6329 6330 6331 6332
f 6333 6336 6335 6334
f 6329 6333 6334 6330
f 6330 6334 6335 6331
f 6331 6335 6336 6332
f 6332 6336 6333 6329
v 3064.0 2029.0 676
v 3074.0 2029.0 676
v 3074.0 2039.0 676
v 3064.0 2039.0 676
v 3064.0 2029.0 763
v 3074.0 2029.0 763
v 3074.0 2039.0 763
v 3064.0 2039.0 763
f 6337 6338 6339 6340
f 6341 6344 6343 6342
f 6337 6341 6342 6338
f 6338 6342 6343 6339
f 6339 6343 6344 6340
f 6340 6344 6341 6337
v 3868.0 2849.0 3287
v 3878.0 2849.0 3287
v 3878.0 2859.0 3287
v 3868.0 2859.0 3287
v 3868.0 2849.0 3296
v 3878.0 2849.0 3296
v 3878.0 2859.0 3296
v 3868.0 2859.0 3296
f 6345 6346 6347 6348
f 6349 6352 6351 6350
f 6345 6349 6350 6346
f 6346 6350 6351 6347
f 6347 6351 6352 6348
f 6348 6352 6349 6345
v 708.0 3734.0 3573
v 718.0 3734.0 3573
v 718.0 3744.0 3573
v 708.0 3744.0 3573
v 708.0 3734.0 3612
v 718.0 3734.0 3612
v 718.0 3744.0 3612
v 708.0 3744.0 3612
f 6353 6354 6355 6356
f 6357 6360 6359 6358
f 6353 6357 6358 6354
f 6354 6358 6359 6355
f 6355 6359 6360 6356
f 6356 6360 6357 6353
v 1454.0 4555.0 928
v 1464.0 4555.0 928
v 1464.0 4565.0 928
v 1454.0 4565.0 928
v 1454.0 4555.0 964
v 1464.0 4555.0 964
v 1464.0 4565.0 964
v 1454.0 4565.0 964
f 6361 6362 6363 6364
f 6365 6368 6367 6366
f 6361 6365 6366 6362
f 6362 6366 6367 6363
f 6363 6367 6368 6364
f 6364 6368 6365 6361
v 890.0 3767.0 4869
v 900.0 3767.0 4869
v 900.0 3777.0 4869
v 890.0 3777.0 4869
v 890.0 3767.0 4969
v 900.0 3767.0 4969
v 900.0 3777.0 4969
v 890.0 3777.0 4969
f 6369 6370 6371 6372
f 6373 6376 6375 6374
f 6369 6373 6374 6370
f 6370 6374 6375 6371
f 6371 6375 6376 6372
f 6372 6376 6373 6369
v 3103.0 44.0 1561
v 3113.0 44.0 1561
v 3113.0 54.0 1561
v 3103.0 54.0 1561
v 3103.0 44.0 1564
v 3113.0 44.0 1564
v 3113.0 54.0 1564
v 3103.0 54.0 1564
f 6377 6378 6379 6380
f 6381 6384 6383 6382
f 6377 6381 6382 6378
f 6378 6382 6383 6379
f 6379 6383 6384 6380
f 6380 6384 6381 6377
v 60.0 2460.0 4559
v 70.0 2460.0 4559
v 70.0 2470.0 4559
v 60.0 2470.0 4559
v 60.0 2460.0 4613
v 70.0 2460.0 4613
v 70.0 2470.0 4613
v 60.0 2470.0 4613
f 6385 6386 6387 6388
f 6389 6392 6391 6390
f 6385 6389 6390 6386
f 6386 6390 6391 6387
f 6387 6391 6392 6388
f 6388 6392 6389 6385
v 1447.0 4290.0 1230
v 1457.0 4290.0 1230
v 1457.0 4300.0 1230
v 1447.0 4300.0 1230
v 1447.0 4290.0 1235
v 1457.0 4290.0 1235
v 1457.0 4300.0 1235
v 1447.0 4300.0 1235
f 6393 6394 6395 6396
f 6397 6400 6399 6398
f 6393 6397 6398 6394
f 6394 6398 6399 6395
f 6395 6399 6400 6396
f 6396 6400 6397 6393
v 1959.0 838.0 1470
v 1969.0 838.0 1470
v 1969.0 848.0 1470
v 1959.0 848.0 1470
v 1959.0 838.0 1522
v 1969.0 838.0 1522
v 1969.0 848.0 1522
v 1959.0 848.0 1522
f 6401 6402 6403 6404
f 6405 6408 6407 6406
f 6401 6405 6406 6402
f 6402 6406 6407 6403
f 6403 6407 6408 6404
f 6404 6408 6405 6401
v 4403.0 3995.0 411
v 4413.0 3995.0 411
v 4413.0 4005.0 411
v 4403.0 4005.0 411
v 4403.0 3995.0 473
v 4413.0 3995.0 473
v 4413.0 4005.0 473
v 4403.0 4005.0 473
f 6409 6410 6411 6412
f 6413 6416 6415 6414
f 6409 6413 6414 6410
f 6410 6414 6415 6411
f 6411 6415 6416 6412
f 6412 6416 6413 6409
v 301.0 2203.0 2312
v 311.0 2203.0 2312
v 311.0 2213.0 2312
v 301.0 2213.0 2312
v 301.0 2203.0 2408
v 311.0 2203.0 2408
v 311.0 2213.0 2408
v 301.0 2213.0 2408
f 6417 6418 6419 6420
f 6421 6424 6423 6422
f 6417 6421 6422 6418
f 6418 6422 6423 6419
f 6419 6423 6424 6420
f 6420 6424 6421 6417
v 1221.0 4297.0 4943
v 1231.0 4297.0 4943
v 1231.0 4307.0 4943
v 1221.0 4307.0 4943
v 1221.0 4297.0 4994
v 1231.0 4297.0 4994
v 1231.0 4307.0 4994
v 1221.0 4307.0 4994
f 6425 6426 6427 6428
f 6429 6432 6431 6430
f 6425 6429 6430 6426
f 6426 6430 6431 6427
f 6427 6431 6432 6428
f 6428 6432 6429 6425
v 3457.0 267.0 878
v 3467.0 267.0 878
v 3467.0 277.0 878
v 3457.0 277.0 878
v 3457.0 267.0 882
v 3467.0 267.0 882
v 3467.0 277.0 882
v 3457.0 277.0 882
f 6433 6434 6435 6436
f 6437 6440 6439 6438
f 6433 6437 6438 6434
f 6434 6438 6439 6435
f 6435 6439 6440 6436
f 6436 6440 6437 6433
v 2766.0 3880.0 1754
v 2776.0 3880.0 1754
v 2776.0 3890.0 1754
v 2766.0 3890.0 1754
v 2766.0 3880.0 1763
v 2776.0 3880.0 1763
v 2776.0 3890.0 1763
v 2766.0 3890.0 1763
f 6441 6442 6443 6444
f 6445 6448 6447 6446
f 6441 6445 6446 6442
f 6442 6446 6447 6443
f 6443 6447 6448 6444
f 6444 6448 6445 6441
v 3249.0 1331.0 2518
v 3259.0 1331.0 2518
v 3259.0 1341.0 2518
v 3249.0 1341.0 2518
v 3249.0 1331.0 2587
v 3259.0 1331.0 2587
v 3259.0 1341.0 2587
v 3249.0 1341.0 2587
f 6449 6450 6451 6452
f 6453 6456 6455 6454
f 6449 6453 6454 6450
f 6450 6454 6455 6451
f 6451 6455 6456 6452
f 6452 6456 6453 6449
v 539.0 624.0 3784
v 549.0 624.0 3784
v 549.0 634.0 3784
v 539.0 634.0 3784
v 539.0 624.0 3870
v 549.0 624.0 3870
v 549.0 634.0 3870
v 539.0 634.0 3870
f 6457 6458 6459 6460
f 6461 6464 6463 6462
f 6457 6461 6462 6458
f 6458 6462 6463 6459
f 6459 6463 6464 6460
f 6460 6464 6461 6457
v 3227.0 4754.0 4254
v 3237.0 4754.0 4254
v 3237.0 4764.0 4254
v 3227.0 4764.0 4254
v 3227.0 4754.0 4264
v 3237.0 4754.0 4264
v 3237.0 4764.0 4264
v 3227.0 4764.0 4264
f 6465 6466 6467 6468
f 6469 6472 6471 6470
f 6465 6469 6470 6466
f 6466 6470 6471 6467
f 6467 6471 6472 6468
f 6468 6472 6469 6465
v 860.0 2187.0 2401
v 870.0 2187.0 2401
v 870.0 2197.0 2401
v 860.0 2197.0 2401
v 860.0 2187.0 2424
v 870.0 2187.0 2424
v 870.0 2197.0 2424
v 860.0 2197.0 2424
f 6473 6474 6475 6476
f 6477 6480 6479 6478
f 6473 6477 6478 6474
f 6474 6478 6479 6475
f 6475 6479 6480 6476
f 6476 6480 6477 6473
v 3941.0 4323.0 1843
v 3951.0 4323.0 1843
v 3951.0 4333.0 1843
v 3941.0 4333.0 1843
v 3941.0 4323.0 1895
v 3951.0 4323.0 1895
v 3951.0 4333.0 1895
v 3941.0 4333.0 1895
f 6481 6482 6483 6484
f 6485 6488 6487 6486
f 6481 6485 6486 6482
f 6482 6486 6487 6483
f 6483 6487 6488 6484
f 6484 6488 6485 6481
v 3581.0 3509.0 3277
v 3591.0 3509.0 3277
v 3591.0 3519.0 3277
v 3581.0 3519.0 3277
v 3581.0 3509.0 3278
v 3591.0 3509.0 3278
v 3591.0 3519.0 3278
v 3581.0 3519.0 3278
f 6489 6490 6491 6492
f 6493 6496 6495 6494
f 6489 6493 6494 6490
f 6490 6494 6495 6491
f 6491 6495 6496 6492
f 6492 6496 6493 6489
v 2645.0 1827.0 1902
v 2655.0 1827.0 1902
v 2655.0 1837.0 1902
v 2645.0 1837.0 1902
v 2645.0 1827.0 1904
v 2655.0 1827.0 1904
v 2655.0 1837.0 1904
v 2645.0 1837.0 1904
f 6497 6498 6499 6500
f 6501 6504 6503 6502
f 6497 6501 6502 6498
f 6498 6502 6503 6499
f 6499 6503 6504 6500
f 6500 6504 6501 6497
v 4122.0 4116.0 1928
v 4132.0 4116.0 1928
v 4132.0 4126.0 1928
v 4122.0 4126.0 1928
v 4122.0 4116.0 2007
v 4132.0 4116.0 2007
v 4132.0 4126.0 2007
v 4122.0 4126.0 2007
f 6505 6506 6507 6508
f 6509 6512 6511 6510
f 6505 6509 6510 6506
f 6506 6510 6511 6507
f 6507 6511 6512 6508
f 6508 6512 6509 6505
v 1680.0 3392.0 314
v 1690.0 3392.0 314
v 1690.0 3402.0 314
v 1680.0 3402.0 314
v 1680.0 3392.0 351
v 1690.0 3392.0 351
v 1690.0 3402.0 351
v 1680.0 3402.0 351
f 6513 6514 6515 6516
f 6517 6520 6519 6518
f 6513 6517 6518 6514
f 6514 6518 6519 6515
f 6515 6519 6520 6516
f 6516 6520 6517 6513
v 1652.0 2906.0 198
v 1662.0 2906.0 198
v 1662.0 2916.0 198
v 1652.0 2916.0 198
v 1652.0 2906.0 288
v 1662.0 2906.0 288
v 1662.0 2916.0 288
v 1652.0 2916.0 288
f 6521 6522 6523 6524
f 6525 6528 6527 6526
f 6521 6525 6526 6522
f 6522 6526 6527 6523
f 6523 6527 6528 6524
f 6524 6528 6525 6521
v 3135.0 2529.0 4609
v 3145.0 2529.0 4609
v 3145.0 2539.0 4609
v 3135.0 2539.0 4609
v 3135.0 2529.0 4628
v 3145.0 2529.0 4628
v 3145.0 2539.0 4628
v 3135.0 2539.0 4628
f 6529 6530 6531 6532
f 6533 6536 6535 6534
f 6529 6533 6534 6530
f 6530 6534 6535 6531
f 6531 6535 6536 6532
f 6532 6536 6533 6529
v 4490.0 3722.0 2764
v 4500.0 3722.0 2764
v 4500.0 3732.0 2764
v 4490.0 3732.0 2764
v 4490.0 3722.0 2779
v 4500.0 3722.0 2779
v 4500.0 3732.0 2779
v 4490.0 3732.0 2779
f 6537 6538 6539 6540
f 6541 6544 6543 6542
f 6537 6541 6542 6538
f 6538 6542 6543 6539
f 6539 6543 6544 6540
f 6540 6544 6541 6537
v 1598.0 1132.0 2618
v 1608.0 1132.0 2618
v 1608.0 1142.0 2618
v 1598.0 1142.0 2618
v 1598.0 1132.0 2662
v 1608.0 1132.0 2662
v 1608.0 1142.0 2662
v 1598.0 1142.0 2662
f 6545 6546 6547 6548
f 6549 6552 6551 6550
f 6545 6549 6550 6546
f 6546 6550 6551 6547
f 6547 6551 6552 6548
f 6548 6552 6549 6545
v 245.0 4354.0 3767
v 255.0 4354.0 3767
v 255.0 4364.0 3767
v 245.0 4364.0 3767
v 245.0 4354.0 3795
v 255.0 4354.0 3795
v 255.0 4364.0 3795
v 245.0 4364.0 3795
f 6553 6554 6555 6556
f 6557 6560 6559 6558
f 6553 6557 6558 6554
f 6554 6558 6559 6555
f 6555 6559 6560 6556
f 6556 6560 6557 6553
v 3520.0 2635.0 2264
v 3530.0 2635.0 2264
v 3530.0 2645.0 2264
v 3520.0 2645.0 2264
v 3520.0 2635.0 2297
v 3530.0 2635.0 2297
v 3530.0 2645.0 2297
v 3520.0 2645.0 2297
f 6561 6562 6563 6564
f 6565 6568 6567 6566
f 6561 6565 6566 6562
f 6562 6566 6567 6563
f 6563 6567 6568 6564
f 6564 6568 6565 6561
v 2330.0 4062.0 227
v 2340.0 4062.0 227
v 2340.0 4072.0 227
v 2330.0 4072.0 227
v 2330.0 4062.0 327
v 2340.0 4062.0 327
v 2340.0 4072.0 327
v 2330.0 4072.0 327
f 6569 6570 6571 6572
f 6573 6576 6575 6574
f 6569 6573 6574 6570
f 6570 6574 6575 6571
f 6571 6575 6576 6572
f 6572 6576 6573 6569
v 2095.0 3290.0 2830
v 2105.0 3290.0 2830
v 2105.0 3300.0 2830
v 2095.0 3300.0 2830
v 2095.0 3290.0 2864
v 2105.0 3290.0 2864
v 2105.0 3300.0 2864
v 2095.0 3300.0 2864
f 6577 6578 6579 6580
f 6581 6584 6583 6582
f 6577 6581 6582 6578
f 6578 6582 6583 6579
f 6579 6583 6584 6580
f 6580 6584 6581 6577
v 4669.0 3399.0 1568
v 4679.0 3399.0 1568
v 4679.0 3409.0 1568
v 4669.0 3409.0 1568
v 4669.0 3399.0 1641
v 4679.0 3399.0 1641
v 4679.0 3409.0 1641
v 4669.0 3409.0 1641
f 6585 6586 6587 6588
f 6589 6592 6591 6590
f 6585 6589 6590 6586
f 6586 6590 6591 6587
f 6587 6591 6592 6588
f 6588 6592 6589 6585
v 1457.0 4294.0 2426
v 1467.0 4294.0 2426
v 1467.0 4304.0 2426
v 1457.0 4304.0 2426
v 1457.0 4294.0 2493
v 1467.0 4294.0 2493
v 1467.0 4304.0 2493
v 1457.0 4304.0 2493
f 6593 6594 6595 6596
f 6597 6600 6599 6598
f 6593 6597 6598 6594
f 6594 6598 6599 6595
f 6595 6599 6600 6596
f 6596 6600 6597 6593
v 4290.0 1466.0 1032
v 4300.0 1466.0 1032
v 4300.0 1476.0 1032
v 4290.0 1476.0 1032
v 4290.0 1466.0 1103
v 4300.0 1466.0 1103
v 4300.0 1476.0 1103
v 4290.0 1476.0 1103
f 6601 6602 6603 6604
f 6605 6608 6607 6606
f 6601 6605 6606 6602
f 6602 6606 6607 6603
f 6603 6607 6608 6604
f 6604 6608 6605 6601
v 872.0 2915.0 396
v 882.0 2915.0 396
v 882.0 2925.0 396
v 872.0 2925.0 396
v 872.0 2915.0 415
v 882.0 2915.0 415
v 882.0 2925.0 415
v 872.0 2925.0 415
f 6609 6610 6611 6612
f 6613 6616 6615 6614
f 6609 6613 6614 6610
f 6610 6614 6615 6611
f 6611 6615 6616 6612
f 6612 6616 6613 6609
v 305.0 3638.0 905
v 315.0 3638.0 905
v 315.0 3648.0 905
v 305.0 3648.0 905
v 305.0 3638.0 973
v 315.0 3638.0 973
v 315.0 3648.0 973
v 305.0 3648.0 973
f 6617 6618 6619 6620
f 6621 6624 6623 6622
f 6617 6621 6622 6618
f 6618 6622 6623 6619
f 6619 6623 6624 6620
f 6620 6624 6621 6617
v 1380.0 4596.0 4339
v 1390.0 4596.0 4339
v 1390.0 4606.0 4339
v 1380.0 4606.0 4339
v 1380.0 4596.0 4407
v 1390.0 4596.0 4407
v 1390.0 4606.0 4407
v 1380.0 4606.0 4407
f 6625 6626 6627 6628
f 6629 6632 6631 6630
f 6625 6629 6630 6626
f 6626 6630 6631 6627
f 6627 6631 6632 6628
f 6628 6632 6629 6625
v 2472.0 4916.0 4829
v 2482.0 4916.0 4829
v 2482.0 4926.0 4829
v 2472.0 4926.0 4829
v 2472.0 4916.0 4863
v 2482.0 4916.0 4863
v 2482.0 4926.0 4863
v 2472.0 4926.0 4863
f 6633 6634 6635 6636
f 6637 6640 6639 6638
f 6633 6637 6638 6634
f 6634 6638 6639 6635
f 6635 6639 6640 6636
f 6636 6640 6637 6633
v 3389.0 443.0 3848
v 3399.0 443.0 3848
v 3399.0 453.0 3848
v 3389.0 453.0 3848
v 3389.0 443.0 3924
v 3399.0 443.0 3924
v 3399.0 453.0 3924
v 3389.0 453.0 3924
f 6641 6642 6643 6644
f 6645 6648 6647 6646
f 6641 6645 6646 6642
f 6642 6646 6647 6643
f 6643 6647 6648 6644
f 6644 6648 6645 6641
v 304.0 2949.0 5
v 314.0 2949.0 5
v 314.0 2959.0 5
v 304.0 2959.0 5
v 304.0 2949.0 65
v 314.0 2949.0 65
v 314.0 2959.0 65
v 304.0 2959.0 65
f 6649 6650 6651 6652
f 6653 6656 6655 6654
f 6649 6653 6654 6650
f 6650 6654 6655 6651
f 6651 6655 6656 6652
f 6652 6656 6653 6649
v 2683.0 2235.0 3342
v 2693.0 2235.0 3342
v 2693.0 2245.0 3342
v 2683.0 2245.0 3342
v 2683.0 2235.0 3431
v 2693.0 2235.0 3431
v 2693.0 2245.0 3431
v 2683.0 2245.0 3431
f 6657 6658 6659 6660
f 6661 6664 6663 6662
f 6657 6661 6662 6658
f 6658 6662 6663 6659
f 6659 6663 6664 6660
f 6660 6664 6661 6657
v 3457.0 3880.0 33
v 3467.0 3880.0 33
v 3467.0 3890.0 33
v 3457.0 3890.0 33
v 3457.0 3880.0 67
v 3467.0 3880.0 67
v 3467.0 3890.0 67
v 3457.0 3890.0 67
f 6665 6666 6667 6668
f 6669 6672 6671 6670
f 6665 6669 6670 6666
f 6666 6670 6671 6667
f 6667 6671 6672 6668
f 6668 6672 6669 6665
v 2696.0 3385.0 4507
v 2706.0 3385.0 4507
v 2706.0 3395.0 4507
v 2696.0 3395.0 4507
v 2696.0 3385.0 4521
v 2706.0 3385.0 4521
v 2706.0 3395.0 4521
v 2696.0 3395.0 4521
f 6673 6674 6675 6676
f 6677 6680 6679 6678
f 6673 6677 6678 6674
f 6674 6678 6679 6675
f 6675 6679 6680 6676
f 6676 6680 6677 6673
v 3701.0 3100.0 951
v 3711.0 3100.0 951
v 3711.0 3110.0 951
v 3701.0 3110.0 951
v 3701.0 3100.0 1037
v 3711.0 3100.0 1037
v 3711.0 3110.0 1037
v 3701.0 3110.0 1037
f 6681 6682 6683 6684
f 6685 6688 6687 6686
f 6681 6685 6686 6682
f 6682 6686 6687 6683
f 6683 6687 6688 6684
f 6684 6688 6685 6681
v 3031.0 3432.0 1581
v 3041.0 3432.0 1581
v 3041.0 3442.0 1581
v 3031.0 3442.0 1581
v 3031.0 3432.0 1598
v 3041.0 3432.0 1598
v 3041.0 3442.0 1598
v 3031.0 3442.0 1598
f 6689 6690 6691 6692
f 6693 6696 6695 6694
f 6689 6693 6694 6690
f 6690 6694 6695 6691
f 6691 6695 6696 6692
f 6692 6696 6693 6689
v 4306.0 2646.0 3478
v 4316.0 2646.0 3478
v 4316.0 2656.0 3478
v 4306.0 2656.0 3478
v 4306.0 2646.0 3563
v 4316.0 2646.0 3563
v 4316.0 2656.0 3563
v 4306.0 2656.0 3563
f 6697 6698 6699 6700
f 6701 6704 6703 6702
f 6697 6701 6702 6698
f 6698 6702 6703 6699
f 6699 6703 6704 6700
f 6700 6704 6701 6697
v 4261.0 2339.0 3757
v 4271.0 2339.0 3757
v 4271.0 2349.0 3757
v 4261.0 2349.0 3757
v 4261.0 2339.0 3782
v 4271.0 2339.0 3782
v 4271.0 2349.0 3782
v 4261.0 2349.0 3782
f 6705 6706 6707 6708
f 6709 6712 6711 6710
f 6705 6709 6710 6706
f 6706 6710 6711 6707
f 6707 6711 6712 6708
f 6708 6712 6709 6705
v 2309.0 535.0 4675
v 2319.0 535.0 4675
v 2319.0 545.0 4675
v 2309.0 545.0 4675
v 2309.0 535.0 4711
v 2319.0 535.0 4711
v 2319.0 545.0 4711
v 2309.0 545.0 4711
f 6713 6714 6715 6716
f 6717 6720 6719 6718
f 6713 6717 6718 6714
f 6714 6718 6719 6715
f 6715 6719 6720 6716
f 6716 6720 6717 6713
v 2988.0 4467.0 1723
v 2998.0 4467.0 1723
v 2998.0 4477.0 1723
v 2988.0 4477.0 1723
v 2988.0 4467.0 1762
v 2998.0 4467.0 1762
v 2998.0 4477.0 1762
v 2988.0 4477.0 1762
f 6721 6722 6723 6724
f 6725 6728 6727 6726
f 6721 6725 6726 6722
f 6722 6726 6727 6723
f 6723 6727 6728 6724
f 6724 6728 6725 6721
v 2795.0 4305.0 3676
v 2805.0 4305.0 3676
v 2805.0 4315.0 3676
v 2795.0 4315.0 3676
v 2795.0 4305.0 3701
v 2805.0 4305.0 3701
v 2805.0 4315.0 3701
v 2795.0 4315.0 3701
f 6729 6730 6731 6732
f 6733 6736 6735 6734
f 6729 6733 6734 6730
f 6730 6734 6735 6731
f 6731 6735 6736 6732
f 6732 6736 6733 6729
v 3607.0 637.0 1361
v 3617.0 637.0 1361
v 3617.0 647.0 1361
v 3607.0 647.0 1361
v 3607.0 637.0 1454
v 3617.0 637.0 1454
v 3617.0 647.0 1454
v 3607.0 647.0 1454
f 6737 6738 6739 6740
f 6741 6744 6743 6742
f 6737 6741 6742 6738
f 6738 6742 6743 6739
f 6739 6743 6744 6740
f 6740 6744 6741 6737
v 4179.0 1616.0 1075
v 4189.0 1616.0 1075
v 4189.0 1626.0 1075
v 4179.0 1626.0 1075
v 4179.0 1616.0 1172
v 4189.0 1616.0 1172
v 4189.0 1626.0 1172
v 4179.0 1626.0 1172
f 6745 6746 6747 6748
f 6749 6752 6751 6750
f 6745 6749 6750 6746
f 6746 6750 6751 6747
f 6747 6751 6752 6748
f 6748 6752 6749 6745
v 2513.0 1086.0 1280
v 2523.0 1086.0 1280
v 2523.0 1096.0 1280
v 2513.0 1096.0 1280
v 2513.0 1086.0 1324
v 2523.0 1086.0 1324
v 2523.0 1096.0 1324
v 2513.0 1096.0 1324
f 6753 6754 6755 6756
f 6757 6760 6759 6758
f 6753 6757 6758 6754
f 6754 6758 6759 6755
f 6755 6759 6760 6756
f 6756 6760 6757 6753
v 3302.0 3245.0 166
v 3312.0 3245.0 166
v 3312.0 3255.0 166
v 3302.0 3255.0 166
v 3302.0 3245.0 246
v 3312.0 3245.0 246
v 3312.0 3255.0 246
v 3302.0 3255.0 246
f 6761 6762 6763 6764
f 6765 6768 6767 6766
f 6761 6765 6766 6762
f 6762 6766 6767 6763
f 6763 6767 6768 6764
f 6764 6768 6765 6761
v 1732.0 2745.0 1918
v 1742.0 2745.0 1918
v 1742.0 2755.0 1918
v 1732.0 2755.0 1918
v 1732.0 2745.0 1929
v 1742.0 2745.0 1929
v 1742.0 2755.0 1929
v 1732.0 2755.0 1929
f 6769 6770 6771 6772
f 6773 6776 6775 6774
f 6769 6773 6774 6770
f 6770 6774 6775 6771
f 6771 6775 6776 6772
f 6772 6776 6773 6769
v 2354.0 2257.0 881
v 2364.0 2257.0 881
v 2364.0 2267.0 881
v 2354.0 2267.0 881
v 2354.0 2257.0 932
v 2364.0 2257.0 932
v 2364.0 2267.0 932
v 2354.0 2267.0 932
f 6777 6778 6779 6780
f 6781 6784 6783 6782
f 6777 6781 6782 6778
f 6778 6782 6783 6779
f 6779 6783 6784 6780
f 6780 6784 6781 6777
v 4465.0 1804.0 896
v 4475.0 1804.0 896
v 4475.0 1814.0 896
v 4465.0 1814.0 896
v 4465.0 1804.0 989
v 4475.0 1804.0 989
v 4475.0 1814.0 989
v 4465.0 1814.0 989
f 6785 6786 6787 6788
f 6789 6792 6791 6790
f 6785 6789 6790 6786
f 6786 6790 6791 6787
f 6787 6791 6792 6788
f 6788 6792 6789 6785
v 758.0 1536.0 118
v 768.0 1536.0 118
v 768.0 1546.0 118
v 758.0 1546.0 118
v 758.0 1536.0 155
v 768.0 1536.0 155
v 768.0 1546.0 155
v 758.0 1546.0 155
f 6793 6794 6795 6796
f 6797 6800 6799 6798
f 6793 6797 6798 6794
f 6794 6798 6799 6795
f 6795 6799 6800 6796
f 6796 6800 6797 6793
v 1943.0 2435.0 1459
v 1953.0 2435.0 1459
v 1953.0 2445.0 1459
v 1943.0 2445.0 1459
v 1943.0 2435.0 1478
v 1953.0 2435.0 1478
v 1953.0 2445.0 1478
v 1943.0 2445.0 1478
f 6801 6802 6803 6804
f 6805 6808 6807 6806
f 6801 6805 6806 6802
f 6802 6806 6807 6803
f 6803 6807 6808 6804
f 6804 6808 6805 6801
v 665.0 1808.0 2581
v 675.0 1808.0 2581
v 675.0 1818.0 2581
v 665.0 1818.0 2581
v 665.0 1808.0 2586
v 675.0 1808.0 2586
v 675.0 1818.0 2586
v 665.0 1818.0 2586
f 6809 6810 6811 6812
f 6813 6816 6815 6814
f 6809 6813 6814 6810
f 6810 6814 6815 6811
f 6811 6815 6816 6812
f 6812 6816 6813 6809
v 3267.0 4374.0 3254
v 3277.0 4374.0 3254
v 3277.0 4384.0 3254
v 3267.0 4384.0 3254
v 3267.0 4374.0 3296
v 3277.0 4374.0 3296
v 3277.0 4384.0 3296
v 3267.0 4384.0 3296
f 6817 6818 6819 6820
f 6821 6824 6823 6822
f 6817 6821 6822 6818
f 6818 6822 6823 6819
f 6819 6823 6824 6820
f 6820 6824 6821 6817
v 2888.0 4649.0 2375
v 2898.0 4649.0 2375
v 2898.0 4659.0 2375
v 2888.0 4659.0 2375
v 2888.0 4649.0 2425
v 2898.0 4649.0 2425
v 2898.0 4659.0 2425
v 2888.0 4659.0 2425
f 6825 6826 6827 6828
f 6829 6832 6831 6830
f 6825 6829 6830 6826
f 6826 6830 6831 6827
f 6827 6831 6832 6828
f 6828 6832 6829 6825
v 3493.0 3332.0 936
v 3503.0 3332.0 936
v 3503.0 3342.0 936
v 3493.0 3342.0 936
v 3493.0 3332.0 1018
v 3503.0 3332.0 1018
v 3503.0 3342.0 1018
v 3493.0 3342.0 1018
f 6833 6834 6835 6836
f 6837 6840 6839 6838
f 6833 6837 6838 6834
f 6834 6838 6839 6835
f 6835 6839 6840 6836
f 6836 6840 6837 6833
v 1680.0 4585.0 3665
v 1690.0 4585.0 3665
v 1690.0 4595.0 3665
v 1680.0 4595.0 3665
v 1680.0 4585.0 3729
v 1690.0 4585.0 3729
v 1690.0 4595.0 3729
v 1680.0 4595.0 3729
f 6841 6842 6843 6844
f 6845 6848 6847 6846
f 6841 6845 6846 6842
f 6842 6846 6847 6843
f 6843 6847 6848 6844
f 6844 6848 6845 6841
v 2306.0 2871.0 2925
v 2316.0 2871.0 2925
v 2316.0 2881.0 2925
v 2306.0 2881.0 2925
v 2306.0 2871.0 2991
v 2316.0 2871.0 2991
v 2316.0 2881.0 2991
v 2306.0 2881.0 2991
f 6849 6850 6851 6852
f 6853 6856 6855 6854
f 6849 6853 6854 6850
f 6850 6854 6855 6851
f 6851 6855 6856 6852
f 6852 6856 6853 6849
v 4159.0 2421.0 1476
v 4169.0 2421.0 1476
v 4169.0 2431.0 1476
v 4159.0 2431.0 1476
v 4159.0 2421.0 1506
v 4169.0 2421.0 1506
v 4169.0 2431.0 1506
v 4159.0 2431.0 1506
f 6857 6858 6859 6860
f 6861 6864 6863 6862
f 6857 6861 6862 6858
f 6858 6862 6863 6859
f 6859 6863 6864 6860
f 6860 6864 6861 6857
v 1430.0 2924.0 3620
v 1440.0 2924.0 3620
v 1440.0 2934.0 3620
v 1430.0 2934.0 3620
v 1430.0 2924.0 3641
v 1440.0 2924.0 3641
v 1440.0 2934.0 3641
v 1430.0 2934.0 3641
f 6865 6866 6867 6868
f 6869 6872 6871 6870
f 6865 6869 6870 6866
f 6866 6870 6871 6867
f 6867 6871 6872 6868
f 6868 6872 6869 6865
v 3539.0 2789.0 3812
v 3549.0 2789.0 3812
v 3549.0 2799.0 3812
v 3539.0 2799.0 3812
v 3539.0 2789.0 3904
v 3549.0 2789.0 3904
v 3549.0 2799.0 3904
v 3539.0 2799.0 3904
f 6873 6874 6875 6876
f 6877 6880 6879 6878
f 6873 6877 6878 6874
f 6874 6878 6879 6875
f 6875 6879 6880 6876
f 6876 6880 6877 6873
v 1508.0 3631.0 4718
v 1518.0 3631.0 4718
v 1518.0 3641.0 4718
v 1508.0 3641.0 4718
v 1508.0 3631.0 4789
v 1518.0 3631.0 4789
v 1518.0 3641.0 4789
v 1508.0 3641.0 4789
f 6881 6882 6883 6884
f 6885 6888 6887 6886
f 6881 6885 6886 6882
f 6882 6886 6887 6883
f 6883 6887 6888 6884
f 6884 6888 6885 6881
v 3541.0 878.0 2418
v 3551.0 878.0 2418
v 3551.0 888.0 2418
v 3541.0 888.0 2418
v 3541.0 878.0 2457
v 3551.0 878.0 2457
v 3551.0 888.0 2457
v 3541.0 888.0 2457
f 6889 6890 6891 6892
f 6893 6896 6895 6894
f 6889 6893 6894 6890
f 6890 6894 6895 6891
f 6891 6895 6896 6892
f 6892 6896 6893 6889
v 960.0 181.0 4773
v 970.0 181.0 4773
v 970.0 191.0 4773
v 960.0 191.0 4773
v 960.0 181.0 4809
v 970.0 181.0 4809
v 970.0 191.0 4809
v 960.0 191.0 4809
f 6897 6898 6899 6900
f 6901 6904 6903 6902
f 6897 6901 6902 6898
f 6898 6902 6903 6899
f 6899 6903 6904 6900
f 6900 6904 6901 6897
v 2718.0 4776.0 3028
v 2728.0 4776.0 3028
v 2728.0 4786.0 3028
v 2718.0 4786.0 3028
v 2718.0 4776.0 3120
v 2728.0 4776.0 3120
v 2728.0 4786.0 3120
v 2718.0 4786.0 3120
f 6905 6906 6907 6908
f 6909 6912 6911 6910
f 6905 6909 6910 6906
f 6906 6910 6911 6907
f 6907 6911 6912 6908
f 6908 6912 6909 6905
v 4469.0 1951.0 1598
v 4479.0 1951.0 1598
v 4479.0 1961.0 1598
v 4469.0 1961.0 1598
v 4469.0 1951.0 1619
v 4479.0 1951.0 1619
v 4479.0 1961.0 1619
v 4469.0 1961.0 1619
f 6913 6914 6915 6916
f 6917 6920 6919 6918
f 6913 6917 6918 6914
f 6914 6918 6919 6915
f 6915 6919 6920 6916
f 6916 6920 6917 6913
v 2103.0 180.0 3181
v 2113.0 180.0 3181
v 2113.0 190.0 3181
v 2103.0 190.0 3181
v 2103.0 180.0 3281
v 2113.0 180.0 3281
v 2113.0 190.0 3281
v 2103.0 190.0 3281
f 6921 6922 6923 6924
f 6925 6928 6927 6926
f 6921 6925 6926 6922
f 6922 6926 6927 6923
f 6923 6927 6928 6924
f 6924 6928 6925 6921
v 1046.0 4264.0 1018
v 1056.0 4264.0 1018
v 1056.0 4274.0 1018
v 1046.0 4274.0 1018
v 1046.0 4264.0 1086
v 1056.0 4264.0 1086
v 1056.0 4274.0 1086
v 1046.0 4274.0 1086
f 6929 6930 6931 6932
f 6933 6936 6935 6934
f 6929 6933 6934 6930
f 6930 6934 6935 6931
f 6931 6935 6936 6932
f 6932 6936 6933 6929
v 4121.0 2632.0 1269
v 4131.0 2632.0 1269
v 4131.0 2642.0 1269
v 4121.0 2642.0 1269
v 4121.0 2632.0 1337
v 4131.0 2632.0 1337
v 4131.0 2642.0 1337
v 4121.0 2642.0 1337
f 6937 6938 6939 6940
f 6941 6944 6943 6942
f 6937 6941 6942 6938
f 6938 6942 6943 6939
f 6939 6943 6944 6940
f 6940 6944 6941 6937
v 813.0 1462.0 4305
v 823.0 1462.0 4305
v 823.0 1472.0 4305
v 813.0 1472.0 4305
v 813.0 1462.0 4337
v 823.0 1462.0 4337
v 823.0 1472.0 4337
v 813.0 1472.0 4337
f 6945 6946 6947 6948
f 6949 6952 6951 6950
f 6945 6949 6950 6946
f 6946 6950 6951 6947
f 6947 6951 6952 6948
f 6948 6952 6949 6945
v 878.0 2340.0 2478
v 888.0 2340.0 2478
v 888.0 2350.0 2478
v 878.0 2350.0 2478
v 878.0 2340.0 2488
v 888.0 2340.0 2488
v 888.0 2350.0 2488
v 878.0 2350.0 2488
f 6953 6954 6955 6956
f 6957 6960 6959 6958
f 6953 6957 6958 6954
f 6954 6958 6959 6955
f 6955 6959 6960 6956
f 6956 6960 6957 6953
v 1994.0 1915.0 46
v 2004.0 1915.0 46
v 2004.0 1925.0 46
v 1994.0 1925.0 46
v 1994.0 1915.0 90
v 2004.0 1915.0 90
v 2004.0 1925.0 90
v 1994.0 1925.0 90
f 6961 6962 6963 6964
f 6965 6968 6967 6966
f 6961 6965 6966 6962
f 6962 6966 6967 6963
f 6963 6967 6968 6964
f 6964 6968 6965 6961
v 2219.0 4428.0 4238
v 2229.0 4428.0 4238
v 2229.0 4438.0 4238
v 2219.0 4438.0 4238
v 2219.0 4428.0 4247
v 2229.0 4428.0 4247
v 2229.0 4438.0 4247
v 2219.0 4438.0 4247
f 6969 6970 6971 6972
f 6973 6976 6975 6974
f 6969 6973 6974 6970
f 6970 6974 6975 6971
f 6971 6975 6976 6972
f 6972 6976 6973 6969
v 1223.0 1936.0 617
v 1233.0 1936.0 617
v 1233.0 1946.0 617
v 1223.0 1946.0 617
v 1223.0 1936.0 655
v 1233.0 1936.0 655
v 1233.0 1946.0 655
v 1223.0 1946.0 655
f 6977 6978 6979 6980
f 6981 6984 6983 6982
f 6977 6981 6982 6978
f 6978 6982 6983 6979
f 6979 6983 6984 6980
f 6980 6984 6981 6977
v 3899.0 1608.0 4448
v 3909.0 1608.0 4448
v 3909.0 1618.0 4448
v 3899.0 1618.0 4448
v 3899.0 1608.0 4490
v 3909.0 1608.0 4490
v 3909.0 1618.0 4490
v 3899.0 1618.0 4490
f 6985 6986 6987 6988
f 6989 6992 6991 6990
f 6985 6989 6990 6986
f 6986 6990 6991 6987
f 6987 6991 6992 6988
f 6988 6992 6989 6985
v 2684.0 1897.0 2462
v 2694.0 1897.0 2462
v 2694.0 1907.0 2462
v 2684.0 1907.0 2462
v 2684.0 1897.0 2507
v 2694.0 1897.0 2507
v 2694.0 1907.0 2507
v 2684.0 1907.0 2507
f 6993 6994 6995 6996
f 6997 7000 6999 6998
f 6993 6997 6998 6994
f 6994 6998 6999 6995
f 6995 6999 7000 6996
f 6996 7000 6997 6993
v 1756.0 1892.0 1653
v 1766.0 1892.0 1653
v 1766.0 1902.0 1653
v 1756.0 1902.0 1653
v 1756.0 1892.0 1748
v 1766.0 1892.0 1748
v 1766.0 1902.0 1748
v 1756.0 1902.0 1748
f 7001 7002 7003 7004
f 7005 7008 7007 7006
f 7001 7005 7006 7002
f 7002 7006 7007 7003
f 7003 7007 7008 7004
f 7004 7008 7005 7001
v 188.0 4898.0 1028
v 198.0 4898.0 1028
v 198.0 4908.0 1028
v 188.0 4908.0 1028
v 188.0 4898.0 1067
v 198.0 4898.0 1067
v 198.0 4908.0 1067
v 188.0 4908.0 1067
f 7009 7010 7011 7012
f 7013 7016 7015 7014
f 7009 7013 7014 7010
f 7010 7014 7015 7011
f 7011 7015 7016 7012
f 7012 7016 7013 7009
v 3716.0 4536.0 2347
v 3726.0 4536.0 2347
v 3726.0 4546.0 2347
v 3716.0 4546.0 2347
v 3716.0 4536.0 2370
v 3726.0 4536.0 2370
v 3726.0 4546.0 2370
v 3716.0 4546.0 2370
f 7017 7018 7019 7020
f 7021 7024 7023 7022
f 7017 7021 7022 7018
f 7018 7022 7023 7019
f 7019 7023 7024 7020
f 7020 7024 7021 7017
v 1010.0 3945.0 1696
v 1020.0 3945.0 1696
v 1020.0 3955.0 1696
v 1010.0 3955.0 1696
v 1010.0 3945.0 1702
v 1020.0 3945.0 1702
v 1020.0 3955.0 1702
v 1010.0 3955.0 1702
f 7025 7026 7027 7028
f 7029 7032 7031 7030
f 7025 7029 7030 7026
f 7026 7030 7031 7027
f 7027 7031 7032 7028
f 7028 7032 7029 7025
v 1226.0 4177.0 2554
v 1236.0 4177.0 2554
v 1236.0 4187.0 2554
v 1226.0 4187.0 2554
v 1226.0 4177.0 2593
v 1236.0 4177.0 2593
v 1236.0 4187.0 2593
v 1226.0 4187.0 2593
f 7033 7034 7035 7036
f 7037 7040 7039 7038
f 7033 7037 7038 7034
f 7034 7038 7039 7035
f 7035 7039 7040 7036
f 7036 7040 7037 7033
v 3844.0 3412.0 2376
v 3854.0 3412.0 2376
v 3854.0 3422.0 2376
v 3844.0 3422.0 2376
v 3844.0 3412.0 2449
v 3854.0 3412.0 2449
v 3854.0 3422.0 2449
v 3844.0 3422.0 2449
f 7041 7042 7043 7044
f 7045 7048 7047 7046
f 7041 7045 7046 7042
f 7042 7046 7047 7043
f 7043 7047 7048 7044
f 7044 7048 7045 7041
v 2385.0 3087.0 2253
v 2395.0 3087.0 2253
v 2395.0 3097.0 2253
v 2385.0 3097.0 2253
v 2385.0 3087.0 2304
v 2395.0 3087.0 2304
v 2395.0 3097.0 2304
v 2385.0 3097.0 2304
f 7049 7050 7051 7052
f 7053 7056 7055 7054
f 7049 7053 7054 7050
f 7050 7054 7055 7051
f 7051 7055 7056 7052
f 7052 7056 7053 7049
v 2518.0 3620.0 1846
v 2528.0 3620.0 1846
v 2528.0 3630.0 1846
v 2518.0 3630.0 1846
v 2518.0 3620.0 1940
v 2528.0 3620.0 1940
v 2528.0 3630.0 1940
v 2518.0 3630.0 1940
f 7057 7058 7059 7060
f 7061 7064 7063 7062
f 7057 7061 7062 7058
f 7058 7062 7063 7059
f 7059 7063 7064 7060
f 7060 7064 7061 7057
v 3085.0 1142.0 4395
v 3095.0 1142.0 4395
v 3095.0 1152.0 4395
v 3085.0 1152.0 4395
v 3085.0 1142.0 4479
v 3095.0 1142.0 4479
v 3095.0 1152.0 4479
v 3085.0 1152.0 4479
f 7065 7066 7067 7068
f 7069 7072 7071 7070
f 7065 7069 7070 7066
f 7066 7070 7071 7067
f 7067 7071 7072 7068
f 7068 7072 7069 7065
v 4008.0 3673.0 2790
v 4018.0 3673.0 2790
v 4018.0 3683.0 2790
v 4008.0 3683.0 2790
v 4008.0 3673.0 2823
v 4018.0 3673.0 2823
v 4018.0 3683.0 2823
v 4008.0 3683.0 2823
f 7073 7074 7075 7076
f 7077 7080 7079 7078
f 7073 7077 7078 7074
f 7074 7078 7079 7075
f 7075 7079 7080 7076
f 7076 7080 7077 7073
v 3109.0 4822.0 4553
v 3119.0 4822.0 4553
v 3119.0 4832.0 4553
v 3109.0 4832.0 4553
v 3109.0 4822.0 4611
v 3119.0 4822.0 4611
v 3119.0 4832.0 4611
v 3109.0 4832.0 4611
f 7081 7082 7083 7084
f 7085 7088 7087 7086
f 7081 7085 7086 7082
f 7082 7086 7087 7083
f 7083 7087 7088 7084
f 7084 7088 7085 7081
v 3925.0 1317.0 4847
v 3935.0 1317.0 4847
v 3935.0 1327.0 4847
v 3925.0 1327.0 4847
v 3925.0 1317.0 4897
v 3935.0 1317.0 4897
v 3935.0 1327.0 4897
v 3925.0 1327.0 4897
f 7089 7090 7091 7092
f 7093 7096 7095 7094
f 7089 7093 7094 7090
f 7090 7094 7095 7091
f 7091 7095 7096 7092
f 7092 7096 7093 7089
v 2871.0 3507.0 30
v 2881.0 3507.0 30
v 2881.0 3517.0 30
v 2871.0 3517.0 30
v 2871.0 3507.0 107
v 2881.0 3507.0 107
v 2881.0 3517.0 107
v 2871.0 3517.0 107
f 7097 7098 7099 7100
f 7101 7104 7103 7102
f 7097 7101 7102 7098
f 7098 7102 7103 7099
f 7099 7103 7104 7100
f 7100 7104 7101 7097
v 1125.0 723.0 4065
v 1135.0 723.0 4065
v 1135.0 733.0 4065
v 1125.0 733.0 4065
v 1125.0 723.0 4096
v 1135.0 723.0 4096
v 1135.0 733.0 4096
v 1125.0 733.0 4096
f 7105 7106 7107 7108
f 7109 7112 7111 7110
f 7105 7109 7110 7106
f 7106 7110 7111 7107
f 7107 7111 7112 7108
f 7108 7112 7109 7105
v 1034.0 3601.0 4624
v 1044.0 3601.0 4624
v 1044.0 3611.0 4624
v 1034.0 3611.0 4624
v 1034.0 3601.0 4718
v 1044.0 3601.0 4718
v 1044.0 3611.0 4718
v 1034.0 3611.0 4718
f 7113 7114 7115 7116
f 7117 7120 7119 7118
f 7113 7117 7118 7114
f 7114 7118 7119 7115
f 7115 7119 7120 7116
f 7116 7120 7117 7113
v 4234.0 4491.0 3673
v 4244.0 4491.0 3673
v 4244.0 4501.0 3673
v 4234.0 4501.0 3673
v 4234.0 4491.0 3740
v 4244.0 4491.0 3740
v 4244.0 4501.0 3740
v 4234.0 4501.0 3740
f 7121 7122 7123 7124
f 7125 7128 7127 7126
f 7121 7125 7126 7122
f 7122 7126 7127 7123
f 7123 7127 7128 7124
f 7124 7128 7125 7121
v 669.0 553.0 3269
v 679.0 553.0 3269
v 679.0 563.0 3269
v 669.0 563.0 3269
v 669.0 553.0 3282
v 679.0 553.0 3282
v 679.0 563.0 3282
v 669.0 563.0 3282
f 7129 7130 7131 7132
f 7133 7136 7135 7134
f 7129 7133 7134 7130
f 7130 7134 7135 7131
f 7131 7135 7136 7132
f 7132 7136 7133 7129
v 306.0 3451.0 228
v 316.0 3451.0 228
v 316.0 3461.0 228
v 306.0 3461.0 228
v 306.0 3451.0 327
v 316.0 3451.0 327
v 316.0 3461.0 327
v 306.0 3461.0 327
f 7137 7138 7139 7140
f 7141 7144 7143 7142
f 7137 7141 7142 7138
f 7138 7142 7143 7139
f 7139 7143 7144 7140
f 7140 7144 7141 7137
v 2546.0 2985.0 4198
v 2556.0 2985.0 4198
v 2556.0 2995.0 4198
v 2546.0 2995.0 4198
v 2546.0 2985.0 4242
v 2556.0 2985.0 4242
v 2556.0 2995.0 4242
v 2546.0 2995.0 4242
f 7145 7146 7147 7148
f 7149 7152 7151 7150
f 7145 7149 7150 7146
f 7146 7150 7151 7147
f 7147 7151 7152 7148
f 7148 7152 7149 7145
v 1709.0 295.0 4965
v 1719.0 295.0 4965
v 1719.0 305.0 4965
v 1709.0 305.0 4965
v 1709.0 295.0 4992
v 1719.0 295.0 4992
v 1719.0 305.0 4992
v 1709.0 305.0 4992
f 7153 7154 7155 7156
f 7157 7160 7159 7158
f 7153 7157 7158 7154
f 7154 7158 7159 7155
f 7155 7159 7160 7156
f 7156 7160 7157 7153
v 3590.0 1392.0 4488
v 3600.0 1392.0 4488
v 3600.0 1402.0 4488
v 3590.0 1402.0 4488
v 3590.0 1392.0 4501
v 3600.0 1392.0 4501
v 3600.0 1402.0 4501
v 3590.0 1402.0 4501
f 7161 7162 7163 7164
f 7165 7168 7167 7166
f 7161 7165 7166 7162
f 7162 7166 7167 7163
f 7163 7167 7168 7164
f 7164 7168 7165 7161
v 2886.0 2127.0 90
v 2896.0 2127.0 90
v 2896.0 2137.0 90
v 2886.0 2137.0 90
v 2886.0 2127.0 141
v 2896.0 2127.0 141
v 2896.0 2137.0 141
v 2886.0 2137.0 141
f 7169 7170 7171 7172
f 7173 7176 7175 7174
f 7169 7173 7174 7170
f 7170 7174 7175 7171
f 7171 7175 7176 7172
f 7172 7176 7173 7169
v 3200.0 1201.0 4013
v 3210.0 1201.0 4013
v 3210.0 1211.0 4013
v 3200.0 1211.0 4013
v 3200.0 1201.0 4021
v 3210.0 1201.0 4021
v 3210.0 1211.0 4021
v 3200.0 1211.0 4021
f 7177 7178 7179 7180
f 7181 7184 7183 7182
f 7177 7181 7182 7178
f 7178 7182 7183 7179
f 7179 7183 7184 7180
f 7180 7184 7181 7177
v 1181.0 482.0 475
v 1191.0 482.0 475
v 1191.0 492.0 475
v 1181.0 492.0 475
v 1181.0 482.0 507
v 1191.0 482.0 507
v 1191.0 492.0 507
v 1181.0 492.0 507
f 7185 7186 7187 7188
f 7189 7192 7191 7190
f 7185 7189 7190 7186
f 7186 7190 7191 7187
f 7187 7191 7192 7188
f 7188 7192 7189 7185
v 2918.0 3259.0 2549
v 2928.0 3259.0 2549
v 2928.0 3269.0 2549
v 2918.0 3269.0 2549
v 2918.0 3259.0 2589
v 2928.0 3259.0 2589
v 2928.0 3269.0 2589
v 2918.0 3269.0 2589
f 7193 7194 7195 7196
f 7197 7200 7199 7198
f 7193 7197 7198 7194
f 7194 7198 7199 7195
f 7195 7199 7200 7196
f 7196 7200 7197 7193
v 1408.0 768.0 2857
v 1418.0 768.0 2857
v 1418.0 778.0 2857
v 1408.0 778.0 2857
v 1408.0 768.0 2865
v 1418.0 768.0 2865
v 1418.0 778.0 2865
v 1408.0 778.0 2865
f 7201 7202 7203 7204
f 7205 7208 7207 7206
f 7201 7205 7206 7202
f 7202 7206 7207 7203
f 7203 7207 7208 7204
f 7204 7208 7205 7201
v 3070.0 4143.0 4028
v 3080.0 4143.0 4028
v 3080.0 4153.0 4028
v 3070.0 4153.0 4028
v 3070.0 4143.0 4090
v 3080.0 4143.0 4090
v 3080.0 4153.0 4090
v 3070.0 4153.0 4090
f 7209 7210 7211 7212
f 7213 7216 7215 7214
f 7209 7213 7214 7210
f 7210 7214 7215 7211
f 7211 7215 7216 7212
f 7212 7216 7213 7209
v 2468.0 3513.0 2298
v 2478.0 3513.0 2298
v 2478.0 3523.0 2298
v 2468.0 3523.0 2298
v 2468.0 3513.0 2351
v 2478.0 3513.0 2351
v 2478.0 3523.0 2351
v 2468.0 3523.0 2351
f 7217 7218 7219 7220
f 7221 7224 7223 7222
f 7217 7221 7222 7218
f 7218 7222 7223 7219
f 7219 7223 7224 7220
f 7220 7224 7221 7217
v 4879.0 484.0 923
v 4889.0 484.0 923
v 4889.0 494.0 923
v 4879.0 494.0 923
v 4879.0 484.0 1008
v 4889.0 484.0 1008
v 4889.0 494.0 1008
v 4879.0 494.0 1008
f 7225 7226 7227 7228
f 7229 7232 7231 7230
f 7225 7229 7230 7226
f 7226 7230 7231 7227
f 7227 7231 7232 7228
f 7228 7232 7229 7225
v 4835.0 2378.0 2054
v 4845.0 2378.0 2054
v 4845.0 2388.0 2054
v 4835.0 2388.0 2054
v 4835.0 2378.0 2095
v 4845.0 2378.0 2095
v 4845.0 2388.0 2095
v 4835.0 2388.0 2095
f 7233 7234 7235 7236
f 7237 7240 7239 7238
f 7233 7237 7238 7234
f 7234 7238 7239 7235
f 7235 7239 7240 7236
f 7236 7240 7237 7233
v 2718.0 1943.0 3565
v 2728.0 1943.0 3565
v 2728.0 1953.0 3565
v 2718.0 1953.0 3565
v 2718.0 1943.0 3599
v 2728.0 1943.0 3599
v 2728.0 1953.0 3599
v 2718.0 1953.0 3599
f 7241 7242 7243 7244
f 7245 7248 7247 7246
f 7241 7245 7246 7242
f 7242 7246 7247 7243
f 7243 7247 7248 7244
f 7244 7248 7245 7241
v 2277.0 3383.0 830
v 2287.0 3383.0 830
v 2287.0 3393.0 830
v 2277.0 3393.0 830
v 2277.0 3383.0 854
v 2287.0 3383.0 854
v 2287.0 3393.0 854
v 2277.0 3393.0 854
f 7249 7250 7251 7252
f 7253 7256 7255 7254
f 7249 7253 7254 7250
f 7250 7254 7255 7251
f 7251 7255 7256 7252
f 7252 7256 7253 7249
v 412.0 1973.0 1846
v 422.0 1973.0 1846
v 422.0 1983.0 1846
v 412.0 1983.0 1846
v 412.0 1973.0 1902
v 422.0 1973.0 1902
v 422.0 1983.0 1902
v 412.0 1983.0 1902
f 7257 7258 7259 7260
f 7261 7264 7263 7262
f 7257 7261 7262 7258
f 7258 7262 7263 7259
f 7259 7263 7264 7260
f 7260 7264 7261 7257
v 2966.0 3310.0 791
v 2976.0 3310.0 791
v 2976.0 3320.0 791
v 2966.0 3320.0 791
v 2966.0 3310.0 802
v 2976.0 3310.0 802
v 2976.0 3320.0 802
v 2966.0 3320.0 802
f 7265 7266 7267 7268
f 7269 7272 7271 7270
f 7265 7269 7270 7266
f 7266 7270 7271 7267
f 7267 7271 7272 7268
f 7268 7272 7269 7265
v 605.0 436.0 4672
v 615.0 436.0 4672
v 615.0 446.0 4672
v 605.0 446.0 4672
v 605.0 436.0 4706
v 615.0 436.0 4706
v 615.0 446.0 4706
v 605.0 446.0 4706
f 7273 7274 7275 7276
f 7277 7280 7279 7278
f 7273 7277 7278 7274
f 7274 7278 7279 7275
f 7275 7279 7280 7276
f 7276 7280 7277 7273
v 4455.0 3972.0 1098
v 4465.0 3972.0 1098
v 4465.0 3982.0 1098
v 4455.0 3982.0 1098
v 4455.0 3972.0 1170
v 4465.0 3972.0 1170
v 4465.0 3982.0 1170
v 4455.0 3982.0 1170
f 7281 7282 7283 7284
f 7285 7288 7287 7286
f 7281 7285 7286 7282
f 7282 7286 7287 7283
f 7283 7287 7288 7284
f 7284 7288 7285 7281
v 4115.0 3432.0 2044
v 4125.0 3432.0 2044
v 4125.0 3442.0 2044
v 4115.0 3442.0 2044
v 4115.0 3432.0 2129
v 4125.0 3432.0 2129
v 4125.0 3442.0 2129
v 4115.0 3442.0 2129
f 7289 7290 7291 7292
f 7293 7296 7295 7294
f 7289 7293 7294 7290
f 7290 7294 7295 7291
f 7291 7295 7296 7292
f 7292 7296 7293 7289
v 4440.0 513.0 4904
v 4450.0 513.0 4904
v 4450.0 523.0 4904
v 4440.0 523.0 4904
v 4440.0 513.0 4916
v 4450.0 513.0 4916
v 4450.0 523.0 4916
v 4440.0 523.0 4916
f 7297 7298 7299 7300
f 7301 7304 7303 7302
f 7297 7301 7302 7298
f 7298 7302 7303 7299
f 7299 7303 7304 7300
f 7300 7304 7301 7297
v 2726.0 2983.0 3938
v 2736.0 2983.0 3938
v 2736.0 2993.0 3938
v 2726.0 2993.0 3938
v 2726.0 2983.0 4017
v 2736.0 2983.0 4017
v 2736.0 2993.0 4017
v 2726.0 2993.0 4017
f 7305 7306 7307 7308
f 7309 7312 7311 7310
f 7305 7309 7310 7306
f 7306 7310 7311 7307
f 7307 7311 7312 7308
f 7308 7312 7309 7305
v 2782.0 3552.0 4579
v 2792.0 3552.0 4579
v 2792.0 3562.0 4579
v 2782.0 3562.0 4579
v 2782.0 3552.0 4596
v 2792.0 3552.0 4596
v 2792.0 3562.0 4596
v 2782.0 3562.0 4596
f 7313 7314 7315 7316
f 7317 7320 7319 7318
f 7313 7317 7318 7314
f 7314 7318 7319 7315
f 7315 7319 7320 7316
f 7316 7320 7317 7313
v 1767.0 2965.0 3345
v 1777.0 2965.0 3345
v 1777.0 2975.0 3345
v 1767.0 2975.0 3345
v 1767.0 2965.0 3431
v 1777.0 2965.0 3431
v 1777.0 2975.0 3431
v 1767.0 2975.0 3431
f 7321 7322 7323 7324
f 7325 7328 7327 7326
f 7321 7325 7326 7322
f 7322 7326 7327 7323
f 7323 7327 7328 7324
f 7324 7328 7325 7321
v 3222.0 516.0 4231
v 3232.0 516.0 4231
v 3232.0 526.0 4231
v 3222.0 526.0 4231
v 3222.0 516.0 4264
v 3232.0 516.0 4264
v 3232.0 526.0 4264
v 3222.0 526.0 4264
f 7329 7330 7331 7332
f 7333 7336 7335 7334
f 7329 7333 7334 7330
f 7330 7334 7335 7331
f 7331 7335 7336 7332
f 7332 7336 7333 7329
v 3366.0 709.0 2542
v 3376.0 709.0 2542
v 3376.0 719.0 2542
v 3366.0 719.0 2542
v 3366.0 709.0 2563
v 3376.0 709.0 2563
v 3376.0 719.0 2563
v 3366.0 719.0 2563
f 7337 7338 7339 7340
f 7341 7344 7343 7342
f 7337 7341 7342 7338
f 7338 7342 7343 7339
f 7339 7343 7344 7340
f 7340 7344 7341 7337
v 1298.0 1624.0 1944
v 1308.0 1624.0 1944
v 1308.0 1634.0 1944
v 1298.0 1634.0 1944
v 1298.0 1624.0 2042
v 1308.0 1624.0 2042
v 1308.0 1634.0 2042
v 1298.0 1634.0 2042
f 7345 7346 7347 7348
f 7349 7352 7351 7350
f 7345 7349 7350 7346
f 7346 7350 7351 7347
f 7347 7351 7352 7348
f 7348 7352 7349 7345
v 872.0 4045.0 4619
v 882.0 4045.0 4619
v 882.0 4055.0 4619
v 872.0 4055.0 4619
v 872.0 4045.0 4718
v 882.0 4045.0 4718
v 882.0 4055.0 4718
v 872.0 4055.0 4718
f 7353 7354 7355 7356
f 7357 7360 7359 7358
f 7353 7357 7358 7354
f 7354 7358 7359 7355
f 7355 7359 7360 7356
f 7356 7360 7357 7353
v 296.0 2911.0 1733
v 306.0 2911.0 1733
v 306.0 2921.0 1733
v 296.0 2921.0 1733
v 296.0 2911.0 1802
v 306.0 2911.0 1802
v 306.0 2921.0 1802
v 296.0 2921.0 1802
f 7361 7362 7363 7364
f 7365 7368 7367 7366
f 7361 7365 7366 7362
f 7362 7366 7367 7363
f 7363 7367 7368 7364
f 7364 7368 7365 7361
v 4578.0 4053.0 3879
v 4588.0 4053.0 3879
v 4588.0 4063.0 3879
v 4578.0 4063.0 3879
v 4578.0 4053.0 3883
v 4588.0 4053.0 3883
v 4588.0 4063.0 3883
v 4578.0 4063.0 3883
f 7369 7370 7371 7372
f 7373 7376 7375 7374
f 7369 7373 7374 7370
f 7370 7374 7375 7371
f 7371 7375 7376 7372
f 7372 7376 7373 7369
v 4818.0 2686.0 387
v 4828.0 2686.0 387
v 4828.0 2696.0 387
v 4818.0 2696.0 387
v 4818.0 2686.0 486
v 4828.0 2686.0 486
v 4828.0 2696.0 486
v 4818.0 2696.0 486
f 7377 7378 7379 7380
f 7381 7384 7383 7382
f 7377 7381 7382 7378
f 7378 7382 7383 7379
f 7379 7383 7384 7380
f 7380 7384 7381 7377
v 836.0 3622.0 3739
v 846.0 3622.0 3739
v 846.0 3632.0 3739
v 836.0 3632.0 3739
v 836.0 3622.0 3774
v 846.0 3622.0 3774
v 846.0 3632.0 3774
v 836.0 3632.0 3774
f 7385 7386 7387 7388
f 7389 7392 7391 7390
f 7385 7389 7390 7386
f 7386 7390 7391 7387
f 7387 7391 7392 7388
f 7388 7392 7389 7385
v 3272.0 163.0 3661
v 3282.0 163.0 3661
v 3282.0 173.0 3661
v 3272.0 173.0 3661
v 3272.0 163.0 3717
v 3282.0 163.0 3717
v 3282.0 173.0 3717
v 3272.0 173.0 3717
f 7393 7394 7395 7396
f 7397 7400 7399 7398
f 7393 7397 7398 7394
f 7394 7398 7399 7395
f 7395 7399 7400 7396
f 7396 7400 7397 7393
v 1100.0 4753.0 4410
v 1110.0 4753.0 4410
v 1110.0 4763.0 4410
v 1100.0 4763.0 4410
v 1100.0 4753.0 4485
v 1110.0 4753.0 4485
v 1110.0 4763.0 4485
v 1100.0 4763.0 4485
f 7401 7402 7403 7404
f 7405 7408 7407 7406
f 7401 7405 7406 7402
f 7402 7406 7407 7403
f 7403 7407 7408 7404
f 7404 7408 7405 7401
v 514.0 1037.0 2059
v 524.0 1037.0 2059
v 524.0 1047.0 2059
v 514.0 1047.0 2059
v 514.0 1037.0 2111
v 524.0 1037.0 2111
v 524.0 1047.0 2111
v 514.0 1047.0 2111
f 7409 7410 7411 7412
f 7413 7416 7415 7414
f 7409 7413 7414 7410
f 7410 7414 7415 7411
f 7411 7415 7416 7412
f 7412 7416 7413 7409
v 4678.0 4734.0 2264
v 4688.0 4734.0 2264
v 4688.0 4744.0 2264
v 4678.0 4744.0 2264
v 4678.0 4734.0 2360
v 4688.0 4734.0 2360
v 4688.0 4744.0 2360
v 4678.0 4744.0 2360
f 7417 7418 7419 7420
f 7421 7424 7423 7422
f 7417 7421 7422 7418
f 7418 7422 7423 7419
f 7419 7423 7424 7420
f 7420 7424 7421 7417
v 4490.0 457.0 4518
v 4500.0 457.0 4518
v 4500.0 467.0 4518
v 4490.0 467.0 4518
v 4490.0 457.0 4594
v 4500.0 457.0 4594
v 4500.0 467.0 4594
v 4490.0 467.0 4594
f 7425 7426 7427 7428
f 7429 7432 7431 7430
f 7425 7429 7430 7426
f 7426 7430 7431 7427
f 7427 7431 7432 7428
f 7428 7432 7429 7425
v 1578.0 2590.0 567
v 1588.0 2590.0 567
v 1588.0 2600.0 567
v 1578.0 2600.0 567
v 1578.0 2590.0 649
v 1588.0 2590.0 649
v 1588.0 2600.0 649
v 1578.0 2600.0 649
f 7433 7434 7435 7436
f 7437 7440 7439 7438
f 7433 7437 7438 7434
f 7434 7438 7439 7435
f 7435 7439 7440 7436
f 7436 7440 7437 7433
v 1970.0 2884.0 4831
v 1980.0 2884.0 4831
v 1980.0 2894.0 4831
v 1970.0 2894.0 4831
v 1970.0 2884.0 4844
v 1980.0 2884.0 4844
v 1980.0 2894.0 4844
v 1970.0 2894.0 4844
f 7441 7442 7443 7444
f 7445 7448 7447 7446
f 7441 7445 7446 7442
f 7442 7446 7447 7443
f 7443 7447 7448 7444
f 7444 7448 7445 7441
v 3163.0 4559.0 3675
v 3173.0 4559.0 3675
v 3173.0 4569.0 3675
v 3163.0 4569.0 3675
v 3163.0 4559.0 3716
v 3173.0 4559.0 3716
v 3173.0 4569.0 3716
v 3163.0 4569.0 3716
f 7449 7450 7451 7452
f 7453 7456 7455 7454
f 7449 7453 7454 7450
f 7450 7454 7455 7451
f 7451 7455 7456 7452
f 7452 7456 7453 7449
v 2935.0 3358.0 569
v 2945.0 3358.0 569
v 2945.0 3368.0 569
v 2935.0 3368.0 569
v 2935.0 3358.0 664
v 2945.0 3358.0 664
v 2945.0 3368.0 664
v 2935.0 3368.0 664
f 7457 7458 7459 7460
f 7461 7464 7463 7462
f 7457 7461 7462 7458
f 7458 7462 7463 7459
f 7459 7463 7464 7460
f 7460 7464 7461 7457
v 4617.0 3405.0 4365
v 4627.0 3405.0 4365
v 4627.0 3415.0 4365
v 4617.0 3415.0 4365
v 4617.0 3405.0 4451
v 4627.0 3405.0 4451
v 4627.0 3415.0 4451
v 4617.0 3415.0 4451
f 7465 7466 7467 7468
f 7469 7472 7471 7470
f 7465 7469 7470 7466
f 7466 7470 7471 7467
f 7467 7471 7472 7468
f 7468 7472 7469 7465
v 3045.0 794.0 3899
v 3055.0 794.0 3899
v 3055.0 804.0 3899
v 3045.0 804.0 3899
v 3045.0 794.0 3903
v 3055.0 794.0 3903
v 3055.0 804.0 3903
v 3045.0 804.0 3903
f 7473 7474 7475 7476
f 7477 7480 7479 7478
f 7473 7477 7478 7474
f 7474 7478 7479 7475
f 7475 7479 7480 7476
f 7476 7480 7477 7473
v 1972.0 3288.0 1764
v 1982.0 3288.0 1764
v 1982.0 3298.0 1764
v 1972.0 3298.0 1764
v 1972.0 3288.0 1768
v 1982.0 3288.0 1768
v 1982.0 3298.0 1768
v 1972.0 3298.0 1768
f 7481 7482 7483 7484
f 7485 7488 7487 7486
f 7481 7485 7486 7482
f 7482 7486 7487 7483
f 7483 7487 7488 7484
f 7484 7488 7485 7481
v 3957.0 760.0 1049
v 3967.0 760.0 1049
v 3967.0 770.0 1049
v 3957.0 770.0 1049
v 3957.0 760.0 1149
v 3967.0 760.0 1149
v 3967.0 770.0 1149
v 3957.0 770.0 1149
f 7489 7490 7491 7492
f 7493 7496 7495 7494
f 7489 7493 7494 7490
f 7490 7494 7495 7491
f 7491 7495 7496 7492
f 7492 7496 7493 7489
v 3404.0 2062.0 3584
v 3414.0 2062.0 3584
v 3414.0 2072.0 3584
v 3404.0 2072.0 3584
v 3404.0 2062.0 3594
v 3414.0 2062.0 3594
v 3414.0 2072.0 3594
v 3404.0 2072.0 3594
f 7497 7498 7499 7500
f 7501 7504 7503 7502
f 7497 7501 7502 7498
f 7498 7502 7503 7499
f 7499 7503 7504 7500
f 7500 7504 7501 7497
v 3450.0 4730.0 3174
v 3460.0 4730.0 3174
v 3460.0 4740.0 3174
v 3450.0 4740.0 3174
v 3450.0 4730.0 3260
v 3460.0 4730.0 3260
v 3460.0 4740.0 3260
v 3450.0 4740.0 3260
f 7505 7506 7507 7508
f 7509 7512 7511 7510
f 7505 7509 7510 7506
f 7506 7510 7511 7507
f 7507 7511 7512 7508
f 7508 7512 7509 7505
v 825.0 4633.0 4412
v 835.0 4633.0 4412
v 835.0 4643.0 4412
v 825.0 4643.0 4412
v 825.0 4633.0 4477
v 835.0 4633.0 4477
v 835.0 4643.0 4477
v 825.0 4643.0 4477
f 7513 7514 7515 7516
f 7517 7520 7519 7518
f 7513 7517 7518 7514
f 7514 7518 7519 7515
f 7515 7519 7520 7516
f 7516 7520 7517 7513
v 3090.0 2806.0 2132
v 3100.0 2806.0 2132
v 3100.0 2816.0 2132
v 3090.0 2816.0 2132
v 3090.0 2806.0 2204
v 3100.0 2806.0 2204
v 3100.0 2816.0 2204
v 3090.0 2816.0 2204
f 7521 7522 7523 7524
f 7525 7528 7527 7526
f 7521 7525 7526 7522
f 7522 7526 7527 7523
f 7523 7527 7528 7524
f 7524 7528 7525 7521
v 2140.0 838.0 2257
v 2150.0 838.0 2257
v 2150.0 848.0 2257
v 2140.0 848.0 2257
v 2140.0 838.0 2354
v 2150.0 838.0 2354
v 2150.0 848.0 2354
v 2140.0 848.0 2354
f 7529 7530 7531 7532
f 7533 7536 7535 7534
f 7529 7533 7534 7530
f 7530 7534 7535 7531
f 7531 7535 7536 7532
f 7532 7536 7533 7529
v 2310.0 4131.0 866
v 2320.0 4131.0 866
v 2320.0 4141.0 866
v 2310.0 4141.0 866
v 2310.0 4131.0 890
v 2320.0 4131.0 890
v 2320.0 4141.0 890
v 2310.0 4141.0 890
f 7537 7538 7539 7540
f 7541 7544 7543 7542
f 7537 7541 7542 7538
f 7538 7542 7543 7539
f 7539 7543 7544 7540
f 7540 7544 7541 7537
v 4692.0 4300.0 208
v 4702.0 4300.0 208
v 4702.0 4310.0 208
v 4692.0 4310.0 208
v 4692.0 4300.0 234
v 4702.0 4300.0 234
v 4702.0 4310.0 234
v 4692.0 4310.0 234
f 7545 7546 7547 7548
f 7549 7552 7551 7550
f 7545 7549 7550 7546
f 7546 7550 7551 7547
f 7547 7551 7552 7548
f 7548 7552 7549 7545
v 2438.0 2253.0 3303
v 2448.0 2253.0 3303
v 2448.0 2263.0 3303
v 2438.0 2263.0 3303
v 2438.0 2253.0 3322
v 2448.0 2253.0 3322
v 2448.0 2263.0 3322
v 2438.0 2263.0 3322
f 7553 7554 7555 7556
f 7557 7560 7559 7558
f 7553 7557 7558 7554
f 7554 7558 7559 7555
f 7555 7559 7560 7556
f 7556 7560 7557 7553
v 1357.0 2704.0 3880
v 1367.0 2704.0 3880
v 1367.0 2714.0 3880
v 1357.0 2714.0 3880
v 1357.0 2704.0 3927
v 1367.0 2704.0 3927
v 1367.0 2714.0 3927
v 1357.0 2714.0 3927
f 7561 7562 7563 7564
f 7565 7568 7567 7566
f 7561 7565 7566 7562
f 7562 7566 7567 7563
f 7563 7567 7568 7564
f 7564 7568 7565 7561
v 3746.0 388.0 2429
v 3756.0 388.0 2429
v 3756.0 398.0 2429
v 3746.0 398.0 2429
v 3746.0 388.0 2448
v 3756.0 388.0 2448
v 3756.0 398.0 2448
v 3746.0 398.0 2448
f 7569 7570 7571 7572
f 7573 7576 7575 7574
f 7569 7573 7574 7570
f 7570 7574 7575 7571
f 7571 7575 7576 7572
f 7572 7576 7573 7569
v 2949.0 1531.0 3562
v 2959.0 1531.0 3562
v 2959.0 1541.0 3562
v 2949.0 1541.0 3562
v 2949.0 1531.0 3590
v 2959.0 1531.0 3590
v 2959.0 1541.0 3590
v 2949.0 1541.0 3590
f 7577 7578 7579 7580
f 7581 7584 7583 7582
f 7577 7581 7582 7578
f 7578 7582 7583 7579
f 7579 7583 7584 7580
f 7580 7584 7581 7577
v 91.0 2746.0 697
v 101.0 2746.0 697
v 101.0 2756.0 697
v 91.0 2756.0 697
v 91.0 2746.0 720
v 101.0 2746.0 720
v 101.0 2756.0 720
v 91.0 2756.0 720
f 7585 7586 7587 7588
f 7589 7592 7591 7590
f 7585 7589 7590 7586
f 7586 7590 7591 7587
f 7587 7591 7592 7588
f 7588 7592 7589 7585
v 685.0 1027.0 4891
v 695.0 1027.0 4891
v 695.0 1037.0 4891
v 685.0 1037.0 4891
v 685.0 1027.0 4931
v 695.0 1027.0 4931
v 695.0 1037.0 4931
v 685.0 1037.0 4931
f 7593 7594 7595 7596
f 7597 7600 7599 7598
f 7593 7597 7598 7594
f 7594 7598 7599 7595
f 7595 7599 7600 7596
f 7596 7600 7597 7593
v 4249.0 3340.0 214
v 4259.0 3340.0 214
v 4259.0 3350.0 214
v 4249.0 3350.0 214
v 4249.0 3340.0 255
v 4259.0 3340.0 255
v 4259.0 3350.0 255
v 4249.0 3350.0 255
f 7601 7602 7603 7604
f 7605 7608 7607 7606
f 7601 7605 7606 7602
f 7602 7606 7607 7603
f 7603 7607 7608 7604
f 7604 7608 7605 7601
v 2397.0 4920.0 1764
v 2407.0 4920.0 1764
v 2407.0 4930.0 1764
v 2397.0 4930.0 1764
v 2397.0 4920.0 1811
v 2407.0 4920.0 1811
v 2407.0 4930.0 1811
v 2397.0 4930.0 1811
f 7609 7610 7611 7612
f 7613 7616 7615 7614
f 7609 7613 7614 7610
f 7610 7614 7615 7611
f 7611 7615 7616 7612
f 7612 7616 7613 7609
v 2190.0 3.0 977
v 2200.0 3.0 977
v 2200.0 13.0 977
v 2190.0 13.0 977
v 2190.0 3.0 1077
v 2200.0 3.0 1077
v 2200.0 13.0 1077
v 2190.0 13.0 1077
f 7617 7618 7619 7620
f 7621 7624 7623 7622
f 7617 7621 7622 7618
f 7618 7622 7623 7619
f 7619 7623 7624 7620
f 7620 7624 7621 7617
v 767.0 4416.0 2576
v 777.0 4416.0 2576
v 777.0 4426.0 2576
v 767.0 4426.0 2576
v 767.0 4416.0 2599
v 777.0 4416.0 2599
v 777.0 4426.0 2599
v 767.0 4426.0 2599
f 7625 7626 7627 7628
f 7629 7632 7631 7630
f 7625 7629 7630 7626
f 7626 7630 7631 7627
f 7627 7631 7632 7628
f 7628 7632 7629 7625
v 1870.0 3064.0 3398
v 1880.0 3064.0 3398
v 1880.0 3074.0 3398
v 1870.0 3074.0 3398
v 1870.0 3064.0 3446
v 1880.0 3064.0 3446
v 1880.0 3074.0 3446
v 1870.0 3074.0 3446
f 7633 7634 7635 7636
f 7637 7640 7639 7638
f 7633 7637 7638 7634
f 7634 7638 7639 7635
f 7635 7639 7640 7636
f 7636 7640 7637 7633
v 983.0 857.0 682
v 993.0 857.0 682
v 993.0 867.0 682
v 983.0 867.0 682
v 983.0 857.0 782
v 993.0 857.0 782
v 993.0 867.0 782
v 983.0 867.0 782
f 7641 7642 7643 7644
f 7645 7648 7647 7646
f 7641 7645 7646 7642
f 7642 7646 7647 7643
f 7643 7647 7648 7644
f 7644 7648 7645 7641
v 136.0 76.0 2162
v 146.0 76.0 2162
v 146.0 86.0 2162
v 136.0 86.0 2162
v 136.0 76.0 2261
v 146.0 76.0 2261
v 146.0 86.0 2261
v 136.0 86.0 2261
f 7649 7650 7651 7652
f 7653 7656 7655 7654
f 7649 7653 7654 7650
f 7650 7654 7655 7651
f 7651 7655 7656 7652
f 7652 7656 7653 7649
v 4104.0 1422.0 1217
v 4114.0 1422.0 1217
v 4114.0 1432.0 1217
v 4104.0 1432.0 1217
v 4104.0 1422.0 1296
v 4114.0 1422.0 1296
v 4114.0 1432.0 1296
v 4104.0 1432.0 1296
f 7657 7658 7659 7660
f 7661 7664 7663 7662
f 7657 7661 7662 7658
f 7658 7662 7663 7659
f 7659 7663 7664 7660
f 7660 7664 7661 7657
v 193.0 681.0 4264
v 203.0 681.0 4264
v 203.0 691.0 4264
v 193.0 691.0 4264
v 193.0 681.0 4278
v 203.0 681.0 4278
v 203.0 691.0 4278
v 193.0 691.0 4278
f 7665 7666 7667 7668
f 7669 7672 7671 7670
f 7665 7669 7670 7666
f 7666 7670 7671 7667
f 7667 7671 7672 7668
f 7668 7672 7669 7665
v 3996.0 920.0 2189
v 4006.0 920.0 2189
v 4006.0 930.0 2189
v 3996.0 930.0 2189
v 3996.0 920.0 2257
v 4006.0 920.0 2257
v 4006.0 930.0 2257
v 3996.0 930.0 2257
f 7673 7674 7675 7676
f 7677 7680 7679 7678
f 7673 7677 7678 7674
f 7674 7678 7679 7675
f 7675 7679 7680 7676
f 7676 7680 7677 7673
v 4129.0 4496.0 2721
v 4139.0 4496.0 2721
v 4139.0 4506.0 2721
v 4129.0 4506.0 2721
v 4129.0 4496.0 2805
v 4139.0 4496.0 2805
v 4139.0 4506.0 2805
v 4129.0 4506.0 2805
f 7681 7682 7683 7684
f 7685 7688 7687 7686
f 7681 7685 7686 7682
f 7682 7686 7687 7683
f 7683 7687 7688 7684
f 7684 7688 7685 7681
v 2479.0 3094.0 196
v 2489.0 3094.0 196
v 2489.0 3104.0 196
v 2479.0 3104.0 196
v 2479.0 3094.0 281
v 2489.0 3094.0 281
v 2489.0 3104.0 281
v 2479.0 3104.0 281
f 7689 7690 7691 7692
f 7693 7696 7695 7694
f 7689 7693 7694 7690
f 7690 7694 7695 7691
f 7691 7695 7696 7692
f 7692 7696 7693 7689
v 464.0 693.0 3452
v 474.0 693.0 3452
v 474.0 703.0 3452
v 464.0 703.0 3452
v 464.0 693.0 3464
v 474.0 693.0 3464
v 474.0 703.0 3464
v 464.0 703.0 3464
f 7697 7698 7699 7700
f 7701 7704 7703 7702
f 7697 7701 7702 7698
f 7698 7702 7703 7699
f 7699 7703 7704 7700
f 7700 7704 7701 7697
v 4271.0 82.0 2186
v 4281.0 82.0 2186
v 4281.0 92.0 2186
v 4271.0 92.0 2186
v 4271.0 82.0 2256
v 4281.0 82.0 2256
v 4281.0 92.0 2256
v 4271.0 92.0 2256
f 7705 7706 7707 7708
f 7709 7712 7711 7710
f 7705 7709 7710 7706
f 7706 7710 7711 7707
f 7707 7711 7712 7708
f 7708 7712 7709 7705
v 563.0 964.0 1252
v 573.0 964.0 1252
v 573.0 974.0 1252
v 563.0 974.0 1252
v 563.0 964.0 1288
v 573.0 964.0 1288
v 573.0 974.0 1288
v 563.0 974.0 1288
f 7713 7714 7715 7716
f 7717 7720 7719 7718
f 7713 7717 7718 7714
f 7714 7718 7719 7715
f 7715 7719 7720 7716
f 7716 7720 7717 7713
v 3961.0 3155.0 2850
v 3971.0 3155.0 2850
v 3971.0 3165.0 2850
v 3961.0 3165.0 2850
v 3961.0 3155.0 2883
v 3971.0 3155.0 2883
v 3971.0 3165.0 2883
v 3961.0 3165.0 2883
f 7721 7722 7723 7724
f 7725 7728 7727 7726
f 7721 7725 7726 7722
f 7722 7726 7727 7723
f 7723 7727 7728 7724
f 7724 7728 7725 7721
v 3825.0 873.0 1289
v 3835.0 873.0 1289
v 3835.0 883.0 1289
v 3825.0 883.0 1289
v 3825.0 873.0 1294
v 3835.0 873.0 1294
v 3835.0 883.0 1294
v 3825.0 883.0 1294
f 7729 7730 7731 7732
f 7733 7736 7735 7734
f 7729 7733 7734 7730
f 7730 7734 7735 7731
f 7731 7735 7736 7732
f 7732 7736 7733 7729
v 3485.0 204.0 4770
v 3495.0 204.0 4770
v 3495.0 214.0 4770
v 3485.0 214.0 4770
v 3485.0 204.0 4792
v 3495.0 204.0 4792
v 3495.0 214.0 4792
v 3485.0 214.0 4792
f 7737 7738 7739 7740
f 7741 7744 7743 7742
f 7737 7741 7742 7738
f 7738 7742 7743 7739
f 7739 7743 7744 7740
f 7740 7744 7741 7737
v 1814.0 3219.0 2058
v 1824.0 3219.0 2058
v 1824.0 3229.0 2058
v 1814.0 3229.0 2058
v 1814.0 3219.0 2140
v 1824.0 3219.0 2140
v 1824.0 3229.0 2140
v 1814.0 3229.0 2140
f 7745 7746 7747 7748
f 7749 7752 7751 7750
f 7745 7749 7750 7746
f 7746 7750 7751 7747
f 7747 7751 7752 7748
f 7748 7752 7749 7745
v 4707.0 3858.0 564
v 4717.0 3858.0 564
v 4717.0 3868.0 564
v 4707.0 3868.0 564
v 4707.0 3858.0 590
v 4717.0 3858.0 590
v 4717.0 3868.0 590
v 4707.0 3868.0 590
f 7753 7754 7755 7756
f 7757 7760 7759 7758
f 7753 7757 7758 7754
f 7754 7758 7759 7755
f 7755 7759 7760 7756
f 7756 7760 7757 7753
v 27.0 3798.0 4876
v 37.0 3798.0 4876
v 37.0 3808.0 4876
v 27.0 3808.0 4876
v 27.0 3798.0 4948
v 37.0 3798.0 4948
v 37.0 3808.0 4948
v 27.0 3808.0 4948
f 7761 7762 7763 7764
f 7765 7768 7767 7766
f 7761 7765 7766 7762
f 7762 7766 7767 7763
f 7763 7767 7768 7764
f 7764 7768 7765 7761
v 4721.0 454.0 1076
v 4731.0 454.0 1076
v 4731.0 464.0 1076
v 4721.0 464.0 1076
v 4721.0 454.0 1155
v 4731.0 454.0 1155
v 4731.0 464.0 1155
v 4721.0 464.0 1155
f 7769 7770 7771 7772
f 7773 7776 7775 7774
f 7769 7773 7774 7770
f 7770 7774 7775 7771
f 7771 7775 7776 7772
f 7772 7776 7773 7769
v 4370.0 2698.0 695
v 4380.0 2698.0 695
v 4380.0 2708.0 695
v 4370.0 2708.0 695
v 4370.0 2698.0 795
v 4380.0 2698.0 795
v 4380.0 2708.0 795
v 4370.0 2708.0 795
f 7777 7778 7779 7780
f 7781 7784 7783 7782
f 7777 7781 7782 7778
f 7778 7782 7783 7779
f 7779 7783 7784 7780
f 7780 7784 7781 7777
v 1805.0 1413.0 446
v 1815.0 1413.0 446
v 1815.0 1423.0 446
v 1805.0 1423.0 446
v 1805.0 1413.0 511
v 1815.0 1413.0 511
v 1815.0 1423.0 511
v 1805.0 1423.0 511
f 7785 7786 7787 7788
f 7789 7792 7791 7790
f 7785 7789 7790 7786
f 7786 7790 7791 7787
f 7787 7791 7792 7788
f 7788 7792 7789 7785
v 39.0 659.0 4573
v 49.0 659.0 4573
v 49.0 669.0 4573
v 39.0 669.0 4573
v 39.0 659.0 4671
v 49.0 659.0 4671
v 49.0 669.0 4671
v 39.0 669.0 4671
f 7793 7794 7795 7796
f 7797 7800 7799 7798
f 7793 7797 7798 7794
f 7794 7798 7799 7795
f 7795 7799 7800 7796
f 7796 7800 7797 7793
v 1267.0 7.0 3868
v 1277.0 7.0 3868
v 1277.0 17.0 3868
v 1267.0 17.0 3868
v 1267.0 7.0 3930
v 1277.0 7.0 3930
v 1277.0 17.0 3930
v 1267.0 17.0 3930
f 7801 7802 7803 7804
f 7805 7808 7807 7806
f 7801 7805 7806 7802
f 7802 7806 7807 7803
f 7803 7807 7808 7804
f 7804 7808 7805 7801
v 4314.0 4353.0 4759
v 4324.0 4353.0 4759
v 4324.0 4363.0 4759
v 4314.0 4363.0 4759
v 4314.0 4353.0 4789
v 4324.0 4353.0 4789
v 4324.0 4363.0 4789
v 4314.0 4363.0 4789
f 7809 7810 7811 7812
f 7813 7816 7815 7814
f 7809 7813 7814 7810
f 7810 7814 7815 7811
f 7811 7815 7816 7812
f 7812 7816 7813 7809
v 2980.0 4542.0 4269
v 2990.0 4542.0 4269
v 2990.0 4552.0 4269
v 2980.0 4552.0 4269
v 2980.0 4542.0 4299
v 2990.0 4542.0 4299
v 2990.0 4552.0 4299
v 2980.0 4552.0 4299
f 7817 7818 7819 7820
f 7821 7824 7823 7822
f 7817 7821 7822 7818
f 7818 7822 7823 7819
f 7819 7823 7824 7820
f 7820 7824 7821 7817
v 4775.0 2535.0 1275
v 4785.0 2535.0 1275
v 4785.0 2545.0 1275
v 4775.0 2545.0 1275
v 4775.0 2535.0 1283
v 4785.0 2535.0 1283
v 4785.0 2545.0 1283
v 4775.0 2545.0 1283
f 7825 7826 7827 7828
f 7829 7832 7831 7830
f 7825 7829 7830 7826
f 7826 7830 7831 7827
f 7827 7831 7832 7828
f 7828 7832 7829 7825
v 1433.0 2009.0 188
v 1443.0 2009.0 188
v 1443.0 2019.0 188
v 1433.0 2019.0 188
v 1433.0 2009.0 272
v 1443.0 2009.0 272
v 1443.0 2019.0 272
v 1433.0 2019.0 272
f 7833 7834 7835 7836
f 7837 7840 7839 7838
f 7833 7837 7838 7834
f 7834 7838 7839 7835
f 7835 7839 7840 7836
f 7836 7840 7837 7833
v 3324.0 2028.0 2279
v 3334.0 2028.0 2279
v 3334.0 2038.0 2279
v 3324.0 2038.0 2279
v 3324.0 2028.0 2307
v 3334.0 2028.0 2307
v 3334.0 2038.0 2307
v 3324.0 2038.0 2307
f 7841 7842 7843 7844
f 7845 7848 7847 7846
f 7841 7845 7846 7842
f 7842 7846 7847 7843
f 7843 7847 7848 7844
f 7844 7848 7845 7841
v 770.0 3434.0 1316
v 780.0 3434.0 1316
v 780.0 3444.0 1316
v 770.0 3444.0 1316
v 770.0 3434.0 1353
v 780.0 3434.0 1353
v 780.0 3444.0 1353
v 770.0 3444.0 1353
f 7849 7850 7851 7852
f 7853 7856 7855 7854
f 7849 7853 7854 7850
f 7850 7854 7855 7851
f 7851 7855 7856 7852
f 7852 7856 7853 7849
v 1661.0 3817.0 254
v 1671.0 3817.0 254
v 1671.0 3827.0 254
v 1661.0 3827.0 254
v 1661.0 3817.0 283
v 1671.0 3817.0 283
v 1671.0 3827.0 283
v 1661.0 3827.0 283
f 7857 7858 7859 7860
f 7861 7864 7863 7862
f 7857 7861 7862 7858
f 7858 7862 7863 7859
f 7859 7863 7864 7860
f 7860 7864 7861 7857
v 2752.0 1956.0 4481
v 2762.0 1956.0 4481
v 2762.0 1966.0 4481
v 2752.0 1966.0 4481
v 2752.0 1956.0 4536
v 2762.0 1956.0 4536
v 2762.0 1966.0 4536
v 2752.0 1966.0 4536
f 7865 7866 7867 7868
f 7869 7872 7871 7870
f 7865 7869 7870 7866
f 7866 7870 7871 7867
f 7867 7871 7872 7868
f 7868 7872 7869 7865
v 166.0 2173.0 4695
v 176.0 2173.0 4695
v 176.0 2183.0 4695
v 166.0 2183.0 4695
v 166.0 2173.0 4791
v 176.0 2173.0 4791
v 176.0 2183.0 4791
v 166.0 2183.0 4791
f 7873 7874 7875 7876
f 7877 7880 7879 7878
f 7873 7877 7878 7874
f 7874 7878 7879 7875
f 7875 7879 7880 7876
f 7876 7880 7877 7873
v 1015.0 2586.0 3839
v 1025.0 2586.0 3839
v 1025.0 2596.0 3839
v 1015.0 2596.0 3839
v 1015.0 2586.0 3897
v 1025.0 2586.0 3897
v 1025.0 2596.0 3897
v 1015.0 2596.0 3897
f 7881 7882 7883 7884
f 7885 7888 7887 7886
f 7881 7885 7886 7882
f 7882 7886 7887 7883
f 7883 7887 7888 7884
f 7884 7888 7885 7881
v 4922.0 4559.0 4873
v 4932.0 4559.0 4873
v 4932.0 4569.0 4873
v 4922.0 4569.0 4873
v 4922.0 4559.0 4879
v 4932.0 4559.0 4879
v 4932.0 4569.0 4879
v 4922.0 4569.0 4879
f 7889 7890 7891 7892
f 7893 7896 7895 7894
f 7889 7893 7894 7890
f 7890 7894 7895 7891
f 7891 7895 7896 7892
f 7892 7896 7893 7889
v 4426.0 247.0 3841
v 4436.0 247.0 3841
v 4436.0 257.0 3841
v 4426.0 257.0 3841
v 4426.0 247.0 3923
v 4436.0 247.0 3923
v 4436.0 257.0 3923
v 4426.0 257.0 3923
f 7897 7898 7899 7900
f 7901 7904 7903 7902
f 7897 7901 7902 7898
f 7898 7902 7903 7899
f 7899 7903 7904 7900
f 7900 7904 7901 7897
v 608.0 1219.0 3025
v 618.0 1219.0 3025
v 618.0 1229.0 3025
v 608.0 1229.0 3025
v 608.0 1219.0 3104
v 618.0 1219.0 3104
v 618.0 1229.0 3104
v 608.0 1229.0 3104
f 7905 7906 7907 7908
f 7909 7912 7911 7910
f 7905 7909 7910 7906
f 7906 7910 7911 7907
f 7907 7911 7912 7908
f 7908 7912 7909 7905
v 3629.0 2676.0 535
v 3639.0 2676.0 535
v 3639.0 2686.0 535
v 3629.0 2686.0 535
v 3629.0 2676.0 593
v 3639.0 2676.0 593
v 3639.0 2686.0 593
v 3629.0 2686.0 593
f 7913 7914 7915 7916
f 7917 7920 7919 7918
f 7913 7917 7918 7914
f 7914 7918 7919 7915
f 7915 7919 7920 7916
f 7916 7920 7917 7913
v 4089.0 3096.0 3325
v 4099.0 3096.0 3325
v 4099.0 3106.0 3325
v 4089.0 3106.0 3325
v 4089.0 3096.0 3340
v 4099.0 3096.0 3340
v 4099.0 3106.0 3340
v 4089.0 3106.0 3340
f 7921 7922 7923 7924
f 7925 7928 7927 7926
f 7921 7925 7926 7922
f 7922 7926 7927 7923
f 7923 7927 7928 7924
f 7924 7928 7925 7921
v 442.0 3484.0 2509
v 452.0 3484.0 2509
v 452.0 3494.0 2509
v 442.0 3494.0 2509
v 442.0 3484.0 2533
v 452.0 3484.0 2533
v 452.0 3494.0 2533
v 442.0 3494.0 2533
f 7929 7930 7931 7932
f 7933 7936 7935 7934
f 7929 7933 7934 7930
f 7930 7934 7935 7931
f 7931 7935 7936 7932
f 7932 7936 7933 7929
v 2994.0 1351.0 1393
v 3004.0 1351.0 1393
v 3004.0 1361.0 1393
v 2994.0 1361.0 1393
v 2994.0 1351.0 1412
v 3004.0 1351.0 1412
v 3004.0 1361.0 1412
v 2994.0 1361.0 1412
f 7937 7938 7939 7940
f 7941 7944 7943 7942
f 7937 7941 7942 7938
f 7938 7942 7943 7939
f 7939 7943 7944 7940
f 7940 7944 7941 7937
v 205.0 801.0 3370
v 215.0 801.0 3370
v 215.0 811.0 3370
v 205.0 811.0 3370
v 205.0 801.0 3447
v 215.0 801.0 3447
v 215.0 811.0 3447
v 205.0 811.0 3447
f 7945 7946 7947 7948
f 7949 7952 7951 7950
f 7945 7949 7950 7946
f 7946 7950 7951 7947
f 7947 7951 7952 7948
f 7948 7952 7949 7945
v 4426.0 2502.0 1855
v 4436.0 2502.0 1855
v 4436.0 2512.0 1855
v 4426.0 2512.0 1855
v 4426.0 2502.0 1891
v 4436.0 2502.0 1891
v 4436.0 2512.0 1891
v 4426.0 2512.0 1891
f 7953 7954 7955 7956
f 7957 7960 7959 7958
f 7953 7957 7958 7954
f 7954 7958 7959 7955
f 7955 7959 7960 7956
f 7956 7960 7957 7953
v 1473.0 2935.0 2252
v 1483.0 2935.0 2252
v 1483.0 2945.0 2252
v 1473.0 2945.0 2252
v 1473.0 2935.0 2254
v 1483.0 2935.0 2254
v 1483.0 2945.0 2254
v 1473.0 2945.0 2254
f 7961 7962 7963 7964
f 7965 7968 7967 7966
f 7961 7965 7966 7962
f 7962 7966 7967 7963
f 7963 7967 7968 7964
f 7964 7968 7965 7961
v 289.0 784.0 720
v 299.0 784.0 720
v 299.0 794.0 720
v 289.0 794.0 720
v 289.0 784.0 794
v 299.0 784.0 794
v 299.0 794.0 794
v 289.0 794.0 794
f 7969 7970 7971 7972
f 7973 7976 7975 7974
f 7969 7973 7974 7970
f 7970 7974 7975 7971
f 7971 7975 7976 7972
f 7972 7976 7973 7969
v 3611.0 2455.0 730
v 3621.0 2455.0 730
v 3621.0 2465.0 730
v 3611.0 2465.0 730
v 3611.0 2455.0 737
v 3621.0 2455.0 737
v 3621.0 2465.0 737
v 3611.0 2465.0 737
f 7977 7978 7979 7980
f 7981 7984 7983 7982
f 7977 7981 7982 7978
f 7978 7982 7983 7979
f 7979 7983 7984 7980
f 7980 7984 7981 7977
v 3055.0 1405.0 147
v 3065.0 1405.0 147
v 3065.0 1415.0 147
v 3055.0 1415.0 147
v 3055.0 1405.0 185
v 3065.0 1405.0 185
v 3065.0 1415.0 185
v 3055.0 1415.0 185
f 7985 7986 7987 7988
f 7989 7992 7991 7990
f 7985 7989 7990 7986
f 7986 7990 7991 7987
f 7987 7991 7992 7988
f 7988 7992 7989 7985
v 3097.0 4213.0 3621
v 3107.0 4213.0 3621
v 3107.0 4223.0 3621
v 3097.0 4223.0 3621
v 3097.0 4213.0 3721
v 3107.0 4213.0 3721
v 3107.0 4223.0 3721
v 3097.0 4223.0 3721
f 7993 7994 7995 7996
f 7997 8000 7999 7998
f 7993 7997 7998 7994
f 7994 7998 7999 7995
f 7995 7999 8000 7996
f 7996 8000 7997 7993
